file,variant,orig_bytes,out_bytes,orig_curve_cmds,out_curve_cmds
advisors/师.svg,oracle,2235,358,14,17
beliefs/阿.svg,bronze,3879,959,59,65
beliefs/埃.svg,seal,3956,553,13,13
beliefs/奥.svg,seal,5085,969,28,40
beliefs/榜.svg,seal,5034,901,21,26
beliefs/宝.svg,oracle,5345,719,26,34
beliefs/碑.svg,seal,4696,846,25,34
beliefs/贝.svg,oracle,3427,565,18,24
beliefs/比.svg,oracle,4320,760,36,43
beliefs/布.svg,bronze,2764,457,15,19
beliefs/财.svg,seal,3364,561,15,15
beliefs/禅.svg,seal,5141,1007,38,56
beliefs/产.svg,bronze,4608,919,44,54
beliefs/唱.svg,seal,3596,706,21,26
beliefs/朝.svg,oracle,5367,1065,50,68
beliefs/忱.svg,seal,4316,709,16,18
beliefs/城.svg,bronze,6863,1217,67,79
beliefs/乘.svg,oracle,3129,404,13,13
beliefs/传.svg,oracle,4971,629,18,23
beliefs/达.svg,oracle,4962,878,40,56
beliefs/大.svg,oracle,2903,343,12,14
beliefs/道.svg,bronze,6684,1069,83,71
beliefs/德.svg,oracle,5828,1010,45,61
beliefs/地.svg,bronze,5173,995,41,56
beliefs/殿.svg,bronze,3823,873,55,62
beliefs/丁.svg,oracle,2500,414,14,16
beliefs/度.svg,oracle,4328,570,20,24
beliefs/锻.svg,seal,5928,953,31,46
beliefs/尔.svg,bronze,4053,756,72,52
beliefs/丰.svg,oracle,2037,354,13,13
beliefs/佛.svg,seal,3792,701,22,30
beliefs/甘.svg,oracle,4897,546,18,23
beliefs/感.svg,bronze,15576,1388,81,79
beliefs/刚.svg,oracle,5418,676,23,26
beliefs/高.svg,oracle,4711,631,25,33
beliefs/隔.svg,seal,4582,949,32,31
beliefs/工.svg,oracle,2634,420,14,15
beliefs/姑.svg,bronze,6250,1072,44,56
beliefs/管.svg,seal,4210,739,23,29
beliefs/光.svg,oracle,5076,465,14,15
beliefs/海.svg,bronze,4642,734,29,43
beliefs/捍.svg,bronze,3390,509,15,18
beliefs/合.svg,oracle,4227,499,20,21
beliefs/河.svg,oracle,2673,358,15,20
beliefs/荷.svg,seal,4770,852,25,36
beliefs/盒.svg,oracle,4227,499,20,21
beliefs/护.svg,seal,6656,1042,30,37
beliefs/笏.svg,seal,3648,654,18,23
beliefs/花.svg,seal,4729,783,27,37
beliefs/化.svg,oracle,3337,787,41,50
beliefs/话.svg,bronze,5382,999,58,63
beliefs/皇.svg,oracle,4797,628,19,24
beliefs/灰.svg,seal,3019,677,21,33
beliefs/回.svg,oracle,3257,456,18,19
beliefs/会.svg,oracle,8247,782,24,31
beliefs/活.svg,seal,5063,870,26,37
beliefs/火.svg,oracle,4855,702,26,35
beliefs/极.svg,seal,4736,737,15,18
beliefs/纪.svg,bronze,2682,717,28,36
beliefs/加.svg,bronze,3251,791,56,63
beliefs/伽.svg,seal,4681,777,23,29
beliefs/匠.svg,seal,2873,617,18,23
beliefs/教.svg,oracle,3957,656,22,32
beliefs/节.svg,bronze,4554,693,23,28
beliefs/界.svg,seal,3234,747,26,33
beliefs/金.svg,bronze,3715,873,59,67
beliefs/经.svg,bronze,4101,784,30,41
beliefs/景.svg,seal,3528,624,20,25
beliefs/径.svg,seal,4161,821,31,42
beliefs/居.svg,bronze,2559,527,19,23
beliefs/聚.svg,seal,5063,943,28,42
beliefs/开.svg,seal,4765,839,25,32
beliefs/克.svg,oracle,2329,433,17,21
beliefs/空.svg,bronze,3144,477,13,13
beliefs/口.svg,oracle,3008,706,29,38
beliefs/跨.svg,seal,4157,756,22,29
beliefs/扩.svg,seal,6373,1044,30,40
beliefs/阔.svg,bronze,6261,1311,56,83
beliefs/拉.svg,seal,3459,602,16,18
beliefs/兰.svg,seal,6216,895,23,27
beliefs/乐.svg,oracle,3683,508,16,16
beliefs/离.svg,bronze,17346,1576,87,93
beliefs/理.svg,bronze,6160,1105,61,65
beliefs/猎.svg,bronze,5732,966,31,43
beliefs/林.svg,oracle,3514,511,15,18
beliefs/灵.svg,bronze,7223,1188,84,70
beliefs/流.svg,bronze,3926,805,37,54
beliefs/芦.svg,seal,7332,1124,30,37
beliefs/鲁.svg,oracle,7431,858,26,36
beliefs/路.svg,bronze,5864,1011,75,53
beliefs/罗.svg,oracle,4555,634,22,28
beliefs/马.svg,oracle,6388,692,19,22
beliefs/梅.svg,bronze,4235,791,41,48
beliefs/蒙.svg,bronze,7026,1248,91,83
beliefs/棉.svg,seal,4456,893,28,35
beliefs/民.svg,oracle,4569,503,16,17
beliefs/冥.svg,seal,3684,722,21,28
beliefs/漠.svg,seal,6790,1102,34,51
beliefs/姆.svg,bronze,4016,856,38,51
beliefs/墓.svg,seal,5697,987,26,33
beliefs/尼.svg,seal,2259,494,15,23
beliefs/念.svg,oracle,5348,885,32,43
beliefs/努.svg,seal,4767,748,20,24
beliefs/女.svg,oracle,2794,391,14,17
beliefs/偶.svg,seal,4140,742,23,26
beliefs/佩.svg,bronze,3826,614,19,23
beliefs/平.svg,bronze,4627,869,43,53
beliefs/骑.svg,bronze,17043,2292,142,189
beliefs/清.svg,bronze,11832,1321,80,83
beliefs/情.svg,seal,4723,738,16,14
beliefs/圈.svg,seal,6308,1096,30,44
beliefs/热.svg,seal,6364,979,29,42
beliefs/日.svg,oracle,3306,472,15,22
beliefs/儒.svg,seal,5257,917,32,43
beliefs/入.svg,oracle,1838,284,12,15
beliefs/塞.svg,oracle,6051,740,30,44
beliefs/桑.svg,oracle,2591,407,12,12
beliefs/扫.svg,bronze,7174,1521,103,131
beliefs/僧.svg,seal,4133,843,28,41
beliefs/沙.svg,bronze,3448,734,36,58
beliefs/什.svg,seal,2229,451,15,22
beliefs/神.svg,bronze,6081,999,78,62
beliefs/生.svg,oracle,2014,365,12,12
beliefs/圣.svg,oracle,4564,493,12,12
beliefs/师.svg,oracle,2235,358,14,17
beliefs/施.svg,seal,4419,739,21,26
beliefs/石.svg,oracle,1691,302,13,15
beliefs/士.svg,bronze,3565,675,66,42
beliefs/世.svg,bronze,3805,661,66,40
beliefs/市.svg,oracle,3562,628,25,36
beliefs/式.svg,seal,2603,500,15,22
beliefs/事.svg,oracle,3432,446,14,15
beliefs/室.svg,oracle,4274,617,19,28
beliefs/收.svg,seal,3893,635,18,22
beliefs/守.svg,oracle,3199,599,23,29
beliefs/首.svg,oracle,8401,691,19,20
beliefs/狩.svg,oracle,4339,518,19,20
beliefs/水.svg,oracle,3839,504,24,32
beliefs/税.svg,seal,4840,797,22,31
beliefs/斯.svg,bronze,4725,1033,64,73
beliefs/寺.svg,bronze,2615,433,15,17
beliefs/稣.svg,bronze,6368,852,25,32
beliefs/俗.svg,bronze,3457,668,28,43
beliefs/所.svg,bronze,3725,974,60,69
beliefs/琐.svg,seal,4077,763,25,31
beliefs/塔.svg,seal,4938,807,25,33
beliefs/太.svg,seal,2222,484,15,18
beliefs/堂.svg,bronze,4490,1054,64,75
beliefs/体.svg,bronze,6148,944,36,45
beliefs/天.svg,oracle,3424,674,29,37
beliefs/统.svg,seal,5023,706,18,20
beliefs/头.svg,bronze,3505,667,27,39
beliefs/图.svg,bronze,7351,1086,48,59
beliefs/徒.svg,oracle,3956,711,29,41
beliefs/团.svg,bronze,7231,1060,48,58
beliefs/万.svg,oracle,2364,298,12,12
beliefs/苇.svg,seal,5031,706,18,15
beliefs/卫.svg,oracle,4334,865,42,58
beliefs/位.svg,bronze,2250,368,13,14
beliefs/文.svg,oracle,3399,456,16,19
beliefs/乌.svg,bronze,3528,494,14,15
beliefs/武.svg,oracle,2522,390,16,18
beliefs/舞.svg,oracle,4257,491,12,12
beliefs/物.svg,oracle,3159,791,40,54
beliefs/西.svg,oracle,6407,689,26,36
beliefs/希.svg,seal,3931,715,22,27
beliefs/锡.svg,oracle,2531,487,22,32
beliefs/习.svg,oracle,5132,561,17,19
beliefs/想.svg,bronze,10991,1209,70,77
beliefs/像.svg,seal,4549,716,17,20
beliefs/新.svg,oracle,5411,606,20,21
beliefs/信.svg,bronze,13189,1529,83,88
beliefs/修.svg,seal,4147,814,27,41
beliefs/巡.svg,bronze,10823,1249,74,87
beliefs/亚.svg,oracle,3450,467,15,15
beliefs/仰.svg,seal,3174,661,19,27
beliefs/养.svg,oracle,3358,501,18,22
beliefs/要.svg,seal,4627,689,19,22
beliefs/耶.svg,bronze,14677,1270,75,81
beliefs/业.svg,bronze,9009,1291,56,70
beliefs/谒.svg,seal,6024,921,24,29
beliefs/一.svg,oracle,1941,564,28,36
beliefs/伊.svg,oracle,3068,499,16,22
beliefs/仪.svg,bronze,5040,663,17,20
beliefs/义.svg,oracle,5199,572,14,14
beliefs/议.svg,bronze,12818,1376,85,89
beliefs/音.svg,bronze,5192,873,74,54
beliefs/印.svg,oracle,3680,405,13,13
beliefs/犹.svg,oracle,5582,614,22,27
beliefs/瑜.svg,seal,4730,859,29,37
beliefs/育.svg,oracle,4153,660,26,36
beliefs/愈.svg,bronze,4805,689,24,33
beliefs/院.svg,seal,4718,838,26,34
beliefs/造.svg,bronze,7194,1055,75,56
beliefs/泽.svg,seal,5846,1003,28,41
beliefs/责.svg,oracle,4521,631,19,23
beliefs/展.svg,seal,5405,895,24,33
beliefs/战.svg,bronze,6502,1186,56,78
beliefs/沼.svg,seal,4569,818,28,40
beliefs/真.svg,bronze,3426,593,21,27
beliefs/争.svg,oracle,3089,428,16,12
beliefs/正.svg,oracle,3815,790,32,42
beliefs/之.svg,oracle,2598,390,13,13
beliefs/职.svg,bronze,7104,1268,49,69
beliefs/殖.svg,seal,3882,732,22,29
beliefs/治.svg,seal,4796,865,28,38
beliefs/众.svg,oracle,4773,662,27,34
beliefs/主.svg,oracle,2096,578,28,38
beliefs/宗.svg,oracle,3425,482,18,23
buildings/阿.svg,bronze,3879,959,59,65
buildings/埃.svg,seal,3956,553,13,13
buildings/奥.svg,seal,5085,969,28,40
buildings/巴.svg,oracle,3277,402,12,12
buildings/坝.svg,seal,5122,857,28,36
buildings/百.svg,oracle,4796,469,15,18
buildings/板.svg,seal,3588,677,20,24
buildings/邦.svg,oracle,3170,489,16,17
buildings/棒.svg,seal,4743,728,17,19
buildings/宝.svg,oracle,5345,719,26,34
buildings/保.svg,oracle,3679,493,14,15
buildings/堡.svg,oracle,3679,493,14,15
buildings/碑.svg,seal,4696,846,25,34
buildings/贝.svg,oracle,3427,565,18,24
buildings/本.svg,bronze,4377,768,37,42
buildings/比.svg,oracle,4320,760,36,43
buildings/必.svg,oracle,1746,277,12,14
buildings/壁.svg,seal,5744,970,29,37
buildings/避.svg,seal,6512,1072,33,46
buildings/兵.svg,oracle,4481,825,36,50
buildings/病.svg,seal,3713,696,21,26
buildings/波.svg,seal,4978,941,30,45
buildings/播.svg,bronze,4848,1020,45,63
buildings/博.svg,bronze,5726,906,73,51
buildings/布.svg,bronze,2764,457,15,19
buildings/部.svg,seal,4858,809,22,28
buildings/采.svg,oracle,4117,504,15,16
buildings/菜.svg,bronze,4895,1010,61,70
buildings/仓.svg,oracle,3346,552,22,29
buildings/察.svg,bronze,4564,903,55,62
buildings/厂.svg,bronze,1035,269,12,12
buildings/场.svg,seal,3655,686,20,27
buildings/车.svg,oracle,7798,929,32,40
buildings/城.svg,bronze,6863,1217,67,79
buildings/持.svg,bronze,3440,764,31,42
buildings/船.svg,bronze,3164,624,24,30
buildings/达.svg,oracle,4962,878,40,56
buildings/大.svg,oracle,2903,343,12,14
buildings/道.svg,bronze,6684,1069,83,71
buildings/德.svg,oracle,5828,1010,45,61
buildings/灯.svg,seal,6628,1169,41,57
buildings/电.svg,bronze,4120,786,33,51
buildings/殿.svg,bronze,3823,873,55,62
buildings/雕.svg,bronze,17901,1466,82,92
buildings/谍.svg,seal,6659,923,21,24
buildings/定.svg,oracle,3217,537,20,26
buildings/动.svg,bronze,6250,1232,72,85
buildings/斗.svg,oracle,1710,327,12,13
buildings/督.svg,seal,4047,824,28,35
buildings/杜.svg,oracle,3913,490,13,13
buildings/度.svg,oracle,4328,570,20,24
buildings/镀.svg,seal,5449,976,31,46
buildings/顿.svg,seal,5102,833,24,31
buildings/俄.svg,seal,3909,604,13,15
buildings/尔.svg,bronze,4053,756,72,52
buildings/发.svg,oracle,2640,367,15,18
buildings/范.svg,bronze,3088,607,22,32
buildings/方.svg,oracle,1997,301,12,12
buildings/坊.svg,seal,2715,504,15,19
buildings/防.svg,seal,3971,673,21,24
buildings/飞.svg,seal,3550,560,14,12
buildings/菲.svg,seal,4902,753,21,28
buildings/分.svg,oracle,3729,788,36,48
buildings/坟.svg,seal,5101,832,27,35
buildings/佛.svg,seal,3792,701,22,30
buildings/服.svg,oracle,3671,569,23,26
buildings/府.svg,bronze,3665,662,16,16
buildings/港.svg,seal,6878,1209,41,55
buildings/高.svg,oracle,4711,631,25,33
buildings/哥.svg,seal,3335,627,20,25
buildings/歌.svg,bronze,3548,708,24,30
buildings/工.svg,oracle,2634,420,14,15
buildings/宫.svg,oracle,3153,535,19,23
buildings/购.svg,seal,5785,855,27,25
buildings/古.svg,oracle,4733,867,34,44
buildings/谷.svg,oracle,2707,527,25,35
buildings/骨.svg,oracle,2723,369,12,12
buildings/故.svg,bronze,2031,363,13,14
buildings/馆.svg,seal,5037,875,23,30
buildings/管.svg,seal,4210,739,23,29
buildings/广.svg,oracle,4774,687,204,28
buildings/哈.svg,seal,2618,531,21,23
buildings/海.svg,bronze,4642,734,29,43
buildings/罕.svg,seal,3832,688,17,19
buildings/航.svg,seal,3311,641,18,25
buildings/诃.svg,bronze,6473,1172,84,69
buildings/合.svg,oracle,4227,499,20,21
buildings/河.svg,oracle,2673,358,15,20
buildings/核.svg,seal,4773,838,22,29
buildings/赫.svg,seal,5356,985,33,49
buildings/黑.svg,oracle,3131,470,18,18
buildings/很.svg,seal,3302,672,21,29
buildings/洪.svg,seal,5356,978,31,47
buildings/忽.svg,bronze,3179,610,25,33
buildings/笏.svg,seal,3648,654,18,23
buildings/花.svg,seal,4729,783,27,37
buildings/化.svg,oracle,3337,787,41,50
buildings/皇.svg,oracle,4797,628,19,24
buildings/汇.svg,seal,5223,856,23,26
buildings/会.svg,oracle,8247,782,24,31
buildings/火.svg,oracle,4855,702,26,35
buildings/机.svg,seal,2918,579,15,17
buildings/姬.svg,oracle,5451,686,20,22
buildings/基.svg,oracle,4206,566,18,20
buildings/集.svg,oracle,4398,537,17,21
buildings/计.svg,seal,3852,694,22,24
buildings/纪.svg,bronze,2682,717,28,36
buildings/技.svg,seal,4017,620,15,17
buildings/加.svg,bronze,3251,791,56,63
buildings/家.svg,oracle,4396,507,14,16
buildings/甲.svg,oracle,1869,277,12,12
buildings/尖.svg,seal,7873,1242,37,45
buildings/间.svg,bronze,5069,994,44,60
buildings/建.svg,oracle,5820,736,21,26
buildings/箭.svg,bronze,3708,676,24,33
buildings/交.svg,seal,2394,423,14,13
buildings/教.svg,oracle,3957,656,22,32
buildings/斤.svg,oracle,2148,358,14,14
buildings/金.svg,bronze,3715,873,59,67
buildings/津.svg,bronze,5491,889,34,48
buildings/井.svg,oracle,2740,430,13,13
buildings/景.svg,seal,3528,624,20,25
buildings/竞.svg,oracle,6639,979,40,47
buildings/究.svg,bronze,9248,1322,70,78
buildings/旧.svg,oracle,4306,590,16,19
buildings/救.svg,bronze,3892,586,18,23
buildings/巨.svg,bronze,3851,748,37,42
buildings/剧.svg,seal,5224,838,19,23
buildings/军.svg,bronze,5243,976,35,45
buildings/卡.svg,seal,1532,323,13,16
buildings/科.svg,seal,4254,714,16,18
buildings/克.svg,oracle,2329,433,17,21
buildings/空.svg,bronze,3144,477,13,13
buildings/窟.svg,seal,3849,692,19,24
buildings/库.svg,bronze,3525,646,20,23
buildings/扩.svg,seal,6373,1044,30,40
buildings/拉.svg,seal,3459,602,16,18
buildings/兰.svg,seal,6216,895,23,27
buildings/老.svg,oracle,3143,368,12,12
buildings/雷.svg,oracle,4209,629,24,28
buildings/里.svg,bronze,3831,806,32,42
buildings/理.svg,bronze,6160,1105,61,65
buildings/力.svg,oracle,1524,318,13,13
buildings/利.svg,oracle,6256,910,43,65
buildings/炼.svg,seal,4431,873,26,34
buildings/粮.svg,bronze,14211,1566,93,96
buildings/料.svg,bronze,4579,1250,75,94
buildings/烈.svg,seal,4474,881,34,50
buildings/林.svg,oracle,3514,511,15,18
buildings/陵.svg,bronze,4601,1012,62,75
buildings/领.svg,seal,5254,956,30,42
buildings/鲁.svg,oracle,7431,858,26,36
buildings/露.svg,seal,6377,1201,35,46
buildings/伦.svg,seal,4903,818,23,31
buildings/轮.svg,bronze,5827,956,58,61
buildings/马.svg,oracle,6388,692,19,22
buildings/梅.svg,bronze,4235,791,41,48
buildings/煤.svg,seal,5070,893,27,37
buildings/门.svg,oracle,4582,618,22,29
buildings/蒙.svg,bronze,7026,1248,91,83
buildings/弥.svg,bronze,5920,1051,39,53
buildings/米.svg,oracle,2868,610,30,45
buildings/棉.svg,seal,4456,893,28,35
buildings/庙.svg,bronze,4105,900,40,61
buildings/摩.svg,seal,5465,1011,30,48
buildings/磨.svg,seal,7101,1249,44,69
buildings/莫.svg,oracle,5178,981,46,66
buildings/姆.svg,bronze,4016,856,38,51
buildings/木.svg,oracle,2292,330,14,12
buildings/墓.svg,seal,5697,987,26,33
buildings/拿.svg,bronze,30626,2936,159,176
buildings/纳.svg,bronze,3213,772,31,41
buildings/南.svg,oracle,3122,443,16,15
buildings/难.svg,bronze,6275,891,26,35
buildings/尼.svg,seal,2259,494,15,23
buildings/念.svg,oracle,5348,885,32,43
buildings/牛.svg,oracle,2912,769,33,41
buildings/努.svg,seal,4767,748,20,24
buildings/女.svg,oracle,2794,391,14,17
buildings/帕.svg,seal,3009,589,18,20
buildings/佩.svg,bronze,3826,614,19,23
buildings/片.svg,seal,1396,310,13,13
buildings/屏.svg,seal,4691,748,18,22
buildings/菩.svg,seal,5101,782,20,24
buildings/葡.svg,oracle,8408,737,22,22
buildings/普.svg,seal,3990,696,24,30
buildings/齐.svg,oracle,3387,550,21,28
buildings/其.svg,oracle,6171,586,20,20
buildings/奇.svg,seal,3173,615,19,25
buildings/墙.svg,oracle,6051,807,29,41
buildings/桥.svg,seal,5389,912,26,34
buildings/琴.svg,seal,4507,874,24,34
buildings/清.svg,bronze,11832,1321,80,83
buildings/丘.svg,oracle,3848,609,21,33
buildings/区.svg,oracle,4725,706,24,31
buildings/圈.svg,seal,6308,1096,30,44
buildings/泉.svg,oracle,4682,767,30,43
buildings/券.svg,seal,5122,896,29,40
buildings/燃.svg,bronze,5215,859,32,40
buildings/人.svg,oracle,1900,267,12,12
buildings/萨.svg,seal,5101,782,20,24
buildings/塞.svg,oracle,6051,740,30,44
buildings/桑.svg,oracle,2591,407,12,12
buildings/扫.svg,bronze,7174,1521,103,131
buildings/森.svg,oracle,4525,659,18,22
buildings/山.svg,oracle,6901,852,35,53
buildings/社.svg,bronze,5337,977,81,67
buildings/神.svg,bronze,6081,999,78,62
buildings/生.svg,oracle,2014,365,12,12
buildings/圣.svg,oracle,4564,493,12,12
buildings/师.svg,oracle,2235,358,14,17
buildings/石.svg,oracle,1691,302,13,15
buildings/实.svg,bronze,6286,804,26,31
buildings/使.svg,oracle,3700,503,15,16
buildings/士.svg,bronze,3565,675,66,42
buildings/世.svg,bronze,3805,661,66,40
buildings/市.svg,oracle,3562,628,25,36
buildings/事.svg,oracle,3432,446,14,15
buildings/室.svg,oracle,4274,617,19,28
buildings/兽.svg,oracle,5731,727,24,28
buildings/书.svg,bronze,4196,591,16,20
buildings/术.svg,oracle,2566,433,18,25
buildings/树.svg,oracle,4250,528,17,21
buildings/水.svg,oracle,3839,504,24,32
buildings/斯.svg,bronze,4725,1033,64,73
buildings/死.svg,oracle,5746,532,16,22
buildings/四.svg,oracle,2502,521,21,33
buildings/寺.svg,bronze,2615,433,15,17
buildings/苏.svg,bronze,8515,1194,84,64
buildings/所.svg,bronze,3725,974,60,69
buildings/索.svg,oracle,5497,547,18,20
buildings/塔.svg,seal,4938,807,25,33
buildings/太.svg,seal,2222,484,15,18
buildings/泰.svg,seal,2222,484,15,18
buildings/堂.svg,bronze,4490,1054,64,75
buildings/萄.svg,seal,5272,769,18,22
buildings/忒.svg,seal,3559,535,15,17
buildings/特.svg,seal,4426,755,18,25
buildings/提.svg,seal,4072,698,20,24
buildings/体.svg,bronze,6148,944,36,45
buildings/天.svg,oracle,3424,674,29,37
buildings/铁.svg,seal,5554,1026,31,43
buildings/厅.svg,bronze,3314,581,20,24
buildings/亭.svg,bronze,2662,772,56,62
buildings/同.svg,oracle,3854,593,19,23
buildings/图.svg,bronze,7351,1086,48,59
buildings/屯.svg,oracle,3054,641,29,38
buildings/瓦.svg,seal,1810,415,14,15
buildings/威.svg,bronze,5662,966,34,45
buildings/韦.svg,oracle,4171,654,24,30
buildings/围.svg,bronze,5910,1022,44,52
buildings/维.svg,bronze,4186,797,31,39
buildings/伟.svg,seal,4151,686,18,24
buildings/未.svg,oracle,3985,418,12,12
buildings/温.svg,oracle,4194,707,27,40
buildings/瘟.svg,seal,5493,1049,36,47
buildings/文.svg,oracle,3399,456,16,19
buildings/稳.svg,seal,5976,900,21,26
buildings/吴.svg,bronze,2385,488,16,21
buildings/物.svg,oracle,3159,791,40,54
buildings/西.svg,oracle,6407,689,26,36
buildings/希.svg,seal,3931,715,22,27
buildings/悉.svg,seal,3764,615,17,19
buildings/像.svg,seal,4549,716,17,20
buildings/校.svg,bronze,25158,2479,117,121
buildings/歇.svg,seal,5356,841,24,34
buildings/协.svg,bronze,8573,1373,78,94
buildings/械.svg,seal,5484,878,21,27
buildings/心.svg,oracle,2584,408,12,12
buildings/信.svg,bronze,13189,1529,83,88
buildings/星.svg,oracle,3806,569,20,24
buildings/行.svg,oracle,3916,811,39,55
buildings/型.svg,bronze,5168,986,60,69
buildings/休.svg,oracle,3346,524,18,22
buildings/学.svg,oracle,4386,625,18,22
buildings/牙.svg,bronze,3848,754,70,47
buildings/雅.svg,seal,4580,798,22,26
buildings/亚.svg,oracle,3450,467,15,15
buildings/研.svg,seal,3421,700,23,32
buildings/验.svg,seal,6364,915,24,27
buildings/仰.svg,seal,3174,661,19,27
buildings/谒.svg,seal,6024,921,24,29
buildings/一.svg,oracle,1941,564,28,36
buildings/伊.svg,oracle,3068,499,16,22
buildings/医.svg,seal,2741,488,13,12
buildings/艺.svg,oracle,4186,776,28,36
buildings/议.svg,bronze,12818,1376,85,89
buildings/邑.svg,oracle,2673,434,19,21
buildings/易.svg,oracle,2690,481,22,29
buildings/疫.svg,seal,4171,754,23,28
buildings/银.svg,seal,4599,958,30,43
buildings/隐.svg,seal,6291,943,23,26
buildings/印.svg,oracle,3680,405,13,13
buildings/营.svg,bronze,4400,687,24,34
buildings/影.svg,seal,3528,624,20,25
buildings/俑.svg,seal,3904,724,20,28
buildings/用.svg,oracle,4793,431,14,15
buildings/由.svg,oracle,2906,477,17,22
buildings/犹.svg,oracle,5582,614,22,27
buildings/育.svg,oracle,4153,660,26,36
buildings/浴.svg,bronze,14248,1181,67,72
buildings/园.svg,seal,4608,826,20,28
buildings/院.svg,seal,4718,838,26,34
buildings/越.svg,bronze,5378,790,66,40
buildings/运.svg,seal,6077,929,26,31
buildings/扎.svg,seal,2612,512,16,18
buildings/站.svg,seal,6637,1013,29,38
buildings/障.svg,seal,6027,921,28,33
buildings/真.svg,bronze,3426,593,21,27
buildings/阵.svg,oracle,4705,861,34,46
buildings/征.svg,oracle,4446,892,41,56
buildings/证.svg,seal,6294,1018,29,38
buildings/政.svg,oracle,3276,673,25,34
buildings/之.svg,oracle,2598,390,13,13
buildings/制.svg,bronze,6109,1078,46,59
buildings/钟.svg,bronze,7052,1335,74,88
buildings/舟.svg,oracle,6824,646,23,24
buildings/宙.svg,oracle,3469,572,20,25
buildings/主.svg,oracle,2096,578,28,38
buildings/住.svg,seal,4733,783,23,28
buildings/筑.svg,seal,5055,758,24,30
buildings/兹.svg,oracle,4579,603,21,23
buildings/子.svg,oracle,4268,579,15,16
buildings/字.svg,bronze,4397,872,55,64
buildings/自.svg,oracle,3927,457,13,13
buildings/宗.svg,oracle,3425,482,18,23
buildings/总.svg,seal,9138,917,24,30
buildings/族.svg,oracle,3385,471,16,23
citybanner/旗.svg,seal,4582,809,25,31
civics/阿.svg,bronze,3879,959,59,65
civics/奥.svg,seal,5085,969,28,40
civics/澳.svg,seal,6936,1078,33,51
civics/芭.svg,seal,5356,943,27,39
civics/霸.svg,oracle,7750,742,24,30
civics/邦.svg,oracle,3170,489,16,17
civics/保.svg,oracle,3679,493,14,15
civics/本.svg,bronze,4377,768,37,42
civics/比.svg,oracle,4320,760,36,43
civics/币.svg,seal,5555,879,30,43
civics/必.svg,oracle,1746,277,12,14
civics/变.svg,bronze,4829,744,28,37
civics/兵.svg,oracle,4481,825,36,50
civics/部.svg,seal,4858,809,22,28
civics/产.svg,bronze,4608,919,44,54
civics/场.svg,seal,3655,686,20,27
civics/朝.svg,oracle,5367,1065,50,68
civics/城.svg,bronze,6863,1217,67,79
civics/程.svg,bronze,4309,687,24,30
civics/出.svg,oracle,3541,508,16,19
civics/传.svg,oracle,4971,629,18,23
civics/次.svg,oracle,2278,361,14,15
civics/大.svg,oracle,2903,343,12,14
civics/导.svg,seal,6349,1139,41,59
civics/道.svg,bronze,6684,1069,83,71
civics/地.svg,bronze,5173,995,41,56
civics/等.svg,seal,4737,812,24,35
civics/帝.svg,oracle,4153,805,30,39
civics/第.svg,oracle,2438,426,17,20
civics/动.svg,bronze,6250,1232,72,85
civics/斗.svg,oracle,1710,327,12,13
civics/度.svg,oracle,4328,570,20,24
civics/二.svg,oracle,2489,371,15,21
civics/法.svg,bronze,5314,946,37,52
civics/防.svg,seal,3971,673,21,24
civics/放.svg,bronze,4044,561,15,17
civics/分.svg,oracle,3729,788,36,48
civics/封.svg,oracle,2037,354,13,13
civics/服.svg,oracle,3671,569,23,26
civics/改.svg,oracle,3469,536,17,19
civics/高.svg,oracle,4711,631,25,33
civics/歌.svg,bronze,3548,708,24,30
civics/革.svg,oracle,9393,818,30,35
civics/工.svg,oracle,2634,420,14,15
civics/公.svg,oracle,2992,777,37,50
civics/雇.svg,oracle,4510,557,19,19
civics/规.svg,bronze,3682,780,52,56
civics/国.svg,bronze,4618,1003,46,68
civics/海.svg,bronze,4642,734,29,43
civics/航.svg,seal,3311,641,18,25
civics/合.svg,oracle,4227,499,20,21
civics/核.svg,seal,4773,838,22,29
civics/护.svg,seal,6656,1042,30,37
civics/化.svg,oracle,3337,787,41,50
civics/划.svg,seal,5287,929,29,35
civics/环.svg,bronze,6214,1033,80,62
civics/缓.svg,seal,7146,1027,26,34
civics/皇.svg,oracle,4797,628,19,24
civics/会.svg,oracle,8247,782,24,31
civics/货.svg,seal,3551,666,21,28
civics/机.svg,seal,2918,579,15,17
civics/级.svg,seal,4711,701,17,19
civics/极.svg,seal,4736,737,15,18
civics/集.svg,oracle,4398,537,17,21
civics/计.svg,seal,3852,694,22,24
civics/记.svg,bronze,21646,2397,123,127
civics/纪.svg,bronze,2682,717,28,36
civics/技.svg,seal,4017,620,15,17
civics/济.svg,bronze,4619,823,36,53
civics/家.svg,oracle,4396,507,14,16
civics/减.svg,bronze,5573,1072,65,69
civics/建.svg,oracle,5820,736,21,26
civics/交.svg,seal,2394,423,14,13
civics/焦.svg,bronze,2979,620,21,27
civics/教.svg,oracle,3957,656,22,32
civics/阶.svg,oracle,3871,694,25,33
civics/界.svg,seal,3234,747,26,33
civics/金.svg,bronze,3715,873,59,67
civics/近.svg,seal,2638,521,18,23
civics/京.svg,oracle,4189,497,14,15
civics/经.svg,bronze,4101,784,30,41
civics/景.svg,seal,3528,624,20,25
civics/径.svg,seal,4161,821,31,42
civics/竞.svg,oracle,6639,979,40,47
civics/举.svg,bronze,6556,1169,50,69
civics/剧.svg,seal,5224,838,19,23
civics/军.svg,bronze,5243,976,35,45
civics/勘.svg,seal,4550,815,24,29
civics/空.svg,bronze,3144,477,13,13
civics/快.svg,seal,4182,723,16,19
civics/况.svg,oracle,4084,553,18,23
civics/扩.svg,seal,6373,1044,30,40
civics/来.svg,oracle,2380,420,12,12
civics/劳.svg,oracle,5481,955,45,64
civics/乐.svg,oracle,3683,508,16,16
civics/蕾.svg,seal,4992,1022,37,50
civics/冷.svg,seal,3428,678,25,34
civics/离.svg,bronze,17346,1576,87,93
civics/里.svg,bronze,3831,806,32,42
civics/理.svg,bronze,6160,1105,61,65
civics/力.svg,oracle,1524,318,13,13
civics/历.svg,seal,5185,828,23,34
civics/利.svg,oracle,6256,910,43,65
civics/联.svg,oracle,2298,417,15,16
civics/练.svg,seal,5450,834,25,23
civics/流.svg,bronze,3926,805,37,54
civics/录.svg,oracle,3561,624,28,41
civics/露.svg,seal,6377,1201,35,46
civics/律.svg,oracle,3779,825,37,49
civics/轮.svg,bronze,5827,956,58,61
civics/论.svg,bronze,6170,1079,83,65
civics/罗.svg,oracle,4555,634,22,28
civics/贸.svg,bronze,4384,641,21,25
civics/媒.svg,seal,5087,800,21,28
civics/蒙.svg,bronze,7026,1248,91,83
civics/秘.svg,seal,4425,1010,30,44
civics/棉.svg,seal,4456,893,28,35
civics/民.svg,oracle,4569,503,16,17
civics/缪.svg,seal,7446,1237,44,71
civics/木.svg,oracle,2292,330,14,12
civics/纳.svg,bronze,3213,772,31,41
civics/乃.svg,oracle,2632,307,13,13
civics/尼.svg,seal,2259,494,15,23
civics/努.svg,seal,4767,748,20,24
civics/女.svg,oracle,2794,391,14,17
civics/暖.svg,seal,4806,944,28,37
civics/盘.svg,bronze,5454,939,42,50
civics/期.svg,bronze,4444,756,29,40
civics/企.svg,oracle,2140,450,16,19
civics/启.svg,oracle,3298,781,36,47
civics/巧.svg,seal,2005,424,15,17
civics/情.svg,seal,4723,738,16,14
civics/球.svg,seal,3836,805,27,41
civics/全.svg,seal,3482,648,23,32
civics/权.svg,oracle,4250,528,17,21
civics/然.svg,bronze,5215,859,32,40
civics/热.svg,seal,6364,979,29,42
civics/人.svg,oracle,1900,267,12,12
civics/塞.svg,oracle,6051,740,30,44
civics/赛.svg,seal,7205,1187,38,54
civics/商.svg,oracle,4162,853,36,44
civics/社.svg,bronze,5337,977,81,67
civics/神.svg,bronze,6081,999,78,62
civics/圣.svg,oracle,4564,493,12,12
civics/诗.svg,seal,7202,657,17,19
civics/实.svg,bronze,6286,804,26,31
civics/史.svg,oracle,2585,391,15,15
civics/士.svg,bronze,3565,675,66,42
civics/世.svg,bronze,3805,661,66,40
civics/市.svg,oracle,3562,628,25,36
civics/事.svg,oracle,3432,446,14,15
civics/势.svg,seal,6507,902,20,22
civics/室.svg,oracle,4274,617,19,28
civics/守.svg,oracle,3199,599,23,29
civics/书.svg,bronze,4196,591,16,20
civics/署.svg,seal,5686,970,30,47
civics/术.svg,oracle,2566,433,18,25
civics/数.svg,bronze,7320,1121,82,62
civics/刷.svg,seal,3488,652,18,23
civics/司.svg,oracle,2554,382,15,17
civics/思.svg,bronze,3776,890,57,60
civics/斯.svg,bronze,4725,1033,64,73
civics/死.svg,oracle,5746,532,16,22
civics/速.svg,oracle,4063,838,36,47
civics/太.svg,seal,2222,484,15,18
civics/探.svg,seal,5316,896,28,36
civics/逃.svg,bronze,5919,1011,75,56
civics/淘.svg,seal,4992,979,33,53
civics/体.svg,bronze,6148,944,36,45
civics/天.svg,oracle,3424,674,29,37
civics/田.svg,oracle,6108,786,22,24
civics/统.svg,seal,5023,706,18,20
civics/透.svg,seal,5418,850,22,28
civics/土.svg,oracle,2673,375,13,13
civics/王.svg,oracle,3845,711,29,37
civics/维.svg,bronze,4186,797,31,39
civics/伟.svg,seal,4151,686,18,24
civics/未.svg,oracle,3985,418,12,12
civics/文.svg,oracle,3399,456,16,19
civics/舞.svg,oracle,4257,491,12,12
civics/务.svg,bronze,4847,947,58,65
civics/西.svg,oracle,6407,689,26,36
civics/息.svg,bronze,4351,903,54,59
civics/戏.svg,bronze,6117,1004,45,63
civics/辖.svg,oracle,3290,482,19,23
civics/想.svg,bronze,10991,1209,70,77
civics/象.svg,oracle,4841,562,15,15
civics/械.svg,seal,5484,878,21,27
civics/信.svg,bronze,13189,1529,83,88
civics/行.svg,oracle,3916,811,39,55
civics/形.svg,seal,3441,681,24,34
civics/选.svg,oracle,2867,404,13,14
civics/学.svg,oracle,4386,625,18,22
civics/训.svg,bronze,7688,1128,83,66
civics/亚.svg,oracle,3450,467,15,15
civics/羊.svg,oracle,2302,360,13,12
civics/养.svg,oracle,3358,501,18,22
civics/业.svg,bronze,9009,1291,56,70
civics/一.svg,oracle,1941,564,28,36
civics/伊.svg,oracle,3068,499,16,22
civics/遗.svg,bronze,5610,1079,90,82
civics/义.svg,oracle,5199,572,14,14
civics/艺.svg,oracle,4186,776,28,36
civics/银.svg,seal,4599,958,30,43
civics/印.svg,oracle,3680,405,13,13
civics/佣.svg,seal,5773,939,28,34
civics/由.svg,oracle,2906,477,17,22
civics/邮.svg,seal,3420,684,25,31
civics/游.svg,oracle,3643,789,37,46
civics/娱.svg,seal,4726,727,18,23
civics/育.svg,oracle,4153,660,26,36
civics/员.svg,oracle,3966,665,22,24
civics/园.svg,seal,4608,826,20,28
civics/约.svg,seal,4397,707,20,24
civics/运.svg,seal,6077,929,26,31
civics/早.svg,oracle,3668,439,13,13
civics/造.svg,bronze,7194,1055,75,56
civics/展.svg,seal,5405,895,24,33
civics/战.svg,bronze,6502,1186,56,78
civics/哲.svg,bronze,6785,1131,86,72
civics/争.svg,oracle,3089,428,16,12
civics/政.svg,oracle,3276,673,25,34
civics/之.svg,oracle,2598,390,13,13
civics/知.svg,bronze,5748,1034,49,62
civics/直.svg,oracle,2430,383,15,15
civics/职.svg,bronze,7104,1268,49,69
civics/殖.svg,seal,3882,732,22,29
civics/纸.svg,seal,3997,683,19,21
civics/制.svg,bronze,6109,1078,46,59
civics/治.svg,seal,4796,865,28,38
civics/众.svg,oracle,4773,662,27,34
civics/重.svg,oracle,3521,542,19,23
civics/主.svg,oracle,2096,578,28,38
civics/桌.svg,bronze,2909,489,16,18
civics/资.svg,seal,4458,857,31,41
civics/字.svg,bronze,4397,872,55,64
civics/自.svg,oracle,3927,457,13,13
civics/宗.svg,oracle,3425,482,18,23
civics/综.svg,seal,5452,924,29,47
civics/租.svg,seal,3423,672,20,27
civics/族.svg,oracle,3385,471,16,23
civilizations/阿.svg,bronze,3879,959,59,65
civilizations/埃.svg,seal,3956,553,13,13
civilizations/艾.svg,seal,3230,545,18,22
civilizations/安.svg,oracle,3688,551,18,22
civilizations/奥.svg,seal,5085,969,28,40
civilizations/澳.svg,seal,6936,1078,33,51
civilizations/巴.svg,oracle,3277,402,12,12
civilizations/拜.svg,bronze,5670,932,31,41
civilizations/班.svg,bronze,5517,902,72,50
civilizations/邦.svg,oracle,3170,489,16,17
civilizations/堡.svg,oracle,3679,493,14,15
civilizations/报.svg,bronze,4716,678,20,25
civilizations/备.svg,oracle,8408,737,22,22
civilizations/奔.svg,bronze,4130,582,21,27
civilizations/本.svg,bronze,4377,768,37,42
civilizations/比.svg,oracle,4320,760,36,43
civilizations/必.svg,oracle,1746,277,12,14
civilizations/边.svg,oracle,4253,508,17,17
civilizations/编.svg,seal,6253,1013,24,29
civilizations/变.svg,bronze,4829,744,28,37
civilizations/标.svg,seal,6155,1067,36,48
civilizations/兵.svg,oracle,4481,825,36,50
civilizations/病.svg,seal,3713,696,21,26
civilizations/波.svg,seal,4978,941,30,45
civilizations/伯.svg,oracle,2755,380,17,15
civilizations/博.svg,bronze,5726,906,73,51
civilizations/布.svg,bronze,2764,457,15,19
civilizations/部.svg,seal,4858,809,22,28
civilizations/昌.svg,oracle,3328,575,20,25
civilizations/场.svg,seal,3655,686,20,27
civilizations/车.svg,oracle,7798,929,32,40
civilizations/彻.svg,oracle,6325,692,18,22
civilizations/城.svg,bronze,6863,1217,67,79
civilizations/船.svg,bronze,3164,624,24,30
civilizations/茨.svg,seal,5111,902,30,42
civilizations/丛.svg,bronze,19107,1918,92,98
civilizations/达.svg,oracle,4962,878,40,56
civilizations/大.svg,oracle,2903,343,12,14
civilizations/丹.svg,oracle,2780,482,16,20
civilizations/但.svg,oracle,3847,596,20,26
civilizations/淡.svg,oracle,2714,624,27,39
civilizations/盗.svg,oracle,3628,621,24,30
civilizations/德.svg,oracle,5828,1010,45,61
civilizations/地.svg,bronze,5173,995,41,56
civilizations/邓.svg,bronze,5015,773,26,34
civilizations/迪.svg,seal,4379,773,27,31
civilizations/底.svg,seal,2750,540,18,21
civilizations/帝.svg,oracle,4153,805,30,39
civilizations/蒂.svg,seal,5760,767,16,18
civilizations/典.svg,oracle,6327,952,34,42
civilizations/动.svg,bronze,6250,1232,72,85
civilizations/都.svg,bronze,5110,820,30,44
civilizations/度.svg,oracle,4328,570,20,24
civilizations/囤.svg,seal,5102,833,24,31
civilizations/顿.svg,seal,5102,833,24,31
civilizations/多.svg,oracle,4286,514,17,22
civilizations/俄.svg,seal,3909,604,13,15
civilizations/恩.svg,seal,3593,613,20,18
civilizations/尔.svg,bronze,4053,756,72,52
civilizations/法.svg,bronze,5314,946,37,52
civilizations/番.svg,bronze,6063,1016,82,67
civilizations/梵.svg,seal,5128,795,25,27
civilizations/放.svg,bronze,4044,561,15,17
civilizations/菲.svg,seal,4902,753,21,28
civilizations/腓.svg,seal,4489,781,18,24
civilizations/夫.svg,oracle,3503,440,17,18
civilizations/佛.svg,seal,3792,701,22,30
civilizations/福.svg,bronze,8497,1239,90,77
civilizations/府.svg,bronze,3665,662,16,16
civilizations/盖.svg,oracle,5082,627,16,19
civilizations/冈.svg,oracle,2521,416,15,18
civilizations/刚.svg,oracle,5418,676,23,26
civilizations/港.svg,seal,6878,1209,41,55
civilizations/高.svg,oracle,4711,631,25,33
civilizations/戈.svg,oracle,2459,333,12,12
civilizations/哥.svg,seal,3335,627,20,25
civilizations/格.svg,bronze,5589,963,45,54
civilizations/给.svg,seal,4222,767,24,32
civilizations/公.svg,oracle,2992,777,37,50
civilizations/古.svg,oracle,4733,867,34,44
civilizations/瓜.svg,bronze,2941,498,15,15
civilizations/龟.svg,oracle,5553,614,21,19
civilizations/国.svg,bronze,4618,1003,46,68
civilizations/果.svg,bronze,5858,1076,54,67
civilizations/哈.svg,seal,2618,531,21,23
civilizations/海.svg,bronze,4642,734,29,43
civilizations/韩.svg,bronze,4329,882,41,48
civilizations/罕.svg,seal,3832,688,17,19
civilizations/汉.svg,bronze,11336,1270,76,83
civilizations/翰.svg,seal,6071,932,26,35
civilizations/合.svg,oracle,4227,499,20,21
civilizations/荷.svg,seal,4770,852,25,36
civilizations/赫.svg,seal,5356,985,33,49
civilizations/黑.svg,oracle,3131,470,18,18
civilizations/亨.svg,oracle,5678,543,15,18
civilizations/洪.svg,seal,5356,978,31,47
civilizations/忽.svg,bronze,3179,610,25,33
civilizations/霍.svg,oracle,5387,969,36,52
civilizations/机.svg,seal,2918,579,15,17
civilizations/积.svg,bronze,5117,607,15,17
civilizations/基.svg,oracle,4206,566,18,20
civilizations/加.svg,bronze,3251,791,56,63
civilizations/迦.svg,seal,4820,838,23,27
civilizations/家.svg,oracle,4396,507,14,16
civilizations/贾.svg,oracle,3807,463,14,14
civilizations/教.svg,oracle,3957,656,22,32
civilizations/近.svg,seal,2638,521,18,23
civilizations/京.svg,oracle,4189,497,14,15
civilizations/景.svg,seal,3528,624,20,25
civilizations/巨.svg,bronze,3851,748,37,42
civilizations/惧.svg,bronze,6938,944,31,38
civilizations/军.svg,bronze,5243,976,35,45
civilizations/喀.svg,seal,3799,666,24,29
civilizations/卡.svg,seal,1532,323,13,16
civilizations/开.svg,seal,4765,839,25,32
civilizations/凯.svg,seal,4539,798,21,25
civilizations/坎.svg,seal,3686,631,21,27
civilizations/康.svg,oracle,3098,612,26,38
civilizations/科.svg,seal,4254,714,16,18
civilizations/克.svg,oracle,2329,433,17,21
civilizations/肯.svg,seal,2804,570,17,20
civilizations/恐.svg,bronze,3115,505,16,18
civilizations/库.svg,bronze,3525,646,20,23
civilizations/昆.svg,bronze,3246,537,16,19
civilizations/扩.svg,seal,6373,1044,30,40
civilizations/拉.svg,seal,3459,602,16,18
civilizations/腊.svg,oracle,6898,777,22,31
civilizations/莱.svg,seal,4548,753,25,32
civilizations/兰.svg,seal,6216,895,23,27
civilizations/烂.svg,seal,7306,1161,35,47
civilizations/浪.svg,seal,5012,912,29,44
civilizations/勒.svg,bronze,6784,1167,66,76
civilizations/雷.svg,oracle,4209,629,24,28
civilizations/冷.svg,seal,3428,678,25,34
civilizations/里.svg,bronze,3831,806,32,42
civilizations/理.svg,bronze,6160,1105,61,65
civilizations/力.svg,oracle,1524,318,13,13
civilizations/利.svg,oracle,6256,910,43,65
civilizations/烈.svg,seal,4474,881,34,50
civilizations/林.svg,oracle,3514,511,15,18
civilizations/领.svg,seal,5254,956,30,42
civilizations/流.svg,bronze,3926,805,37,54
civilizations/龙.svg,oracle,4766,523,15,17
civilizations/卢.svg,oracle,5387,641,17,18
civilizations/鲁.svg,oracle,7431,858,26,36
civilizations/路.svg,bronze,5864,1011,75,53
civilizations/戮.svg,bronze,5866,1156,52,78
civilizations/掠.svg,seal,4295,703,19,23
civilizations/伦.svg,seal,4903,818,23,31
civilizations/罗.svg,oracle,4555,634,22,28
civilizations/洛.svg,bronze,5800,1046,71,68
civilizations/落.svg,seal,5825,987,36,50
civilizations/马.svg,oracle,6388,692,19,22
civilizations/玛.svg,oracle,6388,692,19,22
civilizations/麦.svg,oracle,2512,417,13,14
civilizations/蛮.svg,bronze,7810,1105,39,49
civilizations/曼.svg,oracle,3606,571,22,28
civilizations/毛.svg,bronze,2612,413,12,13
civilizations/美.svg,oracle,3122,466,12,13
civilizations/蒙.svg,bronze,7026,1248,91,83
civilizations/棉.svg,seal,4456,893,28,35
civilizations/民.svg,oracle,4569,503,16,17
civilizations/摩.svg,seal,5465,1011,30,48
civilizations/墨.svg,bronze,11845,1125,77,79
civilizations/姆.svg,bronze,4016,856,38,51
civilizations/穆.svg,oracle,4620,474,13,13
civilizations/拿.svg,bronze,30626,2936,159,176
civilizations/那.svg,seal,4560,707,19,25
civilizations/纳.svg,bronze,3213,772,31,41
civilizations/奈.svg,oracle,2858,737,38,48
civilizations/南.svg,oracle,3122,443,16,15
civilizations/尼.svg,seal,2259,494,15,23
civilizations/纽.svg,seal,4113,692,19,24
civilizations/努.svg,seal,4767,748,20,24
civilizations/挪.svg,seal,4560,707,19,25
civilizations/诺.svg,bronze,6038,961,72,48
civilizations/帕.svg,seal,3009,589,18,20
civilizations/潘.svg,bronze,3964,711,28,38
civilizations/平.svg,bronze,4627,869,43,53
civilizations/坡.svg,bronze,5414,1166,66,78
civilizations/葡.svg,oracle,8408,737,22,22
civilizations/普.svg,seal,3990,696,24,30
civilizations/齐.svg,oracle,3387,550,21,28
civilizations/其.svg,oracle,6171,586,20,20
civilizations/骑.svg,bronze,17043,2292,142,189
civilizations/器.svg,bronze,6509,1023,82,64
civilizations/乔.svg,bronze,2770,553,18,20
civilizations/切.svg,seal,2223,438,15,21
civilizations/情.svg,seal,4723,738,16,14
civilizations/庆.svg,oracle,3784,591,21,25
civilizations/丘.svg,oracle,3848,609,21,33
civilizations/人.svg,oracle,1900,267,12,12
civilizations/日.svg,oracle,3306,472,15,22
civilizations/瑞.svg,seal,4181,636,12,12
civilizations/撒.svg,seal,4729,845,28,32
civilizations/萨.svg,seal,5101,782,20,24
civilizations/塞.svg,oracle,6051,740,30,44
civilizations/桑.svg,oracle,2591,407,12,12
civilizations/森.svg,oracle,4525,659,18,22
civilizations/杀.svg,bronze,3911,763,28,36
civilizations/山.svg,oracle,6901,852,35,53
civilizations/什.svg,seal,2229,451,15,22
civilizations/神.svg,bronze,6081,999,78,62
civilizations/升.svg,oracle,2918,578,21,28
civilizations/声.svg,oracle,7853,799,27,37
civilizations/圣.svg,oracle,4564,493,12,12
civilizations/时.svg,bronze,3160,571,22,31
civilizations/士.svg,bronze,3565,675,66,42
civilizations/氏.svg,oracle,1535,274,12,14
civilizations/市.svg,oracle,3562,628,25,36
civilizations/事.svg,oracle,3432,446,14,15
civilizations/势.svg,seal,6507,902,20,22
civilizations/私.svg,bronze,15071,1649,89,96
civilizations/思.svg,bronze,3776,890,57,60
civilizations/斯.svg,bronze,4725,1033,64,73
civilizations/死.svg,oracle,5746,532,16,22
civilizations/苏.svg,bronze,8515,1194,84,64
civilizations/速.svg,oracle,4063,838,36,47
civilizations/索.svg,oracle,5497,547,18,20
civilizations/塔.svg,seal,4938,807,25,33
civilizations/太.svg,seal,2222,484,15,18
civilizations/泰.svg,seal,2222,484,15,18
civilizations/萄.svg,seal,5272,769,18,22
civilizations/特.svg,seal,4426,755,18,25
civilizations/提.svg,seal,4072,698,20,24
civilizations/体.svg,bronze,6148,944,36,45
civilizations/阗.svg,seal,5269,974,33,46
civilizations/庭.svg,bronze,2455,577,21,29
civilizations/通.svg,oracle,6187,989,45,58
civilizations/突.svg,oracle,2882,493,19,24
civilizations/图.svg,bronze,7351,1086,48,59
civilizations/徒.svg,oracle,3956,711,29,41
civilizations/吐.svg,seal,2341,502,16,18
civilizations/托.svg,oracle,1522,283,13,13
civilizations/陀.svg,bronze,4995,1039,61,69
civilizations/瓦.svg,seal,1810,415,14,15
civilizations/万.svg,oracle,2364,298,12,12
civilizations/威.svg,bronze,5662,966,34,45
civilizations/维.svg,bronze,4186,797,31,39
civilizations/未.svg,oracle,3985,418,12,12
civilizations/温.svg,oracle,4194,707,27,40
civilizations/文.svg,oracle,3399,456,16,19
civilizations/沃.svg,seal,5635,955,30,43
civilizations/乌.svg,bronze,3528,494,14,15
civilizations/西.svg,oracle,6407,689,26,36
civilizations/希.svg,seal,3931,715,22,27
civilizations/悉.svg,seal,3764,615,17,19
civilizations/锡.svg,oracle,2531,487,22,32
civilizations/戏.svg,bronze,6117,1004,45,63
civilizations/香.svg,oracle,3625,782,31,49
civilizations/邪.svg,bronze,14677,1270,75,81
civilizations/欣.svg,seal,3962,760,24,32
civilizations/新.svg,oracle,5411,606,20,21
civilizations/兴.svg,oracle,5391,949,37,48
civilizations/匈.svg,seal,3242,607,16,18
civilizations/虚.svg,seal,4817,745,15,17
civilizations/学.svg,oracle,4386,625,18,22
civilizations/牙.svg,bronze,3848,754,70,47
civilizations/雅.svg,seal,4580,798,22,26
civilizations/亚.svg,oracle,3450,467,15,15
civilizations/耶.svg,bronze,14677,1270,75,81
civilizations/也.svg,bronze,3184,745,53,57
civilizations/野.svg,oracle,4220,616,18,22
civilizations/伊.svg,oracle,3068,499,16,22
civilizations/宜.svg,oracle,6107,660,22,30
civilizations/异.svg,seal,3597,624,18,23
civilizations/因.svg,oracle,6236,815,36,54
civilizations/印.svg,oracle,3680,405,13,13
civilizations/英.svg,bronze,9421,1090,61,68
civilizations/由.svg,oracle,2906,477,17,22
civilizations/游.svg,oracle,3643,789,37,46
civilizations/语.svg,bronze,6839,1148,82,62
civilizations/员.svg,oracle,3966,665,22,24
civilizations/缘.svg,seal,5170,783,18,24
civilizations/约.svg,seal,4397,707,20,24
civilizations/越.svg,bronze,5378,790,66,40
civilizations/运.svg,seal,6077,929,26,31
civilizations/扎.svg,seal,2612,512,16,18
civilizations/占.svg,oracle,5550,594,20,25
civilizations/战.svg,bronze,6502,1186,56,78
civilizations/张.svg,bronze,4576,997,44,60
civilizations/争.svg,oracle,3089,428,16,12
civilizations/知.svg,bronze,5748,1034,49,62
civilizations/殖.svg,seal,3882,732,22,29
civilizations/治.svg,seal,4796,865,28,38
civilizations/仲.svg,bronze,2250,351,14,14
civilizations/州.svg,oracle,3155,526,19,25
civilizations/主.svg,oracle,2096,578,28,38
civilizations/准.svg,seal,5264,933,29,36
civilizations/兹.svg,oracle,4579,603,21,23
civilizations/自.svg,oracle,3927,457,13,13
civilizations/族.svg,oracle,3385,471,16,23
civilizations/祖.svg,oracle,3091,728,31,40
civilizations/佐.svg,oracle,1769,283,14,12
civilopedia/典.svg,oracle,6327,952,34,42
diplomacy/保.svg,oracle,3679,493,14,15
diplomacy/报.svg,bronze,4716,678,20,25
diplomacy/币.svg,seal,5555,879,30,43
diplomacy/边.svg,oracle,4253,508,17,17
diplomacy/表.svg,seal,6100,1077,35,49
diplomacy/布.svg,bronze,2764,457,15,19
diplomacy/察.svg,bronze,4564,903,55,62
diplomacy/常.svg,bronze,2961,560,22,28
diplomacy/成.svg,oracle,3134,493,19,24
diplomacy/仇.svg,seal,2880,538,17,19
diplomacy/促.svg,seal,3105,582,17,21
diplomacy/大.svg,oracle,2903,343,12,14
diplomacy/代.svg,seal,2805,537,15,21
diplomacy/单.svg,oracle,3592,714,30,38
diplomacy/第.svg,oracle,2438,426,17,20
diplomacy/点.svg,seal,5110,1030,40,54
diplomacy/动.svg,bronze,6250,1232,72,85
diplomacy/度.svg,oracle,4328,570,20,24
diplomacy/方.svg,oracle,1997,301,12,12
diplomacy/防.svg,seal,3971,673,21,24
diplomacy/放.svg,bronze,4044,561,15,17
diplomacy/高.svg,oracle,4711,631,25,33
diplomacy/糕.svg,seal,5672,945,27,36
diplomacy/告.svg,oracle,3981,783,29,37
diplomacy/公.svg,oracle,2992,777,37,50
diplomacy/贡.svg,seal,2578,556,19,24
diplomacy/关.svg,oracle,4146,814,36,49
diplomacy/观.svg,oracle,6115,777,27,35
diplomacy/馆.svg,seal,5037,875,23,30
diplomacy/国.svg,bronze,4618,1003,46,68
diplomacy/海.svg,bronze,4642,734,29,43
diplomacy/好.svg,oracle,5623,580,17,22
diplomacy/合.svg,oracle,4227,499,20,21
diplomacy/核.svg,seal,4773,838,22,29
diplomacy/很.svg,seal,3302,672,21,29
diplomacy/护.svg,seal,6656,1042,30,37
diplomacy/化.svg,oracle,3337,787,41,50
diplomacy/黄.svg,oracle,3021,413,13,16
diplomacy/奖.svg,seal,4523,735,20,27
diplomacy/交.svg,seal,2394,423,14,13
diplomacy/解.svg,oracle,7447,889,30,40
diplomacy/界.svg,seal,3234,747,26,33
diplomacy/金.svg,bronze,3715,873,59,67
diplomacy/景.svg,seal,3528,624,20,25
diplomacy/究.svg,bronze,9248,1322,70,78
diplomacy/军.svg,bronze,5243,976,35,45
diplomacy/开.svg,seal,4765,839,25,32
diplomacy/科.svg,seal,4254,714,16,18
diplomacy/扩.svg,seal,6373,1044,30,40
diplomacy/礼.svg,oracle,6461,716,19,24
diplomacy/力.svg,oracle,1524,318,13,13
diplomacy/立.svg,oracle,2341,367,12,12
diplomacy/联.svg,oracle,2298,417,15,16
diplomacy/领.svg,seal,5254,956,30,42
diplomacy/贸.svg,bronze,4384,641,21,25
diplomacy/盟.svg,oracle,3914,632,21,26
diplomacy/棉.svg,seal,4456,893,28,35
diplomacy/民.svg,oracle,4569,503,16,17
diplomacy/尼.svg,seal,2259,494,15,23
diplomacy/品.svg,oracle,4135,861,39,51
diplomacy/平.svg,bronze,4627,869,43,53
diplomacy/器.svg,bronze,6509,1023,82,64
diplomacy/谴.svg,bronze,5523,1036,58,64
diplomacy/情.svg,seal,4723,738,16,14
diplomacy/请.svg,bronze,7546,1294,95,89
diplomacy/求.svg,oracle,3687,440,14,14
diplomacy/三.svg,oracle,3514,777,36,53
diplomacy/时.svg,bronze,3160,571,22,31
diplomacy/识.svg,bronze,5496,1045,44,60
diplomacy/使.svg,oracle,3700,503,15,16
diplomacy/示.svg,oracle,2869,453,14,16
diplomacy/事.svg,oracle,3432,446,14,15
diplomacy/授.svg,seal,4723,800,20,25
diplomacy/态.svg,seal,6051,853,22,28
diplomacy/特.svg,seal,4426,755,18,25
diplomacy/提.svg,seal,4072,698,20,24
diplomacy/条.svg,seal,4590,801,24,34
diplomacy/土.svg,oracle,2673,375,13,13
diplomacy/团.svg,bronze,7231,1060,48,58
diplomacy/位.svg,bronze,2250,368,13,14
diplomacy/文.svg,oracle,3399,456,16,19
diplomacy/武.svg,oracle,2522,390,16,18
diplomacy/物.svg,oracle,3159,791,40,54
diplomacy/西.svg,oracle,6407,689,26,36
diplomacy/系.svg,oracle,3461,436,16,18
diplomacy/响.svg,seal,6967,1036,36,41
diplomacy/协.svg,bronze,8573,1373,78,94
diplomacy/信.svg,bronze,13189,1529,83,88
diplomacy/行.svg,oracle,3916,811,39,55
diplomacy/形.svg,seal,3441,681,24,34
diplomacy/宣.svg,oracle,4504,523,15,19
diplomacy/学.svg,oracle,4386,625,18,22
diplomacy/亚.svg,oracle,3450,467,15,15
diplomacy/研.svg,seal,3421,700,23,32
diplomacy/仰.svg,seal,3174,661,19,27
diplomacy/要.svg,seal,4627,689,19,22
diplomacy/议.svg,bronze,12818,1376,85,89
diplomacy/易.svg,oracle,2690,481,22,29
diplomacy/谊.svg,seal,5307,855,23,29
diplomacy/意.svg,seal,5020,790,21,26
diplomacy/印.svg,oracle,3680,405,13,13
diplomacy/影.svg,seal,3528,624,20,25
diplomacy/用.svg,oracle,4793,431,14,15
diplomacy/友.svg,oracle,4257,763,31,41
diplomacy/予.svg,bronze,13047,1624,92,105
diplomacy/御.svg,oracle,4956,851,36,45
diplomacy/援.svg,seal,5375,848,21,27
diplomacy/约.svg,seal,4397,707,20,24
diplomacy/糟.svg,seal,7717,1155,36,41
diplomacy/责.svg,oracle,4521,631,19,23
diplomacy/战.svg,bronze,6502,1186,56,78
diplomacy/张.svg,bronze,4576,997,44,60
diplomacy/争.svg,oracle,3089,428,16,12
diplomacy/殖.svg,seal,3882,732,22,29
diplomacy/制.svg,bronze,6109,1078,46,59
diplomacy/主.svg,oracle,2096,578,28,38
diplomacy/助.svg,seal,3108,575,15,18
diplomacy/驻.svg,seal,4733,783,23,28
diplomacy/宗.svg,oracle,3425,482,18,23
diplomacy/作.svg,oracle,2347,435,17,18
districts/埃.svg,seal,3956,553,13,13
districts/奥.svg,seal,5085,969,28,40
districts/巴.svg,oracle,3277,402,12,12
districts/坝.svg,seal,5122,857,28,36
districts/拜.svg,bronze,5670,932,31,41
districts/班.svg,bronze,5517,902,72,50
districts/保.svg,oracle,3679,493,14,15
districts/比.svg,oracle,4320,760,36,43
districts/必.svg,oracle,1746,277,12,14
districts/标.svg,seal,6155,1067,36,48
districts/槽.svg,seal,7708,1156,33,41
districts/厂.svg,bronze,1035,269,12,12
districts/场.svg,seal,3655,686,20,27
districts/城.svg,bronze,6863,1217,67,79
districts/船.svg,bronze,3164,624,24,30
districts/存.svg,seal,2955,554,16,21
districts/达.svg,oracle,4962,878,40,56
districts/大.svg,oracle,2903,343,12,14
districts/道.svg,bronze,6684,1069,83,71
districts/地.svg,bronze,5173,995,41,56
districts/杜.svg,oracle,3913,490,13,13
districts/渡.svg,seal,5305,927,28,40
districts/俄.svg,seal,3909,604,13,15
districts/坊.svg,seal,2715,504,15,19
districts/分.svg,oracle,3729,788,36,48
districts/夫.svg,oracle,3503,440,17,18
districts/府.svg,bronze,3665,662,16,16
districts/港.svg,seal,6878,1209,41,55
districts/高.svg,oracle,4711,631,25,33
districts/哥.svg,seal,3335,627,20,25
districts/工.svg,oracle,2634,420,14,15
districts/古.svg,oracle,4733,867,34,44
districts/海.svg,bronze,4642,734,29,43
districts/汉.svg,bronze,11336,1270,76,83
districts/合.svg,oracle,4227,499,20,21
districts/河.svg,oracle,2673,358,15,20
districts/忽.svg,bronze,3179,610,25,33
districts/华.svg,seal,4729,783,27,37
districts/皇.svg,oracle,4797,628,19,24
districts/机.svg,seal,2918,579,15,17
districts/技.svg,seal,4017,620,15,17
districts/家.svg,oracle,4396,507,14,16
districts/嘉.svg,bronze,7214,1031,48,57
districts/建.svg,oracle,5820,736,21,26
districts/交.svg,seal,2394,423,14,13
districts/街.svg,oracle,4478,716,24,34
districts/竞.svg,oracle,6639,979,40,47
districts/剧.svg,seal,5224,838,19,23
districts/军.svg,bronze,5243,976,35,45
districts/坎.svg,seal,3686,631,21,27
districts/空.svg,bronze,3144,477,13,13
districts/口.svg,oracle,3008,706,29,38
districts/扩.svg,seal,6373,1044,30,40
districts/拉.svg,seal,3459,602,16,18
districts/乐.svg,oracle,3683,508,16,16
districts/里.svg,bronze,3831,806,32,42
districts/烈.svg,seal,4474,881,34,50
districts/邻.svg,bronze,4736,1076,63,80
districts/卢.svg,oracle,5387,641,17,18
districts/伦.svg,seal,4903,818,23,31
districts/玛.svg,oracle,6388,692,19,22
districts/棉.svg,seal,4456,893,28,35
districts/姆.svg,bronze,4016,856,38,51
districts/南.svg,oracle,3122,443,16,15
districts/年.svg,oracle,2372,404,15,17
districts/皮.svg,bronze,2972,503,17,20
districts/墙.svg,oracle,6051,807,29,41
districts/清.svg,bronze,11832,1321,80,83
districts/区.svg,oracle,4725,706,24,31
districts/萨.svg,seal,5101,782,20,24
districts/塞.svg,oracle,6051,740,30,44
districts/纱.svg,bronze,3448,734,36,58
districts/商.svg,oracle,4162,853,36,44
districts/设.svg,seal,5398,828,23,29
districts/圣.svg,oracle,4564,493,12,12
districts/市.svg,oracle,3562,628,25,36
districts/书.svg,bronze,4196,591,16,20
districts/水.svg,oracle,3839,504,24,32
districts/四.svg,oracle,2502,521,21,33
districts/台.svg,bronze,4474,763,71,47
districts/太.svg,seal,2222,484,15,18
districts/体.svg,bronze,6148,944,36,45
districts/天.svg,oracle,3424,674,29,37
districts/庭.svg,bronze,2455,577,21,29
districts/头.svg,bronze,3505,667,27,39
districts/图.svg,bronze,7351,1086,48,59
districts/围.svg,bronze,5910,1022,44,52
districts/卫.svg,oracle,4334,865,42,58
districts/文.svg,oracle,3399,456,16,19
districts/洗.svg,seal,4868,860,24,33
districts/想.svg,bronze,10991,1209,70,77
districts/校.svg,bronze,25158,2479,117,121
districts/心.svg,oracle,2584,408,12,12
districts/须.svg,oracle,2113,362,12,12
districts/雅.svg,seal,4580,798,22,26
districts/亚.svg,oracle,3450,467,15,15
districts/业.svg,bronze,9009,1291,56,70
districts/一.svg,oracle,1941,564,28,36
districts/伊.svg,oracle,3068,499,16,22
districts/营.svg,bronze,4400,687,24,34
districts/娱.svg,seal,4726,727,18,23
districts/园.svg,seal,4608,826,20,28
districts/院.svg,seal,4718,838,26,34
districts/越.svg,bronze,5378,790,66,40
districts/运.svg,seal,6077,929,26,31
districts/澡.svg,seal,6004,947,28,37
districts/造.svg,bronze,7194,1055,75,56
districts/扎.svg,seal,2612,512,16,18
districts/展.svg,seal,5405,895,24,33
districts/占.svg,oracle,5550,594,20,25
districts/政.svg,oracle,3276,673,25,34
districts/之.svg,oracle,2598,390,13,13
districts/知.svg,bronze,5748,1034,49,62
districts/筑.svg,seal,5055,758,24,30
districts/字.svg,bronze,4397,872,55,64
districts/综.svg,seal,5452,924,29,47
emergencies/急.svg,seal,4107,662,15,19
environmentaleffects/候.svg,seal,4246,707,16,24
eras/鼎.svg,oracle,4094,629,19,20
eras/古.svg,oracle,4733,867,34,44
eras/剑.svg,bronze,6108,743,27,34
eras/王.svg,oracle,3845,711,29,37
gamesettings/设.svg,seal,5398,828,23,29
governments/官.svg,oracle,3508,595,21,25
governors/督.svg,seal,4047,824,28,35
greatpeople/贤.svg,bronze,6017,1028,52,64
greatworks/阿.svg,bronze,3879,959,59,65
greatworks/埃.svg,seal,3956,553,13,13
greatworks/爱.svg,seal,5047,805,20,23
greatworks/安.svg,oracle,3688,551,18,22
greatworks/昂.svg,seal,3265,680,21,26
greatworks/奥.svg,seal,5085,969,28,40
greatworks/巴.svg,oracle,3277,402,12,12
greatworks/白.svg,oracle,2252,362,14,18
greatworks/邦.svg,oracle,3170,489,16,17
greatworks/卑.svg,bronze,3375,519,16,17
greatworks/北.svg,oracle,3712,448,15,18
greatworks/贝.svg,oracle,3427,565,18,24
greatworks/比.svg,oracle,4320,760,36,43
greatworks/碧.svg,seal,3666,725,26,30
greatworks/波.svg,seal,4978,941,30,45
greatworks/伯.svg,oracle,2755,380,17,15
greatworks/勃.svg,seal,4878,829,22,29
greatworks/博.svg,bronze,5726,906,73,51
greatworks/布.svg,bronze,2764,457,15,19
greatworks/查.svg,seal,5872,977,29,38
greatworks/柴.svg,bronze,8692,895,60,61
greatworks/茨.svg,seal,5111,902,30,42
greatworks/翠.svg,bronze,11378,1059,64,65
greatworks/达.svg,oracle,4962,878,40,56
greatworks/大.svg,oracle,2903,343,12,14
greatworks/代.svg,seal,2805,537,15,21
greatworks/岛.svg,seal,4889,871,28,40
greatworks/德.svg,oracle,5828,1010,45,61
greatworks/迪.svg,seal,4379,773,27,31
greatworks/第.svg,oracle,2438,426,17,20
greatworks/蒂.svg,seal,5760,767,16,18
greatworks/典.svg,oracle,6327,952,34,42
greatworks/雕.svg,bronze,17901,1466,82,92
greatworks/定.svg,oracle,3217,537,20,26
greatworks/东.svg,oracle,3754,551,18,22
greatworks/多.svg,oracle,4286,514,17,22
greatworks/尔.svg,bronze,4053,756,72,52
greatworks/梵.svg,seal,5128,795,25,27
greatworks/菲.svg,seal,4902,753,21,28
greatworks/芬.svg,seal,3039,595,21,28
greatworks/夫.svg,oracle,3503,440,17,18
greatworks/符.svg,bronze,14800,1643,87,98
greatworks/复.svg,oracle,3367,510,18,20
greatworks/高.svg,oracle,4711,631,25,33
greatworks/戈.svg,oracle,2459,333,12,12
greatworks/歌.svg,bronze,3548,708,24,30
greatworks/格.svg,bronze,5589,963,45,54
greatworks/工.svg,oracle,2634,420,14,15
greatworks/古.svg,oracle,4733,867,34,44
greatworks/观.svg,oracle,6115,777,27,35
greatworks/号.svg,bronze,3734,787,55,59
greatworks/荷.svg,seal,4770,852,25,36
greatworks/赫.svg,seal,5356,985,33,49
greatworks/呼.svg,bronze,7639,884,61,64
greatworks/胡.svg,bronze,7909,956,61,65
greatworks/花.svg,seal,4729,783,27,37
greatworks/华.svg,seal,4729,783,27,37
greatworks/基.svg,oracle,4206,566,18,20
greatworks/吉.svg,oracle,4685,861,34,46
greatworks/纪.svg,bronze,2682,717,28,36
greatworks/迹.svg,bronze,5885,937,75,56
greatworks/加.svg,bronze,3251,791,56,63
greatworks/贾.svg,oracle,3807,463,14,14
greatworks/件.svg,seal,2700,527,15,20
greatworks/健.svg,seal,5047,813,173,39
greatworks/教.svg,oracle,3957,656,22,32
greatworks/杰.svg,seal,4700,703,17,23
greatworks/金.svg,bronze,3715,873,59,67
greatworks/经.svg,bronze,4101,784,30,41
greatworks/井.svg,oracle,2740,430,13,13
greatworks/景.svg,seal,3528,624,20,25
greatworks/卡.svg,seal,1532,323,13,16
greatworks/开.svg,seal,4765,839,25,32
greatworks/坎.svg,seal,3686,631,21,27
greatworks/康.svg,oracle,3098,612,26,38
greatworks/考.svg,oracle,3143,368,12,12
greatworks/科.svg,seal,4254,714,16,18
greatworks/克.svg,oracle,2329,433,17,21
greatworks/空.svg,bronze,3144,477,13,13
greatworks/拉.svg,seal,3459,602,16,18
greatworks/莱.svg,seal,4548,753,25,32
greatworks/兰.svg,seal,6216,895,23,27
greatworks/朗.svg,seal,4338,754,20,24
greatworks/乐.svg,oracle,3683,508,16,16
greatworks/雷.svg,oracle,4209,629,24,28
greatworks/李.svg,bronze,39041,4428,223,245
greatworks/里.svg,bronze,3831,806,32,42
greatworks/力.svg,oracle,1524,318,13,13
greatworks/利.svg,oracle,6256,910,43,65
greatworks/廖.svg,seal,5842,1117,47,71
greatworks/列.svg,bronze,36399,3743,178,188
greatworks/林.svg,oracle,3514,511,15,18
greatworks/刘.svg,seal,9085,1235,33,49
greatworks/留.svg,bronze,4261,918,42,59
greatworks/卢.svg,oracle,5387,641,17,18
greatworks/鲁.svg,oracle,7431,858,26,36
greatworks/吕.svg,oracle,5113,523,15,17
greatworks/伦.svg,seal,4903,818,23,31
greatworks/罗.svg,oracle,4555,634,22,28
greatworks/洛.svg,bronze,5800,1046,71,68
greatworks/马.svg,oracle,6388,692,19,22
greatworks/麦.svg,oracle,2512,417,13,14
greatworks/曼.svg,oracle,3606,571,22,28
greatworks/毛.svg,bronze,2612,413,12,13
greatworks/弥.svg,bronze,5920,1051,39,53
greatworks/米.svg,oracle,2868,610,30,45
greatworks/末.svg,bronze,4190,763,38,42
greatworks/莫.svg,oracle,5178,981,46,66
greatworks/姆.svg,bronze,4016,856,38,51
greatworks/木.svg,oracle,2292,330,14,12
greatworks/穆.svg,oracle,4620,474,13,13
greatworks/纳.svg,bronze,3213,772,31,41
greatworks/奈.svg,oracle,2858,737,38,48
greatworks/尼.svg,seal,2259,494,15,23
greatworks/努.svg,seal,4767,748,20,24
greatworks/诺.svg,bronze,6038,961,72,48
greatworks/佩.svg,bronze,3826,614,19,23
greatworks/品.svg,oracle,4135,861,39,51
greatworks/坡.svg,bronze,5414,1166,66,78
greatworks/普.svg,seal,3990,696,24,30
greatworks/期.svg,bronze,4444,756,29,40
greatworks/奇.svg,seal,3173,615,19,25
greatworks/崎.svg,seal,4893,751,19,23
greatworks/器.svg,bronze,6509,1023,82,64
greatworks/恰.svg,seal,3582,757,22,30
greatworks/乔.svg,bronze,2770,553,18,20
greatworks/情.svg,seal,4723,738,16,14
greatworks/屈.svg,bronze,2806,553,19,25
greatworks/人.svg,oracle,1900,267,12,12
greatworks/萨.svg,seal,5101,782,20,24
greatworks/塞.svg,oracle,6051,740,30,44
greatworks/瑟.svg,seal,3685,613,15,20
greatworks/森.svg,oracle,4525,659,18,22
greatworks/莎.svg,seal,5423,1035,37,53
greatworks/设.svg,seal,5398,828,23,29
greatworks/什.svg,seal,2229,451,15,22
greatworks/神.svg,bronze,6081,999,78,62
greatworks/诗.svg,seal,7202,657,17,19
greatworks/时.svg,bronze,3160,571,22,31
greatworks/史.svg,oracle,2585,391,15,15
greatworks/士.svg,bronze,3565,675,66,42
greatworks/世.svg,bronze,3805,661,66,40
greatworks/舒.svg,bronze,14925,1634,87,97
greatworks/丝.svg,oracle,4316,619,20,22
greatworks/斯.svg,bronze,4725,1033,64,73
greatworks/叟.svg,oracle,4850,866,34,45
greatworks/塑.svg,oracle,6687,1048,44,57
greatworks/孙.svg,oracle,3378,468,15,16
greatworks/索.svg,oracle,5497,547,18,20
greatworks/塔.svg,seal,4938,807,25,33
greatworks/泰.svg,seal,2222,484,15,18
greatworks/忒.svg,seal,3559,535,15,17
greatworks/特.svg,seal,4426,755,18,25
greatworks/提.svg,seal,4072,698,20,24
greatworks/体.svg,bronze,6148,944,36,45
greatworks/天.svg,oracle,3424,674,29,37
greatworks/汀.svg,seal,3318,734,27,41
greatworks/吐.svg,seal,2341,502,16,18
greatworks/托.svg,oracle,1522,283,13,13
greatworks/瓦.svg,seal,1810,415,14,15
greatworks/万.svg,oracle,2364,298,12,12
greatworks/维.svg,bronze,4186,797,31,39
greatworks/伟.svg,seal,4151,686,18,24
greatworks/未.svg,oracle,3985,418,12,12
greatworks/温.svg,oracle,4194,707,27,40
greatworks/文.svg,oracle,3399,456,16,19
greatworks/沃.svg,seal,5635,955,30,43
greatworks/武.svg,oracle,2522,390,16,18
greatworks/物.svg,oracle,3159,791,40,54
greatworks/悟.svg,seal,3186,713,22,32
greatworks/西.svg,oracle,6407,689,26,36
greatworks/希.svg,seal,3931,715,22,27
greatworks/夏.svg,oracle,4207,571,23,24
greatworks/香.svg,oracle,3625,782,31,49
greatworks/象.svg,oracle,4841,562,15,15
greatworks/肖.svg,bronze,2190,560,25,34
greatworks/写.svg,seal,5297,884,21,25
greatworks/辛.svg,oracle,2173,320,13,15
greatworks/行.svg,oracle,3916,811,39,55
greatworks/兴.svg,oracle,5391,949,37,48
greatworks/雄.svg,seal,4732,754,19,22
greatworks/雪.svg,oracle,4298,808,41,58
greatworks/雅.svg,seal,4580,798,22,26
greatworks/亚.svg,oracle,3450,467,15,15
greatworks/业.svg,bronze,9009,1291,56,70
greatworks/伊.svg,oracle,3068,499,16,22
greatworks/遗.svg,bronze,5610,1079,90,82
greatworks/艺.svg,oracle,4186,776,28,36
greatworks/易.svg,oracle,2690,481,22,29
greatworks/音.svg,bronze,5192,873,74,54
greatworks/英.svg,bronze,9421,1090,61,68
greatworks/原.svg,bronze,3432,601,21,28
greatworks/泽.svg,seal,5846,1003,28,41
greatworks/扎.svg,seal,2612,512,16,18
greatworks/斋.svg,bronze,7508,1179,87,75
greatworks/征.svg,oracle,4446,892,41,56
greatworks/制.svg,bronze,6109,1078,46,59
greatworks/置.svg,oracle,4352,777,31,39
greatworks/子.svg,oracle,4268,579,15,16
greatworks/紫.svg,bronze,4446,833,31,40
greatworks/宗.svg,oracle,3425,482,18,23
greatworks/作.svg,oracle,2347,435,17,18
historicmoments/史.svg,oracle,2585,391,15,15
improvements/耕.svg,seal,5321,841,20,24
leaders/阿.svg,bronze,3879,959,59,65
leaders/埃.svg,seal,3956,553,13,13
leaders/安.svg,oracle,3688,551,18,22
leaders/昂.svg,seal,3265,680,21,26
leaders/奥.svg,seal,5085,969,28,40
leaders/澳.svg,seal,6936,1078,33,51
leaders/巴.svg,oracle,3277,402,12,12
leaders/跋.svg,seal,4151,694,17,20
leaders/白.svg,oracle,2252,362,14,18
leaders/拜.svg,bronze,5670,932,31,41
leaders/班.svg,bronze,5517,902,72,50
leaders/磅.svg,seal,3904,616,15,17
leaders/堡.svg,oracle,3679,493,14,15
leaders/暴.svg,oracle,4874,634,23,29
leaders/北.svg,oracle,3712,448,15,18
leaders/备.svg,oracle,8408,737,22,22
leaders/本.svg,bronze,4377,768,37,42
leaders/比.svg,oracle,4320,760,36,43
leaders/彼.svg,bronze,4758,779,71,47
leaders/必.svg,oracle,1746,277,12,14
leaders/边.svg,oracle,4253,508,17,17
leaders/变.svg,bronze,4829,744,28,37
leaders/病.svg,seal,3713,696,21,26
leaders/波.svg,seal,4978,941,30,45
leaders/玻.svg,bronze,4848,1020,45,63
leaders/伯.svg,oracle,2755,380,17,15
leaders/布.svg,bronze,2764,457,15,19
leaders/查.svg,seal,5872,977,29,38
leaders/场.svg,seal,3655,686,20,27
leaders/成.svg,oracle,3134,493,19,24
leaders/池.svg,bronze,3517,874,58,66
leaders/川.svg,oracle,2865,564,24,35
leaders/茨.svg,seal,5111,902,30,42
leaders/粗.svg,seal,3495,739,26,31
leaders/达.svg,oracle,4962,878,40,56
leaders/大.svg,oracle,2903,343,12,14
leaders/代.svg,seal,2805,537,15,21
leaders/导.svg,seal,6349,1139,41,59
leaders/盗.svg,oracle,3628,621,24,30
leaders/得.svg,oracle,5289,875,36,49
leaders/德.svg,oracle,5828,1010,45,61
leaders/地.svg,bronze,5173,995,41,56
leaders/狄.svg,bronze,2688,601,21,28
leaders/迪.svg,seal,4379,773,27,31
leaders/帝.svg,oracle,4153,805,30,39
leaders/蒂.svg,seal,5760,767,16,18
leaders/丁.svg,oracle,2500,414,14,16
leaders/动.svg,bronze,6250,1232,72,85
leaders/阇.svg,seal,5936,1102,39,53
leaders/度.svg,oracle,4328,570,20,24
leaders/囤.svg,seal,5102,833,24,31
leaders/顿.svg,seal,5102,833,24,31
leaders/多.svg,oracle,4286,514,17,22
leaders/俄.svg,seal,3909,604,13,15
leaders/鹅.svg,seal,6482,934,23,30
leaders/厄.svg,bronze,2685,386,13,13
leaders/恩.svg,seal,3593,613,20,18
leaders/尔.svg,bronze,4053,756,72,52
leaders/二.svg,oracle,2489,371,15,21
leaders/法.svg,bronze,5314,946,37,52
leaders/番.svg,bronze,6063,1016,82,67
leaders/菲.svg,seal,4902,753,21,28
leaders/夫.svg,oracle,3503,440,17,18
leaders/福.svg,bronze,8497,1239,90,77
leaders/甘.svg,oracle,4897,546,18,23
leaders/刚.svg,oracle,5418,676,23,26
leaders/高.svg,oracle,4711,631,25,33
leaders/膏.svg,oracle,4213,647,22,27
leaders/戈.svg,oracle,2459,333,12,12
leaders/哥.svg,seal,3335,627,20,25
leaders/格.svg,bronze,5589,963,45,54
leaders/工.svg,oracle,2634,420,14,15
leaders/公.svg,oracle,2992,777,37,50
leaders/古.svg,oracle,4733,867,34,44
leaders/国.svg,bronze,4618,1003,46,68
leaders/果.svg,bronze,5858,1076,54,67
leaders/哈.svg,seal,2618,531,21,23
leaders/海.svg,bronze,4642,734,29,43
leaders/韩.svg,bronze,4329,882,41,48
leaders/罕.svg,seal,3832,688,17,19
leaders/汉.svg,bronze,11336,1270,76,83
leaders/汗.svg,seal,3792,736,24,34
leaders/翰.svg,seal,6071,932,26,35
leaders/号.svg,bronze,3734,787,55,59
leaders/荷.svg,seal,4770,852,25,36
leaders/赫.svg,seal,5356,985,33,49
leaders/黑.svg,oracle,3131,470,18,18
leaders/忽.svg,bronze,3179,610,25,33
leaders/化.svg,oracle,3337,787,41,50
leaders/皇.svg,oracle,4797,628,19,24
leaders/机.svg,seal,2918,579,15,17
leaders/积.svg,bronze,5117,607,15,17
leaders/基.svg,oracle,4206,566,18,20
leaders/吉.svg,oracle,4685,861,34,46
leaders/笈.svg,seal,4736,737,15,18
leaders/加.svg,bronze,3251,791,56,63
leaders/伽.svg,seal,4681,777,23,29
leaders/家.svg,oracle,4396,507,14,16
leaders/贾.svg,oracle,3807,463,14,14
leaders/坚.svg,seal,3972,719,23,28
leaders/舰.svg,seal,5047,813,173,39
leaders/教.svg,oracle,3957,656,22,32
leaders/津.svg,bronze,5491,889,34,48
leaders/京.svg,oracle,4189,497,14,15
leaders/景.svg,seal,3528,624,20,25
leaders/惧.svg,bronze,6938,944,31,38
leaders/军.svg,bronze,5243,976,35,45
leaders/君.svg,oracle,3274,757,34,46
leaders/菌.svg,seal,4996,838,23,31
leaders/卡.svg,seal,1532,323,13,16
leaders/凯.svg,seal,4539,798,21,25
leaders/科.svg,seal,4254,714,16,18
leaders/克.svg,oracle,2329,433,17,21
leaders/肯.svg,seal,2804,570,17,20
leaders/空.svg,bronze,3144,477,13,13
leaders/恐.svg,bronze,3115,505,16,18
leaders/库.svg,bronze,3525,646,20,23
leaders/昆.svg,bronze,3246,537,16,19
leaders/扩.svg,seal,6373,1044,30,40
leaders/拉.svg,seal,3459,602,16,18
leaders/莱.svg,seal,4548,753,25,32
leaders/兰.svg,seal,6216,895,23,27
leaders/浪.svg,seal,5012,912,29,44
leaders/劳.svg,oracle,5481,955,45,64
leaders/乐.svg,oracle,3683,508,16,16
leaders/勒.svg,bronze,6784,1167,66,76
leaders/里.svg,bronze,3831,806,32,42
leaders/理.svg,bronze,6160,1105,61,65
leaders/历.svg,seal,5185,828,23,34
leaders/丽.svg,oracle,8234,775,23,24
leaders/利.svg,oracle,6256,910,43,65
leaders/莉.svg,oracle,6256,910,43,65
leaders/廉.svg,seal,6003,892,22,22
leaders/烈.svg,seal,4474,881,34,50
leaders/林.svg,oracle,3514,511,15,18
leaders/琳.svg,seal,5098,817,18,23
leaders/领.svg,seal,5254,956,30,42
leaders/另.svg,seal,6742,1248,44,65
leaders/流.svg,bronze,3926,805,37,54
leaders/六.svg,oracle,2711,338,12,13
leaders/卢.svg,oracle,5387,641,17,18
leaders/鲁.svg,oracle,7431,858,26,36
leaders/路.svg,bronze,5864,1011,75,53
leaders/掠.svg,seal,4295,703,19,23
leaders/伦.svg,seal,4903,818,23,31
leaders/罗.svg,oracle,4555,634,22,28
leaders/洛.svg,bronze,5800,1046,71,68
leaders/马.svg,oracle,6388,692,19,22
leaders/玛.svg,oracle,6388,692,19,22
leaders/蛮.svg,bronze,7810,1105,39,49
leaders/曼.svg,oracle,3606,571,22,28
leaders/贸.svg,bronze,4384,641,21,25
leaders/梅.svg,bronze,4235,791,41,48
leaders/美.svg,oracle,3122,466,12,13
leaders/蒙.svg,bronze,7026,1248,91,83
leaders/米.svg,oracle,2868,610,30,45
leaders/棉.svg,seal,4456,893,28,35
leaders/民.svg,oracle,4569,503,16,17
leaders/明.svg,oracle,5317,706,28,38
leaders/谟.svg,seal,4521,757,23,27
leaders/摩.svg,seal,5465,1011,30,48
leaders/姆.svg,bronze,4016,856,38,51
leaders/穆.svg,oracle,4620,474,13,13
leaders/纳.svg,bronze,3213,772,31,41
leaders/娜.svg,seal,2777,540,12,15
leaders/南.svg,oracle,3122,443,16,15
leaders/尼.svg,seal,2259,494,15,23
leaders/努.svg,seal,4767,748,20,24
leaders/女.svg,oracle,2794,391,14,17
leaders/诺.svg,bronze,6038,961,72,48
leaders/帕.svg,seal,3009,589,18,20
leaders/佩.svg,bronze,3826,614,19,23
leaders/品.svg,oracle,4135,861,39,51
leaders/葡.svg,oracle,8408,737,22,22
leaders/普.svg,seal,3990,696,24,30
leaders/齐.svg,oracle,3387,550,21,28
leaders/其.svg,oracle,6171,586,20,20
leaders/奇.svg,seal,3173,615,19,25
leaders/骑.svg,bronze,17043,2292,142,189
leaders/器.svg,bronze,6509,1023,82,64
leaders/乔.svg,bronze,2770,553,18,20
leaders/秦.svg,oracle,5349,641,18,22
leaders/琴.svg,seal,4507,874,24,34
leaders/情.svg,seal,4723,738,16,14
leaders/人.svg,oracle,1900,267,12,12
leaders/日.svg,oracle,3306,472,15,22
leaders/若.svg,oracle,5095,860,31,42
leaders/撒.svg,seal,4729,845,28,32
leaders/萨.svg,seal,5101,782,20,24
leaders/塞.svg,oracle,6051,740,30,44
leaders/赛.svg,seal,7205,1187,38,54
leaders/三.svg,oracle,3514,777,36,53
leaders/瑟.svg,seal,3685,613,15,20
leaders/森.svg,oracle,4525,659,18,22
leaders/沙.svg,bronze,3448,734,36,58
leaders/莎.svg,seal,5423,1035,37,53
leaders/山.svg,oracle,6901,852,35,53
leaders/善.svg,bronze,8340,1140,76,56
leaders/商.svg,oracle,4162,853,36,44
leaders/什.svg,seal,2229,451,15,22
leaders/神.svg,bronze,6081,999,78,62
leaders/声.svg,oracle,7853,799,27,37
leaders/圣.svg,oracle,4564,493,12,12
leaders/时.svg,bronze,3160,571,22,31
leaders/士.svg,bronze,3565,675,66,42
leaders/世.svg,bronze,3805,661,66,40
leaders/势.svg,seal,6507,902,20,22
leaders/私.svg,bronze,15071,1649,89,96
leaders/思.svg,bronze,3776,890,57,60
leaders/斯.svg,bronze,4725,1033,64,73
leaders/死.svg,oracle,5746,532,16,22
leaders/松.svg,bronze,4506,955,47,59
leaders/苏.svg,bronze,8515,1194,84,64
leaders/随.svg,seal,6919,1076,38,48
leaders/塔.svg,seal,4938,807,25,33
leaders/萄.svg,seal,5272,769,18,22
leaders/特.svg,seal,4426,755,18,25
leaders/体.svg,bronze,6148,944,36,45
leaders/替.svg,oracle,3088,506,17,22
leaders/天.svg,oracle,3424,674,29,37
leaders/添.svg,seal,3748,775,26,34
leaders/条.svg,seal,4590,801,24,34
leaders/廷.svg,bronze,4394,896,78,62
leaders/庭.svg,bronze,2455,577,21,29
leaders/突.svg,oracle,2882,493,19,24
leaders/图.svg,bronze,7351,1086,48,59
leaders/徒.svg,oracle,3956,711,29,41
leaders/吐.svg,seal,2341,502,16,18
leaders/托.svg,oracle,1522,283,13,13
leaders/陀.svg,bronze,4995,1039,61,69
leaders/瓦.svg,seal,1810,415,14,15
leaders/威.svg,bronze,5662,966,34,45
leaders/维.svg,bronze,4186,797,31,39
leaders/伟.svg,seal,4151,686,18,24
leaders/文.svg,oracle,3399,456,16,19
leaders/武.svg,oracle,2522,390,16,18
leaders/西.svg,oracle,6407,689,26,36
leaders/希.svg,seal,3931,715,22,27
leaders/悉.svg,seal,3764,615,17,19
leaders/邪.svg,bronze,14677,1270,75,81
leaders/袖.svg,seal,4834,729,19,23
leaders/虚.svg,seal,4817,745,15,17
leaders/学.svg,oracle,4386,625,18,22
leaders/牙.svg,bronze,3848,754,70,47
leaders/雅.svg,seal,4580,798,22,26
leaders/亚.svg,oracle,3450,467,15,15
leaders/艳.svg,seal,9117,1323,39,53
leaders/耶.svg,bronze,14677,1270,75,81
leaders/野.svg,oracle,4220,616,18,22
leaders/业.svg,bronze,9009,1291,56,70
leaders/叶.svg,bronze,8573,1373,78,94
leaders/伊.svg,oracle,3068,499,16,22
leaders/义.svg,oracle,5199,572,14,14
leaders/易.svg,oracle,2690,481,22,29
leaders/印.svg,oracle,3680,405,13,13
leaders/英.svg,bronze,9421,1090,61,68
leaders/永.svg,oracle,2403,458,18,22
leaders/用.svg,oracle,4793,431,14,15
leaders/语.svg,bronze,6839,1148,82,62
leaders/员.svg,oracle,3966,665,22,24
leaders/缘.svg,seal,5170,783,18,24
leaders/约.svg,seal,4397,707,20,24
leaders/越.svg,bronze,5378,790,66,40
leaders/运.svg,seal,6077,929,26,31
leaders/造.svg,bronze,7194,1055,75,56
leaders/则.svg,bronze,6906,1025,44,54
leaders/旃.svg,bronze,4893,708,22,29
leaders/占.svg,oracle,5550,594,20,25
leaders/战.svg,bronze,6502,1186,56,78
leaders/张.svg,bronze,4576,997,44,60
leaders/真.svg,bronze,3426,593,21,27
leaders/争.svg,oracle,3089,428,16,12
leaders/制.svg,bronze,6109,1078,46,59
leaders/朱.svg,oracle,1608,309,12,13
leaders/主.svg,oracle,2096,578,28,38
leaders/准.svg,seal,5264,933,29,36
leaders/兹.svg,oracle,4579,603,21,23
leaders/宗.svg,oracle,3425,482,18,23
mappins/标.svg,seal,6155,1067,36,48
notifications/埃.svg,seal,3956,553,13,13
notifications/挨.svg,seal,4861,717,17,19
notifications/碍.svg,seal,5765,972,23,32
notifications/傲.svg,seal,5307,777,20,25
notifications/巴.svg,oracle,3277,402,12,12
notifications/坝.svg,seal,5122,857,28,36
notifications/败.svg,oracle,5285,631,18,22
notifications/斑.svg,seal,6225,904,24,25
notifications/邦.svg,oracle,3170,489,16,17
notifications/暴.svg,oracle,4874,634,23,29
notifications/本.svg,bronze,4377,768,37,42
notifications/比.svg,oracle,4320,760,36,43
notifications/币.svg,seal,5555,879,30,43
notifications/避.svg,seal,6512,1072,33,46
notifications/边.svg,oracle,4253,508,17,17
notifications/变.svg,bronze,4829,744,28,37
notifications/便.svg,bronze,3758,595,18,24
notifications/标.svg,seal,6155,1067,36,48
notifications/别.svg,oracle,3717,508,19,24
notifications/捕.svg,seal,4511,798,19,20
notifications/布.svg,bronze,2764,457,15,19
notifications/步.svg,oracle,3462,757,38,50
notifications/部.svg,seal,4858,809,22,28
notifications/产.svg,bronze,4608,919,44,54
notifications/称.svg,seal,5192,857,24,28
notifications/成.svg,oracle,3134,493,19,24
notifications/承.svg,oracle,4000,744,29,37
notifications/诚.svg,seal,5873,931,23,31
notifications/城.svg,bronze,6863,1217,67,79
notifications/程.svg,bronze,4309,687,24,30
notifications/充.svg,seal,2651,446,13,13
notifications/丑.svg,oracle,3464,351,14,12
notifications/出.svg,oracle,3541,508,16,19
notifications/除.svg,seal,4835,897,24,31
notifications/窗.svg,seal,1801,501,16,18
notifications/创.svg,bronze,4192,713,68,40
notifications/瓷.svg,seal,4269,807,29,39
notifications/丛.svg,bronze,19107,1918,92,98
notifications/促.svg,seal,3105,582,17,21
notifications/篡.svg,seal,5669,1000,35,51
notifications/打.svg,seal,2959,565,18,22
notifications/大.svg,oracle,2903,343,12,14
notifications/代.svg,seal,2805,537,15,21
notifications/单.svg,oracle,3592,714,30,38
notifications/弹.svg,oracle,3021,468,17,19
notifications/导.svg,seal,6349,1139,41,59
notifications/盗.svg,oracle,3628,621,24,30
notifications/道.svg,bronze,6684,1069,83,71
notifications/得.svg,oracle,5289,875,36,49
notifications/地.svg,bronze,5173,995,41,56
notifications/等.svg,seal,4737,812,24,35
notifications/低.svg,seal,3376,592,17,21
notifications/敌.svg,bronze,3926,614,20,25
notifications/点.svg,seal,5110,1030,40,54
notifications/电.svg,bronze,4120,786,33,51
notifications/殿.svg,bronze,3823,873,55,62
notifications/调.svg,seal,5166,954,28,33
notifications/谍.svg,seal,6659,923,21,24
notifications/定.svg,oracle,3217,537,20,26
notifications/丢.svg,bronze,6710,1054,48,60
notifications/东.svg,oracle,3754,551,18,22
notifications/动.svg,bronze,6250,1232,72,85
notifications/度.svg,oracle,4328,570,20,24
notifications/端.svg,seal,4517,734,17,21
notifications/断.svg,bronze,4850,933,59,66
notifications/队.svg,oracle,3702,588,19,24
notifications/夺.svg,bronze,4976,809,36,50
notifications/俄.svg,seal,3909,604,13,15
notifications/饿.svg,seal,5533,794,17,19
notifications/发.svg,oracle,2640,367,15,18
notifications/反.svg,oracle,3438,699,28,36
notifications/范.svg,bronze,3088,607,22,32
notifications/方.svg,oracle,1997,301,12,12
notifications/房.svg,seal,3005,570,14,14
notifications/放.svg,bronze,4044,561,15,17
notifications/非.svg,oracle,3204,433,15,19
notifications/分.svg,oracle,3729,788,36,48
notifications/份.svg,seal,3710,823,24,34
notifications/风.svg,oracle,5613,561,14,14
notifications/服.svg,oracle,3671,569,23,26
notifications/俘.svg,oracle,3798,543,19,25
notifications/府.svg,bronze,3665,662,16,16
notifications/付.svg,bronze,2473,472,15,17
notifications/复.svg,oracle,3367,510,18,20
notifications/改.svg,oracle,3469,536,17,19
notifications/干.svg,oracle,2695,660,28,38
notifications/告.svg,oracle,3981,783,29,37
notifications/革.svg,oracle,9393,818,30,35
notifications/格.svg,bronze,5589,963,45,54
notifications/给.svg,seal,4222,767,24,32
notifications/更.svg,oracle,3674,489,17,19
notifications/工.svg,oracle,2634,420,14,15
notifications/公.svg,oracle,2992,777,37,50
notifications/功.svg,bronze,2268,671,52,57
notifications/攻.svg,bronze,3813,842,54,60
notifications/购.svg,seal,5785,855,27,25
notifications/媾.svg,bronze,6949,1085,41,53
notifications/古.svg,oracle,4733,867,34,44
notifications/故.svg,bronze,2031,363,13,14
notifications/雇.svg,oracle,4510,557,19,19
notifications/观.svg,oracle,6115,777,27,35
notifications/滚.svg,seal,6179,946,25,30
notifications/国.svg,bronze,4618,1003,46,68
notifications/过.svg,bronze,5060,896,75,56
notifications/海.svg,bronze,4642,734,29,43
notifications/旱.svg,seal,2566,527,18,20
notifications/好.svg,oracle,5623,580,17,22
notifications/合.svg,oracle,4227,499,20,21
notifications/河.svg,oracle,2673,358,15,20
notifications/核.svg,seal,4773,838,22,29
notifications/很.svg,seal,3302,672,21,29
notifications/红.svg,seal,3430,575,17,21
notifications/洪.svg,seal,5356,978,31,47
notifications/户.svg,oracle,5302,640,24,31
notifications/化.svg,oracle,3337,787,41,50
notifications/坏.svg,bronze,5953,1057,64,69
notifications/换.svg,seal,5720,862,22,29
notifications/恢.svg,seal,4595,853,21,28
notifications/挥.svg,bronze,8216,1362,74,85
notifications/回.svg,oracle,3257,456,18,19
notifications/会.svg,oracle,8247,782,24,31
notifications/贿.svg,seal,4576,842,25,34
notifications/彗.svg,oracle,3736,491,16,18
notifications/活.svg,seal,5063,870,26,37
notifications/火.svg,oracle,4855,702,26,35
notifications/获.svg,oracle,3490,578,25,35
notifications/击.svg,seal,6471,970,27,32
notifications/机.svg,seal,2918,579,15,17
notifications/级.svg,seal,4711,701,17,19
notifications/急.svg,seal,4107,662,15,19
notifications/计.svg,seal,3852,694,22,24
notifications/记.svg,bronze,21646,2397,123,127
notifications/纪.svg,bronze,2682,717,28,36
notifications/技.svg,seal,4017,620,15,17
notifications/迹.svg,bronze,5885,937,75,56
notifications/加.svg,bronze,3251,791,56,63
notifications/间.svg,bronze,5069,994,44,60
notifications/监.svg,oracle,4648,577,19,21
notifications/减.svg,bronze,5573,1072,65,69
notifications/见.svg,oracle,5748,728,34,48
notifications/件.svg,seal,2700,527,15,20
notifications/建.svg,oracle,5820,736,21,26
notifications/箭.svg,bronze,3708,676,24,33
notifications/僵.svg,seal,4140,925,33,44
notifications/交.svg,seal,2394,423,14,13
notifications/骄.svg,bronze,3693,631,21,25
notifications/焦.svg,bronze,2979,620,21,27
notifications/教.svg,oracle,3957,656,22,32
notifications/接.svg,seal,5524,814,21,26
notifications/劫.svg,seal,3942,673,18,22
notifications/结.svg,seal,4220,731,24,26
notifications/解.svg,oracle,7447,889,30,40
notifications/界.svg,seal,3234,747,26,33
notifications/金.svg,bronze,3715,873,59,67
notifications/紧.svg,seal,4712,762,24,27
notifications/晋.svg,oracle,5287,665,21,26
notifications/禁.svg,seal,4872,911,27,40
notifications/竞.svg,oracle,6639,979,40,47
notifications/就.svg,oracle,4629,568,15,16
notifications/剧.svg,seal,5224,838,19,23
notifications/开.svg,seal,4765,839,25,32
notifications/看.svg,seal,3320,618,18,20
notifications/考.svg,oracle,3143,368,12,12
notifications/科.svg,seal,4254,714,16,18
notifications/刻.svg,seal,3523,711,20,26
notifications/口.svg,oracle,3008,706,29,38
notifications/库.svg,bronze,3525,646,20,23
notifications/快.svg,seal,4182,723,16,19
notifications/况.svg,oracle,4084,553,18,23
notifications/困.svg,oracle,3347,608,18,26
notifications/扩.svg,seal,6373,1044,30,40
notifications/拉.svg,seal,3459,602,16,18
notifications/来.svg,oracle,2380,420,12,12
notifications/兰.svg,seal,6216,895,23,27
notifications/乐.svg,oracle,3683,508,16,16
notifications/离.svg,bronze,17346,1576,87,93
notifications/理.svg,bronze,6160,1105,61,65
notifications/力.svg,oracle,1524,318,13,13
notifications/立.svg,oracle,2341,367,12,12
notifications/利.svg,oracle,6256,910,43,65
notifications/连.svg,bronze,6892,1127,84,67
notifications/联.svg,oracle,2298,417,15,16
notifications/量.svg,oracle,3696,508,17,18
notifications/林.svg,oracle,3514,511,15,18
notifications/临.svg,oracle,5097,563,16,19
notifications/领.svg,seal,5254,956,30,42
notifications/流.svg,bronze,3926,805,37,54
notifications/隆.svg,seal,6313,1025,28,34
notifications/陆.svg,oracle,4730,648,21,25
notifications/录.svg,oracle,3561,624,28,41
notifications/赂.svg,seal,4043,768,23,29
notifications/路.svg,bronze,5864,1011,75,53
notifications/虑.svg,bronze,3551,600,21,27
notifications/乱.svg,bronze,4786,968,60,68
notifications/掠.svg,seal,4295,703,19,23
notifications/轮.svg,bronze,5827,956,58,61
notifications/罗.svg,oracle,4555,634,22,28
notifications/落.svg,seal,5825,987,36,50
notifications/玛.svg,oracle,6388,692,19,22
notifications/买.svg,oracle,5267,683,21,25
notifications/蛮.svg,bronze,7810,1105,39,49
notifications/贸.svg,bronze,4384,641,21,25
notifications/没.svg,seal,4857,890,27,37
notifications/美.svg,oracle,3122,466,12,13
notifications/盟.svg,oracle,3914,632,21,26
notifications/秘.svg,seal,4425,1010,30,44
notifications/密.svg,bronze,5038,1041,61,71
notifications/免.svg,oracle,3686,425,16,18
notifications/面.svg,oracle,8330,625,22,22
notifications/民.svg,oracle,4569,503,16,17
notifications/命.svg,oracle,2890,721,33,43
notifications/模.svg,seal,6459,1038,30,39
notifications/目.svg,oracle,8302,820,33,36
notifications/募.svg,seal,5571,875,23,29
notifications/你.svg,bronze,7114,1247,53,69
notifications/念.svg,oracle,5348,885,32,43
notifications/捏.svg,seal,4729,834,26,35
notifications/挪.svg,seal,4560,707,19,25
notifications/诺.svg,bronze,6038,961,72,48
notifications/叛.svg,seal,4179,760,24,32
notifications/跑.svg,bronze,4432,777,25,31
notifications/喷.svg,seal,5816,915,28,37
notifications/品.svg,oracle,4135,861,39,51
notifications/平.svg,bronze,4627,869,43,53
notifications/凭.svg,seal,2942,608,19,27
notifications/迫.svg,seal,3782,710,25,30
notifications/破.svg,seal,4374,798,25,38
notifications/期.svg,bronze,4444,756,29,40
notifications/其.svg,oracle,6171,586,20,20
notifications/奇.svg,seal,3173,615,19,25
notifications/企.svg,oracle,2140,450,16,19
notifications/器.svg,bronze,6509,1023,82,64
notifications/迁.svg,seal,3986,731,26,30
notifications/谴.svg,bronze,5523,1036,58,64
notifications/强.svg,seal,6957,1149,38,50
notifications/墙.svg,oracle,6051,807,29,41
notifications/抢.svg,bronze,3716,923,58,68
notifications/窃.svg,seal,7348,1172,35,49
notifications/轻.svg,seal,4807,919,32,46
notifications/情.svg,seal,4723,738,16,14
notifications/请.svg,bronze,7546,1294,95,89
notifications/求.svg,oracle,3687,440,14,14
notifications/屈.svg,bronze,2806,553,19,25
notifications/取.svg,oracle,2992,390,13,14
notifications/去.svg,oracle,4021,510,16,18
notifications/然.svg,bronze,5215,859,32,40
notifications/扰.svg,bronze,5966,1087,47,68
notifications/人.svg,oracle,1900,267,12,12
notifications/认.svg,seal,4234,736,21,24
notifications/任.svg,oracle,2399,375,12,13
notifications/容.svg,bronze,2523,540,22,30
notifications/入.svg,oracle,1838,284,12,15
notifications/塞.svg,oracle,6051,740,30,44
notifications/赛.svg,seal,7205,1187,38,54
notifications/散.svg,oracle,4541,735,24,35
notifications/骚.svg,seal,6227,996,28,36
notifications/色.svg,bronze,22249,2064,120,113
notifications/森.svg,oracle,4525,659,18,22
notifications/杀.svg,bronze,3911,763,28,36
notifications/山.svg,oracle,6901,852,35,53
notifications/煽.svg,seal,5027,909,28,43
notifications/设.svg,seal,5398,828,23,29
notifications/社.svg,bronze,5337,977,81,67
notifications/身.svg,oracle,2087,323,13,13
notifications/神.svg,bronze,6081,999,78,62
notifications/升.svg,oracle,2918,578,21,28
notifications/生.svg,oracle,2014,365,12,12
notifications/声.svg,oracle,7853,799,27,37
notifications/胜.svg,seal,3514,638,17,17
notifications/尸.svg,oracle,1833,313,12,12
notifications/失.svg,bronze,3269,706,52,55
notifications/施.svg,seal,4419,739,21,26
notifications/时.svg,bronze,3160,571,22,31
notifications/食.svg,oracle,4256,658,24,31
notifications/始.svg,bronze,5135,922,41,53
notifications/氏.svg,oracle,1535,274,12,14
notifications/世.svg,bronze,3805,661,66,40
notifications/市.svg,oracle,3562,628,25,36
notifications/式.svg,seal,2603,500,15,22
notifications/事.svg,oracle,3432,446,14,15
notifications/收.svg,seal,3893,635,18,22
notifications/守.svg,oracle,3199,599,23,29
notifications/首.svg,oracle,8401,691,19,20
notifications/寿.svg,bronze,4862,710,23,29
notifications/受.svg,oracle,3815,513,17,22
notifications/赎.svg,bronze,4972,744,25,37
notifications/术.svg,oracle,2566,433,18,25
notifications/束.svg,oracle,2860,420,14,15
notifications/数.svg,bronze,7320,1121,82,62
notifications/水.svg,oracle,3839,504,24,32
notifications/顺.svg,oracle,7919,743,25,32
notifications/司.svg,oracle,2554,382,15,17
notifications/死.svg,oracle,5746,532,16,22
notifications/速.svg,oracle,4063,838,36,47
notifications/碎.svg,seal,4160,720,22,29
notifications/损.svg,seal,4152,723,22,27
notifications/他.svg,seal,3508,613,18,25
notifications/态.svg,seal,6051,853,22,28
notifications/逃.svg,bronze,5919,1011,75,56
notifications/特.svg,seal,4426,755,18,25
notifications/踢.svg,seal,4532,807,22,29
notifications/提.svg,seal,4072,698,20,24
notifications/天.svg,oracle,3424,674,29,37
notifications/填.svg,seal,3909,737,25,32
notifications/听.svg,oracle,4562,507,19,19
notifications/通.svg,oracle,6187,989,45,58
notifications/同.svg,oracle,3854,593,19,23
notifications/偷.svg,seal,5422,986,31,44
notifications/突.svg,oracle,2882,493,19,24
notifications/土.svg,oracle,2673,375,13,13
notifications/推.svg,seal,4429,774,20,23
notifications/脱.svg,seal,4444,723,19,24
notifications/弯.svg,seal,7223,927,29,33
notifications/完.svg,seal,3450,622,18,25
notifications/玩.svg,seal,3255,597,20,22
notifications/万.svg,oracle,2364,298,12,12
notifications/亡.svg,oracle,1729,288,12,14
notifications/网.svg,oracle,2521,416,15,18
notifications/围.svg,bronze,5910,1022,44,52
notifications/伟.svg,seal,4151,686,18,24
notifications/委.svg,oracle,3420,495,15,17
notifications/未.svg,oracle,3985,418,12,12
notifications/位.svg,bronze,2250,368,13,14
notifications/文.svg,oracle,3399,456,16,19
notifications/闻.svg,oracle,7398,746,26,38
notifications/我.svg,oracle,3806,505,15,17
notifications/屋.svg,seal,3959,661,16,19
notifications/务.svg,bronze,4847,947,58,65
notifications/物.svg,oracle,3159,791,40,54
notifications/西.svg,oracle,6407,689,26,36
notifications/戏.svg,bronze,6117,1004,45,63
notifications/系.svg,oracle,3461,436,16,18
notifications/先.svg,oracle,2867,404,13,14
notifications/闲.svg,bronze,5307,986,40,52
notifications/现.svg,oracle,5748,728,34,48
notifications/线.svg,seal,6746,630,17,20
notifications/相.svg,oracle,3889,560,18,21
notifications/响.svg,seal,6967,1036,36,41
notifications/消.svg,seal,4617,922,30,44
notifications/销.svg,seal,5046,950,33,49
notifications/小.svg,oracle,2593,726,36,48
notifications/协.svg,bronze,8573,1373,78,94
notifications/心.svg,oracle,2584,408,12,12
notifications/新.svg,oracle,5411,606,20,21
notifications/信.svg,bronze,13189,1529,83,88
notifications/星.svg,oracle,3806,569,20,24
notifications/行.svg,oracle,3916,811,39,55
notifications/雄.svg,seal,4732,754,19,22
notifications/袖.svg,seal,4834,729,19,23
notifications/需.svg,bronze,4389,749,32,44
notifications/序.svg,bronze,5078,1003,62,71
notifications/宣.svg,oracle,4504,523,15,19
notifications/选.svg,oracle,2867,404,13,14
notifications/学.svg,oracle,4386,625,18,22
notifications/压.svg,seal,5814,929,25,30
notifications/雅.svg,seal,4580,798,22,26
notifications/亚.svg,oracle,3450,467,15,15
notifications/淹.svg,seal,5665,971,31,44
notifications/严.svg,bronze,8077,1070,75,54
notifications/仰.svg,seal,3174,661,19,27
notifications/摇.svg,seal,4830,794,20,23
notifications/要.svg,seal,4627,689,19,22
notifications/耀.svg,seal,6382,1092,32,42
notifications/野.svg,oracle,4220,616,18,22
notifications/业.svg,bronze,9009,1291,56,70
notifications/一.svg,oracle,1941,564,28,36
notifications/移.svg,seal,4114,758,21,25
notifications/遗.svg,bronze,5610,1079,90,82
notifications/已.svg,bronze,2242,644,53,56
notifications/以.svg,oracle,1915,334,13,14
notifications/义.svg,oracle,5199,572,14,14
notifications/忆.svg,bronze,5598,663,17,19
notifications/议.svg,bronze,12818,1376,85,89
notifications/易.svg,oracle,2690,481,22,29
notifications/谊.svg,seal,5307,855,23,29
notifications/意.svg,seal,5020,790,21,26
notifications/英.svg,bronze,9421,1090,61,68
notifications/营.svg,bronze,4400,687,24,34
notifications/影.svg,seal,3528,624,20,25
notifications/用.svg,oracle,4793,431,14,15
notifications/优.svg,seal,6597,978,28,39
notifications/由.svg,oracle,2906,477,17,22
notifications/游.svg,oracle,3643,789,37,46
notifications/友.svg,oracle,4257,763,31,41
notifications/予.svg,bronze,13047,1624,92,105
notifications/雨.svg,oracle,2815,500,22,28
notifications/遇.svg,bronze,26600,2563,143,169
notifications/员.svg,oracle,3966,665,22,24
notifications/援.svg,seal,5375,848,21,27
notifications/源.svg,seal,3780,793,21,27
notifications/跃.svg,seal,6918,1226,45,64
notifications/灾.svg,oracle,5595,619,16,20
notifications/造.svg,bronze,7194,1055,75,56
notifications/择.svg,bronze,6504,1063,41,52
notifications/责.svg,oracle,4521,631,19,23
notifications/增.svg,bronze,4470,1031,66,79
notifications/炸.svg,bronze,6955,1090,84,68
notifications/展.svg,seal,5405,895,24,33
notifications/战.svg,bronze,6502,1186,56,78
notifications/站.svg,seal,6637,1013,29,38
notifications/长.svg,oracle,4360,434,15,18
notifications/招.svg,seal,3674,627,22,23
notifications/召.svg,oracle,3465,759,32,43
notifications/整.svg,bronze,4952,733,26,34
notifications/政.svg,oracle,3276,673,25,34
notifications/之.svg,oracle,2598,390,13,13
notifications/支.svg,seal,3125,518,12,12
notifications/知.svg,bronze,5748,1034,49,62
notifications/织.svg,bronze,5114,1021,44,62
notifications/执.svg,oracle,4781,573,18,21
notifications/职.svg,bronze,7104,1268,49,69
notifications/止.svg,oracle,2653,624,28,38
notifications/址.svg,seal,3706,660,20,21
notifications/指.svg,seal,4029,720,22,31
notifications/制.svg,bronze,6109,1078,46,59
notifications/置.svg,oracle,4352,777,31,39
notifications/忠.svg,bronze,3776,589,18,21
notifications/重.svg,oracle,3521,542,19,23
notifications/州.svg,oracle,3155,526,19,25
notifications/主.svg,oracle,2096,578,28,38
notifications/住.svg,seal,4733,783,23,28
notifications/助.svg,seal,3108,575,15,18
notifications/注.svg,oracle,5693,885,40,59
notifications/抓.svg,seal,6739,1056,33,45
notifications/砖.svg,bronze,4952,1085,64,75
notifications/转.svg,seal,5828,993,32,35
notifications/状.svg,seal,3289,584,15,19
notifications/撞.svg,seal,6184,987,24,29
notifications/兹.svg,oracle,4579,603,21,23
notifications/资.svg,seal,4458,857,31,41
notifications/自.svg,oracle,3927,457,13,13
notifications/宗.svg,oracle,3425,482,18,23
notifications/走.svg,oracle,2000,348,12,13
notifications/族.svg,oracle,3385,471,16,23
notifications/阻.svg,seal,3271,654,23,27
notifications/组.svg,bronze,4806,947,36,48
notifications/遵.svg,seal,7210,1215,41,56
notifications/作.svg,oracle,2347,435,17,18
policies/阿.svg,bronze,3879,959,59,65
policies/暗.svg,seal,4780,836,25,32
policies/澳.svg,seal,6936,1078,33,51
policies/坝.svg,seal,5122,857,28,36
policies/办.svg,seal,6195,984,28,34
policies/保.svg,oracle,3679,493,14,15
policies/堡.svg,oracle,3679,493,14,15
policies/报.svg,bronze,4716,678,20,25
policies/贝.svg,oracle,3427,565,18,24
policies/本.svg,bronze,4377,768,37,42
policies/币.svg,seal,5555,879,30,43
policies/壁.svg,seal,5744,970,29,37
policies/边.svg,oracle,4253,508,17,17
policies/标.svg,seal,6155,1067,36,48
policies/镖.svg,seal,6613,1155,41,58
policies/兵.svg,oracle,4481,825,36,50
policies/波.svg,seal,4978,941,30,45
policies/播.svg,bronze,4848,1020,45,63
policies/博.svg,bronze,5726,906,73,51
policies/布.svg,bronze,2764,457,15,19
policies/部.svg,seal,4858,809,22,28
policies/裁.svg,seal,5075,754,19,24
policies/册.svg,oracle,5316,946,33,43
policies/测.svg,bronze,4837,840,33,52
policies/策.svg,bronze,5206,1035,52,70
policies/层.svg,seal,4284,777,24,28
policies/查.svg,seal,5872,977,29,38
policies/察.svg,bronze,4564,903,55,62
policies/产.svg,bronze,4608,919,44,54
policies/场.svg,seal,3655,686,20,27
policies/成.svg,oracle,3134,493,19,24
policies/诚.svg,seal,5873,931,23,31
policies/城.svg,bronze,6863,1217,67,79
policies/乘.svg,oracle,3129,404,13,13
policies/程.svg,bronze,4309,687,24,30
policies/橙.svg,seal,5536,927,26,35
policies/出.svg,oracle,3541,508,16,19
policies/础.svg,seal,6225,955,25,36
policies/处.svg,oracle,3540,708,37,44
policies/畜.svg,oracle,4195,635,24,29
policies/传.svg,oracle,4971,629,18,23
policies/次.svg,oracle,2278,361,14,15
policies/存.svg,seal,2955,554,16,21
policies/打.svg,seal,2959,565,18,22
policies/大.svg,oracle,2903,343,12,14
policies/代.svg,seal,2805,537,15,21
policies/单.svg,oracle,3592,714,30,38
policies/导.svg,seal,6349,1139,41,59
policies/岛.svg,seal,4889,871,28,40
policies/盗.svg,oracle,3628,621,24,30
policies/道.svg,bronze,6684,1069,83,71
policies/地.svg,bronze,5173,995,41,56
policies/堤.svg,seal,3452,697,20,25
policies/迪.svg,seal,4379,773,27,31
policies/帝.svg,oracle,4153,805,30,39
policies/第.svg,oracle,2438,426,17,20
policies/典.svg,oracle,6327,952,34,42
policies/电.svg,bronze,4120,786,33,51
policies/调.svg,seal,5166,954,28,33
policies/谍.svg,seal,6659,923,21,24
policies/定.svg,oracle,3217,537,20,26
policies/动.svg,bronze,6250,1232,72,85
policies/独.svg,seal,4835,771,24,27
policies/度.svg,oracle,4328,570,20,24
policies/队.svg,oracle,3702,588,19,24
policies/遏.svg,seal,5524,822,22,28
policies/尔.svg,bronze,4053,756,72,52
policies/二.svg,oracle,2489,371,15,21
policies/发.svg,oracle,2640,367,15,18
policies/法.svg,bronze,5314,946,37,52
policies/反.svg,oracle,3438,699,28,36
policies/放.svg,bronze,4044,561,15,17
policies/飞.svg,seal,3550,560,14,12
policies/费.svg,bronze,4202,571,17,16
policies/风.svg,oracle,5613,561,14,14
policies/封.svg,oracle,2037,354,13,13
policies/奉.svg,bronze,4291,555,15,17
policies/服.svg,oracle,3671,569,23,26
policies/符.svg,bronze,14800,1643,87,98
policies/福.svg,bronze,8497,1239,90,77
policies/府.svg,bronze,3665,662,16,16
policies/改.svg,oracle,3469,536,17,19
policies/感.svg,bronze,15576,1388,81,79
policies/高.svg,oracle,4711,631,25,33
policies/告.svg,oracle,3981,783,29,37
policies/哥.svg,seal,3335,627,20,25
policies/歌.svg,bronze,3548,708,24,30
policies/革.svg,oracle,9393,818,30,35
policies/格.svg,bronze,5589,963,45,54
policies/工.svg,oracle,2634,420,14,15
policies/公.svg,oracle,2992,777,37,50
policies/攻.svg,bronze,3813,842,54,60
policies/供.svg,seal,4298,721,20,25
policies/共.svg,bronze,3035,448,14,13
policies/孤.svg,bronze,5074,960,56,63
policies/古.svg,oracle,4733,867,34,44
policies/谷.svg,oracle,2707,527,25,35
policies/雇.svg,oracle,4510,557,19,19
policies/寡.svg,bronze,4261,672,21,25
policies/馆.svg,seal,5037,875,23,30
policies/管.svg,seal,4210,739,23,29
policies/贯.svg,seal,3264,656,24,27
policies/光.svg,oracle,5076,465,14,15
policies/广.svg,oracle,4774,687,204,28
policies/规.svg,bronze,3682,780,52,56
policies/贵.svg,bronze,17670,2326,140,189
policies/国.svg,bronze,4618,1003,46,68
policies/海.svg,bronze,4642,734,29,43
policies/航.svg,seal,3311,641,18,25
policies/好.svg,oracle,5623,580,17,22
policies/合.svg,oracle,4227,499,20,21
policies/核.svg,seal,4773,838,22,29
policies/黑.svg,oracle,3131,470,18,18
policies/横.svg,seal,5475,924,26,36
policies/洪.svg,seal,5356,978,31,47
policies/护.svg,seal,6656,1042,30,37
policies/花.svg,seal,4729,783,27,37
policies/化.svg,oracle,3337,787,41,50
policies/划.svg,seal,5287,929,29,35
policies/画.svg,bronze,5078,793,34,41
policies/皇.svg,oracle,4797,628,19,24
policies/黄.svg,oracle,3021,413,13,16
policies/会.svg,oracle,8247,782,24,31
policies/活.svg,seal,5063,870,26,37
policies/伙.svg,seal,4850,888,26,31
policies/击.svg,seal,6471,970,27,32
policies/圾.svg,seal,3682,629,16,18
policies/机.svg,seal,2918,579,15,17
policies/基.svg,oracle,4206,566,18,20
policies/级.svg,seal,4711,701,17,19
policies/集.svg,oracle,4398,537,17,21
policies/计.svg,seal,3852,694,22,24
policies/记.svg,bronze,21646,2397,123,127
policies/纪.svg,bronze,2682,717,28,36
policies/技.svg,seal,4017,620,15,17
policies/际.svg,seal,5687,1004,31,45
policies/济.svg,bronze,4619,823,36,53
policies/加.svg,bronze,3251,791,56,63
policies/家.svg,oracle,4396,507,14,16
policies/假.svg,seal,4154,720,21,31
policies/间.svg,bronze,5069,994,44,60
policies/检.svg,seal,5238,891,27,35
policies/建.svg,oracle,5820,736,21,26
policies/舰.svg,seal,5047,813,173,39
policies/奖.svg,seal,4523,735,20,27
policies/匠.svg,seal,2873,617,18,23
policies/交.svg,seal,2394,423,14,13
policies/角.svg,oracle,7673,657,21,20
policies/教.svg,oracle,3957,656,22,32
policies/阶.svg,oracle,3871,694,25,33
policies/杰.svg,seal,4700,703,17,23
policies/结.svg,seal,4220,731,24,26
policies/截.svg,seal,5093,844,25,29
policies/解.svg,oracle,7447,889,30,40
policies/戒.svg,oracle,4627,810,28,37
policies/金.svg,bronze,3715,873,59,67
policies/禁.svg,seal,4872,911,27,40
policies/经.svg,bronze,4101,784,30,41
policies/精.svg,seal,4772,922,29,34
policies/警.svg,seal,6333,957,29,38
policies/究.svg,bronze,9248,1322,70,78
policies/局.svg,seal,2877,600,16,20
policies/剧.svg,seal,5224,838,19,23
policies/军.svg,bronze,5243,976,35,45
policies/君.svg,oracle,3274,757,34,46
policies/科.svg,seal,4254,714,16,18
policies/克.svg,oracle,2329,433,17,21
policies/刻.svg,seal,3523,711,20,26
policies/空.svg,bronze,3144,477,13,13
policies/库.svg,bronze,3525,646,20,23
policies/扩.svg,seal,6373,1044,30,40
policies/垃.svg,seal,3459,602,16,18
policies/拉.svg,seal,3459,602,16,18
policies/来.svg,oracle,2380,420,12,12
policies/劳.svg,oracle,5481,955,45,64
policies/老.svg,oracle,3143,368,12,12
policies/乐.svg,oracle,3683,508,16,16
policies/勒.svg,bronze,6784,1167,66,76
policies/垒.svg,seal,3230,657,24,31
policies/里.svg,bronze,3831,806,32,42
policies/理.svg,bronze,6160,1105,61,65
policies/力.svg,oracle,1524,318,13,13
policies/历.svg,seal,5185,828,23,34
policies/立.svg,oracle,2341,367,12,12
policies/利.svg,oracle,6256,910,43,65
policies/励.svg,bronze,4054,637,19,23
policies/联.svg,oracle,2298,417,15,16
policies/练.svg,seal,5450,834,25,23
policies/量.svg,oracle,3696,508,17,18
policies/林.svg,oracle,3514,511,15,18
policies/灵.svg,bronze,7223,1188,84,70
policies/领.svg,seal,5254,956,30,42
policies/令.svg,oracle,3301,410,17,19
policies/流.svg,bronze,3926,805,37,54
policies/留.svg,bronze,4261,918,42,59
policies/楼.svg,seal,6577,909,21,22
policies/录.svg,oracle,3561,624,28,41
policies/路.svg,bronze,5864,1011,75,53
policies/旅.svg,oracle,3893,582,18,23
policies/律.svg,oracle,3779,825,37,49
policies/掠.svg,seal,4295,703,19,23
policies/略.svg,seal,3764,727,24,29
policies/罗.svg,oracle,4555,634,22,28
policies/络.svg,seal,4839,793,23,29
policies/马.svg,oracle,6388,692,19,22
policies/码.svg,seal,4864,800,26,27
policies/麦.svg,oracle,2512,417,13,14
policies/曼.svg,oracle,3606,571,22,28
policies/氓.svg,seal,3772,616,16,18
policies/贸.svg,bronze,4384,641,21,25
policies/媒.svg,seal,5087,800,21,28
policies/美.svg,oracle,3122,466,12,13
policies/魅.svg,oracle,6086,760,30,42
policies/门.svg,oracle,4582,618,22,29
policies/们.svg,seal,3885,708,19,22
policies/盟.svg,oracle,3914,632,21,26
policies/密.svg,bronze,5038,1041,61,71
policies/免.svg,oracle,3686,425,16,18
policies/面.svg,oracle,8330,625,22,22
policies/民.svg,oracle,4569,503,16,17
policies/明.svg,oracle,5317,706,28,38
policies/命.svg,oracle,2890,721,33,43
policies/摩.svg,seal,5465,1011,30,48
policies/莫.svg,oracle,5178,981,46,66
policies/姆.svg,bronze,4016,856,38,51
policies/目.svg,oracle,8302,820,33,36
policies/牧.svg,oracle,3785,538,15,18
policies/暮.svg,oracle,7523,1204,51,69
policies/那.svg,seal,4560,707,19,25
policies/纳.svg,bronze,3213,772,31,41
policies/能.svg,bronze,2950,510,16,15
policies/你.svg,bronze,7114,1247,53,69
policies/年.svg,oracle,2372,404,15,17
policies/念.svg,oracle,5348,885,32,43
policies/农.svg,oracle,5902,871,34,45
policies/奴.svg,oracle,7456,534,18,16
policies/诺.svg,bronze,6038,961,72,48
policies/帕.svg,seal,3009,589,18,20
policies/判.svg,seal,3539,660,21,28
policies/炮.svg,seal,4305,816,24,36
policies/配.svg,oracle,12453,667,22,22
policies/骑.svg,bronze,17043,2292,142,189
policies/启.svg,oracle,3298,781,36,47
policies/汽.svg,seal,3960,778,30,45
policies/契.svg,bronze,11406,977,57,62
policies/器.svg,bronze,6509,1023,82,64
policies/强.svg,seal,6957,1149,38,50
policies/侵.svg,oracle,5025,723,24,33
policies/勤.svg,bronze,5065,957,58,63
policies/请.svg,bronze,7546,1294,95,89
policies/区.svg,oracle,4725,706,24,31
policies/全.svg,seal,3482,648,23,32
policies/权.svg,oracle,4250,528,17,21
policies/却.svg,seal,3657,657,23,29
policies/然.svg,bronze,5215,859,32,40
policies/人.svg,oracle,1900,267,12,12
policies/认.svg,seal,4234,736,21,24
policies/任.svg,oracle,2399,375,12,13
policies/日.svg,oracle,3306,472,15,22
policies/入.svg,oracle,1838,284,12,15
policies/软.svg,seal,4678,764,19,22
policies/锐.svg,seal,3793,825,27,40
policies/萨.svg,seal,5101,782,20,24
policies/塞.svg,oracle,6051,740,30,44
policies/三.svg,oracle,3514,777,36,53
policies/僧.svg,seal,4133,843,28,41
policies/杀.svg,bronze,3911,763,28,36
policies/闪.svg,seal,3544,676,22,31
policies/商.svg,oracle,4162,853,36,44
policies/设.svg,seal,5398,828,23,29
policies/社.svg,bronze,5337,977,81,67
policies/神.svg,bronze,6081,999,78,62
policies/审.svg,bronze,6385,1209,91,83
policies/生.svg,oracle,2014,365,12,12
policies/圣.svg,oracle,4564,493,12,12
policies/胜.svg,seal,3514,638,17,17
policies/师.svg,oracle,2235,358,14,17
policies/施.svg,seal,4419,739,21,26
policies/时.svg,bronze,3160,571,22,31
policies/士.svg,bronze,3565,675,66,42
policies/市.svg,oracle,3562,628,25,36
policies/示.svg,oracle,2869,453,14,16
policies/式.svg,seal,2603,500,15,22
policies/事.svg,oracle,3432,446,14,15
policies/室.svg,oracle,4274,617,19,28
policies/手.svg,bronze,2720,686,28,38
policies/术.svg,oracle,2566,433,18,25
policies/水.svg,oracle,3839,504,24,32
policies/税.svg,seal,4840,797,22,31
policies/私.svg,bronze,15071,1649,89,96
policies/斯.svg,bronze,4725,1033,64,73
policies/酸.svg,bronze,18856,1856,107,120
policies/随.svg,seal,6919,1076,38,48
policies/所.svg,bronze,3725,974,60,69
policies/他.svg,seal,3508,613,18,25
policies/塔.svg,seal,4938,807,25,33
policies/态.svg,seal,6051,853,22,28
policies/特.svg,seal,4426,755,18,25
policies/提.svg,seal,4072,698,20,24
policies/体.svg,bronze,6148,944,36,45
policies/天.svg,oracle,3424,674,29,37
policies/跳.svg,seal,4291,814,25,41
policies/铁.svg,seal,5554,1026,31,43
policies/庭.svg,bronze,2455,577,21,29
policies/通.svg,oracle,6187,989,45,58
policies/同.svg,oracle,3854,593,19,23
policies/统.svg,seal,5023,706,18,20
policies/头.svg,bronze,3505,667,27,39
policies/屠.svg,seal,5378,967,31,45
policies/土.svg,oracle,2673,375,13,13
policies/团.svg,bronze,7231,1060,48,58
policies/陀.svg,bronze,4995,1039,61,69
policies/王.svg,oracle,3845,711,29,37
policies/网.svg,oracle,2521,416,15,18
policies/望.svg,oracle,2913,395,17,16
policies/威.svg,bronze,5662,966,34,45
policies/维.svg,bronze,4186,797,31,39
policies/伟.svg,seal,4151,686,18,24
policies/卫.svg,oracle,4334,865,42,58
policies/未.svg,oracle,3985,418,12,12
policies/文.svg,oracle,3399,456,16,19
policies/闻.svg,oracle,7398,746,26,38
policies/问.svg,oracle,5143,971,43,54
policies/五.svg,oracle,3588,690,28,36
policies/武.svg,oracle,2522,390,16,18
policies/务.svg,bronze,4847,947,58,65
policies/物.svg,oracle,3159,791,40,54
policies/西.svg,oracle,6407,689,26,36
policies/希.svg,seal,3931,715,22,27
policies/息.svg,bronze,4351,903,54,59
policies/习.svg,oracle,5132,561,17,19
policies/袭.svg,bronze,5994,921,33,44
policies/戏.svg,bronze,6117,1004,45,63
policies/鲜.svg,bronze,4718,645,18,20
policies/现.svg,oracle,5748,728,34,48
policies/线.svg,seal,6746,630,17,20
policies/限.svg,bronze,4643,1003,66,73
policies/宪.svg,oracle,3379,529,18,22
policies/献.svg,oracle,7203,713,20,24
policies/响.svg,seal,6967,1036,36,41
policies/校.svg,bronze,25158,2479,117,121
policies/蝎.svg,seal,5505,750,21,31
policies/协.svg,bronze,8573,1373,78,94
policies/胁.svg,seal,5402,806,21,28
policies/心.svg,oracle,2584,408,12,12
policies/辛.svg,oracle,2173,320,13,15
policies/新.svg,oracle,5411,606,20,21
policies/信.svg,bronze,13189,1529,83,88
policies/星.svg,oracle,3806,569,20,24
policies/行.svg,oracle,3916,811,39,55
policies/性.svg,bronze,1841,368,12,13
policies/修.svg,seal,4147,814,27,41
policies/虚.svg,seal,4817,745,15,17
policies/许.svg,bronze,6028,923,71,48
policies/宣.svg,oracle,4504,523,15,19
policies/选.svg,oracle,2867,404,13,14
policies/学.svg,oracle,4386,625,18,22
policies/询.svg,seal,5174,884,26,34
policies/讯.svg,oracle,4485,918,39,51
policies/衙.svg,seal,5153,837,24,30
policies/雅.svg,seal,4580,798,22,26
policies/亚.svg,oracle,3450,467,15,15
policies/严.svg,bronze,8077,1070,75,54
policies/研.svg,seal,3421,700,23,32
policies/演.svg,seal,5353,914,30,38
policies/养.svg,oracle,3358,501,18,22
policies/徭.svg,bronze,6099,938,37,47
policies/耶.svg,bronze,14677,1270,75,81
policies/业.svg,bronze,9009,1291,56,70
policies/叶.svg,bronze,8573,1373,78,94
policies/一.svg,oracle,1941,564,28,36
policies/伊.svg,oracle,3068,499,16,22
policies/医.svg,seal,2741,488,13,12
policies/遗.svg,bronze,5610,1079,90,82
policies/义.svg,oracle,5199,572,14,14
policies/役.svg,oracle,4884,427,16,20
policies/易.svg,oracle,2690,481,22,29
policies/疫.svg,seal,4171,754,23,28
policies/意.svg,seal,5020,790,21,26
policies/音.svg,bronze,5192,873,74,54
policies/银.svg,seal,4599,958,30,43
policies/英.svg,bronze,9421,1090,61,68
policies/佣.svg,seal,5773,939,28,34
policies/勇.svg,bronze,4604,935,57,59
policies/用.svg,oracle,4793,431,14,15
policies/由.svg,oracle,2906,477,17,22
policies/游.svg,oracle,3643,789,37,46
policies/育.svg,oracle,4153,660,26,36
policies/域.svg,bronze,3364,798,56,63
policies/元.svg,oracle,1650,323,15,17
policies/员.svg,oracle,3966,665,22,24
policies/园.svg,seal,4608,826,20,28
policies/源.svg,seal,3780,793,21,27
policies/约.svg,seal,4397,707,20,24
policies/运.svg,seal,6077,929,26,31
policies/宰.svg,oracle,4182,564,19,25
policies/赞.svg,seal,5375,722,15,15
policies/择.svg,bronze,6504,1063,41,52
policies/赠.svg,seal,4765,964,33,41
policies/扎.svg,seal,2612,512,16,18
policies/战.svg,bronze,6502,1186,56,78
policies/张.svg,bronze,4576,997,44,60
policies/章.svg,bronze,5064,822,70,46
policies/长.svg,oracle,4360,434,15,18
policies/哲.svg,bronze,6785,1131,86,72
policies/这.svg,seal,5471,920,25,28
policies/阵.svg,oracle,4705,861,34,46
policies/镇.svg,seal,5575,1038,36,54
policies/争.svg,oracle,3089,428,16,12
policies/征.svg,oracle,4446,892,41,56
policies/蒸.svg,seal,6127,1051,37,51
policies/证.svg,seal,6294,1018,29,38
policies/政.svg,oracle,3276,673,25,34
policies/之.svg,oracle,2598,390,13,13
policies/织.svg,bronze,5114,1021,44,62
policies/职.svg,bronze,7104,1268,49,69
policies/殖.svg,seal,3882,732,22,29
policies/制.svg,bronze,6109,1078,46,59
policies/治.svg,seal,4796,865,28,38
policies/忠.svg,bronze,3776,589,18,21
policies/主.svg,oracle,2096,578,28,38
policies/助.svg,seal,3108,575,15,18
policies/筑.svg,seal,5055,758,24,30
policies/铸.svg,oracle,5897,758,22,29
policies/专.svg,oracle,4922,529,17,20
policies/状.svg,seal,3289,584,15,19
policies/资.svg,seal,4458,857,31,41
policies/子.svg,oracle,4268,579,15,16
policies/自.svg,oracle,3927,457,13,13
policies/宗.svg,oracle,3425,482,18,23
policies/综.svg,seal,5452,924,29,47
policies/走.svg,oracle,2000,348,12,13
policies/族.svg,oracle,3385,471,16,23
policies/组.svg,bronze,4806,947,36,48
policies/祖.svg,oracle,3091,728,31,40
policies/钻.svg,seal,7739,1160,35,51
policies/最.svg,seal,4270,833,24,29
policies/作.svg,oracle,2347,435,17,18
projects/阿.svg,bronze,3879,959,59,65
projects/埃.svg,seal,3956,553,13,13
projects/爱.svg,seal,5047,805,20,23
projects/暗.svg,seal,4780,836,25,32
projects/奥.svg,seal,5085,969,28,40
projects/澳.svg,seal,6936,1078,33,51
projects/巴.svg,oracle,3277,402,12,12
projects/包.svg,seal,2994,553,15,17
projects/卑.svg,bronze,3375,519,16,17
projects/贝.svg,oracle,3427,565,18,24
projects/本.svg,bronze,4377,768,37,42
projects/比.svg,oracle,4320,760,36,43
projects/变.svg,bronze,4829,744,28,37
projects/波.svg,seal,4978,941,30,45
projects/部.svg,seal,4858,809,22,28
projects/草.svg,seal,4482,801,25,33
projects/茶.svg,seal,4271,827,27,38
projects/产.svg,bronze,4608,919,44,54
projects/常.svg,bronze,2961,560,22,28
projects/厂.svg,bronze,1035,269,12,12
projects/成.svg,oracle,3134,493,19,24
projects/绸.svg,seal,5157,809,21,25
projects/传.svg,oracle,4971,629,18,23
projects/创.svg,bronze,4192,713,68,40
projects/春.svg,oracle,5452,988,44,62
projects/达.svg,oracle,4962,878,40,56
projects/打.svg,seal,2959,565,18,22
projects/大.svg,oracle,2903,343,12,14
projects/代.svg,seal,2805,537,15,21
projects/岛.svg,seal,4889,871,28,40
projects/道.svg,bronze,6684,1069,83,71
projects/地.svg,bronze,5173,995,41,56
projects/登.svg,oracle,5345,912,35,45
projects/电.svg,bronze,4120,786,33,51
projects/调.svg,seal,5166,954,28,33
projects/动.svg,bronze,6250,1232,72,85
projects/堆.svg,seal,3597,639,17,19
projects/顿.svg,seal,5102,833,24,31
projects/俄.svg,seal,3909,604,13,15
projects/发.svg,oracle,2640,367,15,18
projects/反.svg,oracle,3438,699,28,36
projects/防.svg,seal,3971,673,21,24
projects/啡.svg,seal,6914,960,26,33
projects/蜂.svg,seal,3634,684,16,20
projects/夫.svg,oracle,3503,440,17,18
projects/复.svg,oracle,3367,510,18,20
projects/柑.svg,oracle,4897,546,18,23
projects/橄.svg,seal,4241,758,21,26
projects/港.svg,seal,6878,1209,41,55
projects/膏.svg,oracle,4213,647,22,27
projects/工.svg,oracle,2634,420,14,15
projects/公.svg,oracle,2992,777,37,50
projects/宫.svg,oracle,3153,535,19,23
projects/汞.svg,seal,5494,918,27,37
projects/光.svg,oracle,5076,465,14,15
projects/龟.svg,oracle,5553,614,21,19
projects/皈.svg,oracle,5185,860,35,43
projects/轨.svg,bronze,5517,968,35,46
projects/哈.svg,seal,2618,531,21,23
projects/海.svg,bronze,4642,734,29,43
projects/航.svg,seal,3311,641,18,25
projects/核.svg,seal,4773,838,22,29
projects/黑.svg,oracle,3131,470,18,18
projects/呼.svg,bronze,7639,884,61,64
projects/胡.svg,bronze,7909,956,61,65
projects/琥.svg,seal,4836,749,18,24
projects/花.svg,seal,4729,783,27,37
projects/华.svg,seal,4729,783,27,37
projects/化.svg,oracle,3337,787,41,50
projects/划.svg,seal,5287,929,29,35
projects/欢.svg,seal,6591,1048,36,44
projects/唤.svg,seal,5034,792,24,32
projects/黄.svg,oracle,3021,413,13,16
projects/回.svg,oracle,3257,456,18,19
projects/火.svg,oracle,4855,702,26,35
projects/基.svg,oracle,4206,566,18,20
projects/激.svg,seal,5834,931,27,38
projects/计.svg,seal,3852,694,22,24
projects/纪.svg,bronze,2682,717,28,36
projects/加.svg,bronze,3251,791,56,63
projects/嘉.svg,bronze,7214,1031,48,57
projects/建.svg,oracle,5820,736,21,26
projects/僵.svg,seal,4140,925,33,44
projects/教.svg,oracle,3957,656,22,32
projects/节.svg,bronze,4554,693,23,28
projects/金.svg,bronze,3715,873,59,67
projects/鲸.svg,seal,6864,1204,44,57
projects/景.svg,seal,3528,624,20,25
projects/究.svg,bronze,9248,1322,70,78
projects/酒.svg,oracle,5608,748,32,36
projects/居.svg,bronze,2559,527,19,23
projects/橘.svg,seal,5441,901,22,28
projects/剧.svg,seal,5224,838,19,23
projects/咖.svg,seal,3940,709,22,25
projects/科.svg,seal,4254,714,16,18
projects/空.svg,bronze,3144,477,13,13
projects/口.svg,oracle,3008,706,29,38
projects/狂.svg,oracle,6931,769,25,31
projects/兰.svg,seal,6216,895,23,27
projects/榄.svg,seal,5616,934,32,41
projects/礼.svg,oracle,6461,716,19,24
projects/理.svg,bronze,6160,1105,61,65
projects/力.svg,oracle,1524,318,13,13
projects/利.svg,oracle,6256,910,43,65
projects/练.svg,seal,5450,834,25,23
projects/料.svg,bronze,4579,1250,75,94
projects/路.svg,bronze,5864,1011,75,53
projects/露.svg,seal,6377,1201,35,46
projects/吕.svg,oracle,5113,523,15,17
projects/伦.svg,seal,4903,818,23,31
projects/马.svg,oracle,6388,692,19,22
projects/曼.svg,oracle,3606,571,22,28
projects/毛.svg,bronze,2612,413,12,13
projects/煤.svg,seal,5070,893,27,37
projects/弥.svg,bronze,5920,1051,39,53
projects/秘.svg,seal,4425,1010,30,44
projects/蜜.svg,seal,7205,1078,29,41
projects/棉.svg,seal,4456,893,28,35
projects/面.svg,oracle,8330,625,22,22
projects/木.svg,oracle,2292,330,14,12
projects/目.svg,oracle,8302,820,33,36
projects/纳.svg,bronze,3213,772,31,41
projects/年.svg,oracle,2372,404,15,17
projects/纽.svg,seal,4113,692,19,24
projects/牌.svg,seal,4734,808,19,23
projects/培.svg,seal,3944,661,18,19
projects/皮.svg,bronze,2972,503,17,20
projects/品.svg,oracle,4135,861,39,51
projects/珀.svg,seal,4836,749,18,24
projects/普.svg,seal,3990,696,24,30
projects/企.svg,oracle,2140,450,16,19
projects/强.svg,seal,6957,1149,38,50
projects/情.svg,seal,4723,738,16,14
projects/球.svg,seal,3836,805,27,41
projects/区.svg,oracle,4725,706,24,31
projects/燃.svg,bronze,5215,859,32,40
projects/染.svg,seal,5314,897,27,37
projects/让.svg,seal,8126,1134,35,43
projects/热.svg,seal,6364,979,29,42
projects/塞.svg,oracle,6051,740,30,44
projects/瑟.svg,seal,3685,613,15,20
projects/商.svg,oracle,4162,853,36,44
projects/射.svg,oracle,3712,485,17,16
projects/神.svg,bronze,6081,999,78,62
projects/升.svg,oracle,2918,578,21,28
projects/圣.svg,oracle,4564,493,12,12
projects/尸.svg,oracle,1833,313,12,12
projects/石.svg,oracle,1691,302,13,15
projects/食.svg,oracle,4256,658,24,31
projects/使.svg,oracle,3700,503,15,16
projects/士.svg,bronze,3565,675,66,42
projects/世.svg,bronze,3805,661,66,40
projects/试.svg,seal,4952,827,27,29
projects/收.svg,seal,3893,635,18,22
projects/枢.svg,seal,5371,912,28,37
projects/水.svg,oracle,3839,504,24,32
projects/丝.svg,oracle,4316,619,20,22
projects/司.svg,oracle,2554,382,15,17
projects/松.svg,bronze,4506,955,47,59
projects/送.svg,bronze,7296,1447,107,109
projects/炭.svg,seal,3453,735,25,36
projects/探.svg,seal,5316,896,28,36
projects/碳.svg,seal,4280,825,30,48
projects/糖.svg,seal,6348,1090,32,43
projects/忒.svg,seal,3559,535,15,17
projects/藤.svg,bronze,6099,1163,52,73
projects/提.svg,seal,4072,698,20,24
projects/廷.svg,bronze,4394,896,78,62
projects/团.svg,bronze,7231,1060,48,58
projects/退.svg,oracle,3651,503,15,16
projects/卫.svg,oracle,4334,865,42,58
projects/未.svg,oracle,3985,418,12,12
projects/武.svg,oracle,2522,390,16,18
projects/悟.svg,seal,3186,713,22,32
projects/西.svg,oracle,6407,689,26,36
projects/希.svg,seal,3931,715,22,27
projects/戏.svg,bronze,6117,1004,45,63
projects/系.svg,oracle,3461,436,16,18
projects/险.svg,seal,5741,962,30,35
projects/现.svg,oracle,5748,728,34,48
projects/线.svg,seal,6746,630,17,20
projects/香.svg,oracle,3625,782,31,49
projects/项.svg,seal,3885,726,23,34
projects/象.svg,oracle,4841,562,15,15
projects/校.svg,bronze,25158,2479,117,121
projects/辛.svg,oracle,2173,320,13,15
projects/新.svg,oracle,5411,606,20,21
projects/信.svg,bronze,13189,1529,83,88
projects/星.svg,oracle,3806,569,20,24
projects/行.svg,oracle,3916,811,39,55
projects/雄.svg,seal,4732,754,19,22
projects/修.svg,seal,4147,814,27,41
projects/宣.svg,oracle,4504,523,15,19
projects/学.svg,oracle,4386,625,18,22
projects/训.svg,bronze,7688,1128,83,66
projects/牙.svg,bronze,3848,754,70,47
projects/亚.svg,oracle,3450,467,15,15
projects/烟.svg,bronze,6889,1120,79,63
projects/研.svg,seal,3421,700,23,32
projects/盐.svg,bronze,5407,964,50,58
projects/仰.svg,seal,3174,661,19,27
projects/业.svg,bronze,9009,1291,56,70
projects/一.svg,oracle,1941,564,28,36
projects/伊.svg,oracle,3068,499,16,22
projects/依.svg,oracle,3619,567,21,28
projects/移.svg,seal,4114,758,21,25
projects/役.svg,oracle,4884,427,16,20
projects/银.svg,seal,4599,958,30,43
projects/应.svg,bronze,3716,591,21,28
projects/英.svg,bronze,9421,1090,61,68
projects/营.svg,bronze,4400,687,24,34
projects/用.svg,oracle,4793,431,14,15
projects/油.svg,bronze,3937,736,28,39
projects/铀.svg,seal,4714,819,27,34
projects/鱼.svg,oracle,6020,649,20,20
projects/宇.svg,bronze,2732,477,15,22
projects/玉.svg,oracle,3121,651,28,36
projects/域.svg,bronze,3364,798,56,63
projects/御.svg,oracle,4956,851,36,45
projects/员.svg,oracle,3966,665,22,24
projects/园.svg,seal,4608,826,20,28
projects/援.svg,seal,5375,848,21,27
projects/院.svg,seal,4718,838,26,34
projects/月.svg,oracle,1445,298,13,16
projects/运.svg,seal,6077,929,26,31
projects/造.svg,bronze,7194,1055,75,56
projects/站.svg,seal,6637,1013,29,38
projects/召.svg,oracle,3465,759,32,43
projects/珍.svg,seal,3851,682,24,36
projects/置.svg,oracle,4352,777,31,39
projects/重.svg,oracle,3521,542,19,23
projects/珠.svg,seal,3747,612,17,17
projects/住.svg,seal,4733,783,23,28
projects/助.svg,seal,3108,575,15,18
projects/转.svg,seal,5828,993,32,35
projects/装.svg,seal,4451,766,22,27
projects/资.svg,seal,4458,857,31,41
projects/宗.svg,oracle,3425,482,18,23
projects/钻.svg,seal,7739,1160,35,51
projects/作.svg,oracle,2347,435,17,18
promotions/安.svg,oracle,3688,551,18,22
promotions/白.svg,oracle,2252,362,14,18
promotions/败.svg,oracle,5285,631,18,22
promotions/板.svg,seal,3588,677,20,24
promotions/包.svg,seal,2994,553,15,17
promotions/堡.svg,oracle,3679,493,14,15
promotions/暴.svg,oracle,4874,634,23,29
promotions/爆.svg,seal,7394,1265,40,61
promotions/贝.svg,oracle,3427,565,18,24
promotions/备.svg,oracle,8408,737,22,22
promotions/避.svg,seal,6512,1072,33,46
promotions/辩.svg,seal,6754,983,28,39
promotions/兵.svg,oracle,4481,825,36,50
promotions/铂.svg,seal,5122,857,28,36
promotions/补.svg,seal,4788,826,25,28
promotions/部.svg,seal,4858,809,22,28
promotions/舱.svg,oracle,3346,552,22,29
promotions/藏.svg,bronze,7129,1103,75,54
promotions/侧.svg,bronze,3931,603,22,25
promotions/测.svg,bronze,4837,840,33,52
promotions/察.svg,bronze,4564,903,55,62
promotions/超.svg,seal,4431,790,23,28
promotions/朝.svg,oracle,5367,1065,50,68
promotions/撤.svg,seal,6224,877,28,35
promotions/成.svg,oracle,3134,493,19,24
promotions/城.svg,bronze,6863,1217,67,79
promotions/惩.svg,seal,6518,948,26,35
promotions/程.svg,bronze,4309,687,24,30
promotions/穿.svg,seal,3634,634,18,23
promotions/传.svg,oracle,4971,629,18,23
promotions/船.svg,bronze,3164,624,24,30
promotions/茨.svg,seal,5111,902,30,42
promotions/促.svg,seal,3105,582,17,21
promotions/摧.svg,seal,5130,863,22,23
promotions/弹.svg,oracle,3021,468,17,19
promotions/导.svg,seal,6349,1139,41,59
promotions/德.svg,oracle,5828,1010,45,61
promotions/地.svg,bronze,5173,995,41,56
promotions/登.svg,oracle,5345,912,35,45
promotions/点.svg,seal,5110,1030,40,54
promotions/谍.svg,seal,6659,923,21,24
promotions/叠.svg,bronze,8090,1477,61,88
promotions/钉.svg,seal,3875,820,30,43
promotions/动.svg,bronze,6250,1232,72,85
promotions/斗.svg,oracle,1710,327,12,13
promotions/断.svg,bronze,4850,933,59,66
promotions/队.svg,oracle,3702,588,19,24
promotions/夺.svg,bronze,4976,809,36,50
promotions/舵.svg,oracle,3152,507,15,18
promotions/尔.svg,bronze,4053,756,72,52
promotions/发.svg,oracle,2640,367,15,18
promotions/罚.svg,bronze,5945,1009,45,53
promotions/翻.svg,seal,6004,916,26,35
promotions/反.svg,oracle,3438,699,28,36
promotions/贩.svg,seal,3718,700,22,27
promotions/方.svg,oracle,1997,301,12,12
promotions/防.svg,seal,3971,673,21,24
promotions/放.svg,bronze,4044,561,15,17
promotions/飞.svg,seal,3550,560,14,12
promotions/费.svg,bronze,4202,571,17,16
promotions/风.svg,oracle,5613,561,14,14
promotions/伏.svg,bronze,2762,431,17,17
promotions/辅.svg,bronze,6261,1052,38,48
promotions/副.svg,seal,5310,981,31,40
promotions/高.svg,oracle,4711,631,25,33
promotions/给.svg,seal,4222,767,24,32
promotions/攻.svg,bronze,3813,842,54,60
promotions/狗.svg,bronze,14500,1383,81,84
promotions/骨.svg,oracle,2723,369,12,12
promotions/固.svg,bronze,4990,964,46,56
promotions/观.svg,oracle,6115,777,27,35
promotions/官.svg,oracle,3508,595,21,25
promotions/龟.svg,oracle,5553,614,21,19
promotions/规.svg,bronze,3682,780,52,56
promotions/皈.svg,oracle,5185,860,35,43
promotions/滚.svg,seal,6179,946,25,30
promotions/汉.svg,bronze,11336,1270,76,83
promotions/航.svg,seal,3311,641,18,25
promotions/合.svg,oracle,4227,499,20,21
promotions/盒.svg,oracle,4227,499,20,21
promotions/轰.svg,seal,7212,999,28,31
promotions/吼.svg,seal,2873,605,20,25
promotions/护.svg,seal,6656,1042,30,37
promotions/华.svg,seal,4729,783,27,37
promotions/坏.svg,bronze,5953,1057,64,69
promotions/黄.svg,oracle,3021,413,13,16
promotions/毁.svg,bronze,5447,1022,56,63
promotions/活.svg,seal,5063,870,26,37
promotions/火.svg,oracle,4855,702,26,35
promotions/惑.svg,bronze,4380,627,20,24
promotions/击.svg,seal,6471,970,27,32
promotions/机.svg,seal,2918,579,15,17
promotions/级.svg,seal,4711,701,17,19
promotions/技.svg,seal,4017,620,15,17
promotions/加.svg,bronze,3251,791,56,63
promotions/家.svg,oracle,4396,507,14,16
promotions/甲.svg,oracle,1869,277,12,12
promotions/驾.svg,seal,3291,582,17,22
promotions/坚.svg,seal,3972,719,23,28
promotions/间.svg,bronze,5069,994,44,60
promotions/舰.svg,seal,5047,813,173,39
promotions/箭.svg,bronze,3708,676,24,33
promotions/奖.svg,seal,4523,735,20,27
promotions/教.svg,oracle,3957,656,22,32
promotions/接.svg,seal,5524,814,21,26
promotions/劫.svg,seal,3942,673,18,22
promotions/截.svg,seal,5093,844,25,29
promotions/金.svg,bronze,3715,873,59,67
promotions/近.svg,seal,2638,521,18,23
promotions/进.svg,oracle,4650,809,33,43
promotions/精.svg,seal,4772,922,29,34
promotions/静.svg,bronze,6081,1006,47,55
promotions/镜.svg,seal,6707,1065,35,51
promotions/距.svg,bronze,5288,955,70,47
promotions/军.svg,bronze,5243,976,35,45
promotions/科.svg,seal,4254,714,16,18
promotions/壳.svg,oracle,4533,649,19,21
promotions/克.svg,oracle,2329,433,17,21
promotions/空.svg,bronze,3144,477,13,13
promotions/控.svg,seal,4703,779,20,26
promotions/库.svg,bronze,3525,646,20,23
promotions/快.svg,seal,4182,723,16,19
promotions/溃.svg,seal,5778,1026,35,49
promotions/拉.svg,seal,3459,602,16,18
promotions/拦.svg,seal,5583,925,19,26
promotions/狼.svg,seal,4493,716,18,20
promotions/雷.svg,oracle,4209,629,24,28
promotions/垒.svg,seal,3230,657,24,31
promotions/离.svg,bronze,17346,1576,87,93
promotions/力.svg,oracle,1524,318,13,13
promotions/丽.svg,oracle,8234,775,23,24
promotions/励.svg,bronze,4054,637,19,23
promotions/两.svg,bronze,2801,429,14,15
promotions/烈.svg,seal,4474,881,34,50
promotions/林.svg,oracle,3514,511,15,18
promotions/领.svg,seal,5254,956,30,42
promotions/龙.svg,oracle,4766,523,15,17
promotions/陆.svg,oracle,4730,648,21,25
promotions/掠.svg,seal,4295,703,19,23
promotions/马.svg,oracle,6388,692,19,22
promotions/猫.svg,seal,4978,833,22,24
promotions/母.svg,oracle,4589,443,14,16
promotions/牧.svg,oracle,3785,538,15,18
promotions/幕.svg,seal,5962,948,22,28
promotions/牌.svg,seal,4734,808,19,23
promotions/跑.svg,bronze,4432,777,25,31
promotions/片.svg,seal,1396,310,13,13
promotions/骗.svg,seal,6035,990,24,31
promotions/破.svg,seal,4374,798,25,38
promotions/葡.svg,oracle,8408,737,22,22
promotions/骑.svg,bronze,17043,2292,142,189
promotions/器.svg,bronze,6509,1023,82,64
promotions/枪.svg,seal,4625,903,27,36
promotions/抢.svg,bronze,3716,923,58,68
promotions/窃.svg,seal,7348,1172,35,49
promotions/勤.svg,bronze,5065,957,58,63
promotions/青.svg,bronze,5074,886,41,48
promotions/求.svg,oracle,3687,440,14,14
promotions/区.svg,oracle,4725,706,24,31
promotions/群.svg,bronze,4528,731,22,29
promotions/燃.svg,bronze,5215,859,32,40
promotions/人.svg,oracle,1900,267,12,12
promotions/熔.svg,seal,6180,1182,43,65
promotions/蠕.svg,seal,5849,886,20,24
promotions/塞.svg,oracle,6051,740,30,44
promotions/赛.svg,seal,7205,1187,38,54
promotions/扫.svg,bronze,7174,1521,103,131
promotions/色.svg,bronze,22249,2064,120,113
promotions/山.svg,oracle,6901,852,35,53
promotions/烧.svg,seal,5158,904,31,45
promotions/哨.svg,seal,3521,639,23,28
promotions/射.svg,oracle,3712,485,17,16
promotions/升.svg,oracle,2918,578,21,28
promotions/圣.svg,oracle,4564,493,12,12
promotions/师.svg,oracle,2235,358,14,17
promotions/驶.svg,oracle,6015,759,22,27
promotions/士.svg,bronze,3565,675,66,42
promotions/市.svg,oracle,3562,628,25,36
promotions/视.svg,oracle,4419,420,15,14
promotions/收.svg,seal,3893,635,18,22
promotions/手.svg,bronze,2720,686,28,38
promotions/守.svg,oracle,3199,599,23,29
promotions/署.svg,seal,5686,970,30,47
promotions/术.svg,oracle,2566,433,18,25
promotions/栓.svg,seal,4227,702,21,24
promotions/双.svg,oracle,4257,763,31,41
promotions/水.svg,oracle,3839,504,24,32
promotions/说.svg,seal,5348,881,28,37
promotions/司.svg,oracle,2554,382,15,17
promotions/速.svg,oracle,4063,838,36,47
promotions/坦.svg,seal,2517,578,20,25
promotions/萄.svg,seal,5272,769,18,22
promotions/特.svg,seal,4426,755,18,25
promotions/梯.svg,seal,4608,760,19,19
promotions/体.svg,bronze,6148,944,36,45
promotions/铜.svg,bronze,5991,1178,47,64
promotions/突.svg,oracle,2882,493,19,24
promotions/徒.svg,oracle,3956,711,29,41
promotions/团.svg,bronze,7231,1060,48,58
promotions/推.svg,seal,4429,774,20,23
promotions/退.svg,oracle,3651,503,15,16
promotions/王.svg,oracle,3845,711,29,37
promotions/望.svg,oracle,2913,395,17,16
promotions/韦.svg,oracle,4171,654,24,30
promotions/围.svg,bronze,5910,1022,44,52
promotions/维.svg,bronze,4186,797,31,39
promotions/伪.svg,seal,5711,952,26,40
promotions/卫.svg,oracle,4334,865,42,58
promotions/武.svg,oracle,2522,390,16,18
promotions/席.svg,bronze,2180,471,15,19
promotions/先.svg,oracle,2867,404,13,14
promotions/线.svg,seal,6746,630,17,20
promotions/销.svg,seal,5046,950,33,49
promotions/小.svg,oracle,2593,726,36,48
promotions/芯.svg,oracle,5411,606,20,21
promotions/新.svg,oracle,5411,606,20,21
promotions/行.svg,oracle,3916,811,39,55
promotions/形.svg,seal,3441,681,24,34
promotions/性.svg,bronze,1841,368,12,13
promotions/袖.svg,seal,4834,729,19,23
promotions/需.svg,bronze,4389,749,32,44
promotions/学.svg,oracle,4386,625,18,22
promotions/言.svg,oracle,3408,742,30,38
promotions/演.svg,seal,5353,914,30,38
promotions/一.svg,oracle,1941,564,28,36
promotions/依.svg,oracle,3619,567,21,28
promotions/异.svg,seal,3597,624,18,23
promotions/抑.svg,oracle,3680,405,13,13
promotions/译.svg,seal,5991,942,26,30
promotions/翼.svg,oracle,4927,561,17,20
promotions/音.svg,bronze,5192,873,74,54
promotions/银.svg,seal,4599,958,30,43
promotions/隐.svg,seal,6291,943,23,26
promotions/应.svg,bronze,3716,591,21,28
promotions/英.svg,bronze,9421,1090,61,68
promotions/用.svg,oracle,4793,431,14,15
promotions/游.svg,oracle,3643,789,37,46
promotions/诱.svg,seal,3892,663,18,23
promotions/鱼.svg,oracle,6020,649,20,20
promotions/雨.svg,oracle,2815,500,22,28
promotions/语.svg,bronze,6839,1148,82,62
promotions/预.svg,seal,5150,873,26,35
promotions/御.svg,oracle,4956,851,36,45
promotions/愈.svg,bronze,4805,689,24,33
promotions/员.svg,oracle,3966,665,22,24
promotions/援.svg,seal,5375,848,21,27
promotions/远.svg,oracle,4176,883,42,59
promotions/运.svg,seal,6077,929,26,31
promotions/贼.svg,bronze,6212,976,39,53
promotions/炸.svg,bronze,6955,1090,84,68
promotions/战.svg,bronze,6502,1186,56,78
promotions/折.svg,oracle,4213,797,36,48
promotions/侦.svg,seal,3221,582,18,23
promotions/阵.svg,oracle,4705,861,34,46
promotions/正.svg,oracle,3815,790,32,42
promotions/支.svg,seal,3125,518,12,12
promotions/制.svg,bronze,6109,1078,46,59
promotions/治.svg,seal,4796,865,28,38
promotions/置.svg,oracle,4352,777,31,39
promotions/重.svg,oracle,3521,542,19,23
promotions/助.svg,seal,3108,575,15,18
promotions/驻.svg,seal,4733,783,23,28
promotions/专.svg,oracle,4922,529,17,20
promotions/装.svg,seal,4451,766,22,27
promotions/追.svg,oracle,3428,749,34,46
promotions/子.svg,oracle,4268,579,15,16
promotions/自.svg,oracle,3927,457,13,13
promotions/纵.svg,seal,6288,1060,29,42
promotions/阻.svg,seal,3271,654,23,27
promotions/作.svg,oracle,2347,435,17,18
proposals/议.svg,bronze,12818,1376,85,89
resources/埃.svg,seal,3956,553,13,13
resources/澳.svg,seal,6936,1078,33,51
resources/白.svg,oracle,2252,362,14,18
resources/比.svg,oracle,4320,760,36,43
resources/布.svg,bronze,2764,457,15,19
resources/草.svg,seal,4482,801,25,33
resources/茶.svg,seal,4271,827,27,38
resources/场.svg,seal,3655,686,20,27
resources/绸.svg,seal,5157,809,21,25
resources/大.svg,oracle,2903,343,12,14
resources/代.svg,seal,2805,537,15,21
resources/地.svg,bronze,5173,995,41,56
resources/丁.svg,oracle,2500,414,14,16
resources/断.svg,bronze,4850,933,59,66
resources/俄.svg,seal,3909,604,13,15
resources/啡.svg,seal,6914,960,26,33
resources/蜂.svg,seal,3634,684,16,20
resources/柑.svg,oracle,4897,546,18,23
resources/橄.svg,seal,4241,758,21,26
resources/膏.svg,oracle,4213,647,22,27
resources/哥.svg,seal,3335,627,20,25
resources/汞.svg,seal,5494,918,27,37
resources/古.svg,oracle,4733,867,34,44
resources/龟.svg,oracle,5553,614,21,19
resources/桂.svg,seal,4025,656,16,17
resources/海.svg,bronze,4642,734,29,43
resources/琥.svg,seal,4836,749,18,24
resources/花.svg,seal,4729,783,27,37
resources/化.svg,oracle,3337,787,41,50
resources/蕉.svg,seal,5844,1051,33,45
resources/金.svg,bronze,3715,873,59,67
resources/鲸.svg,seal,6864,1204,44,57
resources/景.svg,seal,3528,624,20,25
resources/酒.svg,oracle,5608,748,32,36
resources/橘.svg,seal,5441,901,22,28
resources/具.svg,oracle,7683,1061,44,60
resources/军.svg,bronze,5243,976,35,45
resources/咖.svg,seal,3940,709,22,25
resources/裤.svg,seal,5076,820,23,30
resources/扩.svg,seal,6373,1044,30,40
resources/榄.svg,seal,5616,934,32,41
resources/雷.svg,oracle,4209,629,24,28
resources/理.svg,bronze,6160,1105,61,65
resources/利.svg,oracle,6256,910,43,65
resources/料.svg,bronze,4579,1250,75,94
resources/垄.svg,bronze,24423,2746,145,157
resources/鹿.svg,oracle,5924,583,16,20
resources/露.svg,seal,6377,1201,35,46
resources/铝.svg,bronze,5162,1150,51,75
resources/伦.svg,seal,4903,818,23,31
resources/马.svg,oracle,6388,692,19,22
resources/玛.svg,oracle,6388,692,19,22
resources/麦.svg,oracle,2512,417,13,14
resources/毛.svg,bronze,2612,413,12,13
resources/煤.svg,seal,5070,893,27,37
resources/米.svg,oracle,2868,610,30,45
resources/蜜.svg,seal,7205,1078,29,41
resources/棉.svg,seal,4456,893,28,35
resources/木.svg,oracle,2292,330,14,12
resources/难.svg,bronze,6275,891,26,35
resources/牛.svg,oracle,2912,769,33,41
resources/螃.svg,seal,6405,940,25,30
resources/皮.svg,bronze,2972,503,17,20
resources/匹.svg,bronze,2554,736,32,44
resources/品.svg,oracle,4135,861,39,51
resources/珀.svg,seal,4836,749,18,24
resources/葡.svg,oracle,8408,737,22,22
resources/漆.svg,bronze,9227,1077,398,66
resources/企.svg,oracle,2140,450,16,19
resources/情.svg,seal,4723,738,16,14
resources/染.svg,seal,5314,897,27,37
resources/肉.svg,oracle,1514,287,13,13
resources/塞.svg,oracle,6051,740,30,44
resources/色.svg,bronze,22249,2064,120,113
resources/石.svg,oracle,1691,302,13,15
resources/水.svg,oracle,3839,504,24,32
resources/丝.svg,oracle,4316,619,20,22
resources/松.svg,bronze,4506,955,47,59
resources/炭.svg,seal,3453,735,25,36
resources/糖.svg,seal,6348,1090,32,43
resources/萄.svg,seal,5272,769,18,22
resources/铁.svg,seal,5554,1026,31,43
resources/铜.svg,bronze,5991,1178,47,64
resources/头.svg,bronze,3505,667,27,39
resources/团.svg,bronze,7231,1060,48,58
resources/瓦.svg,seal,1810,415,14,15
resources/玩.svg,seal,3255,597,20,22
resources/线.svg,seal,6746,630,17,20
resources/香.svg,oracle,3625,782,31,49
resources/象.svg,oracle,4841,562,15,15
resources/硝.svg,seal,4617,922,30,44
resources/小.svg,oracle,2593,726,36,48
resources/蟹.svg,seal,6405,940,25,30
resources/牙.svg,bronze,3848,754,70,47
resources/雅.svg,seal,4580,798,22,26
resources/亚.svg,oracle,3450,467,15,15
resources/烟.svg,bronze,6889,1120,79,63
resources/盐.svg,bronze,5407,964,50,58
resources/羊.svg,oracle,2302,360,13,12
resources/业.svg,bronze,9009,1291,56,70
resources/遗.svg,bronze,5610,1079,90,82
resources/银.svg,seal,4599,958,30,43
resources/油.svg,bronze,3937,736,28,39
resources/铀.svg,seal,4714,819,27,34
resources/鱼.svg,oracle,6020,649,20,20
resources/玉.svg,oracle,3121,651,28,36
resources/源.svg,seal,3780,793,21,27
resources/展.svg,seal,5405,895,24,33
resources/珍.svg,seal,3851,682,24,36
resources/址.svg,seal,3706,660,20,21
resources/珠.svg,seal,3747,612,17,17
resources/妆.svg,oracle,6216,555,16,20
resources/资.svg,seal,4458,857,31,41
resources/子.svg,oracle,4268,579,15,16
resources/仔.svg,seal,2891,540,16,24
resources/钻.svg,seal,7739,1160,35,51
routes/商.svg,oracle,4162,853,36,44
stats/案.svg,seal,4883,762,20,24
stats/巴.svg,oracle,3277,402,12,12
stats/比.svg,oracle,4320,760,36,43
stats/便.svg,bronze,3758,595,18,24
stats/别.svg,oracle,3717,508,19,24
stats/厕.svg,seal,3506,687,22,26
stats/策.svg,bronze,5206,1035,52,70
stats/差.svg,bronze,4889,900,44,53
stats/成.svg,oracle,3134,493,19,24
stats/城.svg,bronze,6863,1217,67,79
stats/程.svg,bronze,4309,687,24,30
stats/大.svg,oracle,2903,343,12,14
stats/单.svg,oracle,3592,714,30,38
stats/地.svg,bronze,5173,995,41,56
stats/点.svg,seal,5110,1030,40,54
stats/动.svg,bronze,6250,1232,72,85
stats/独.svg,seal,4835,771,24,27
stats/度.svg,oracle,4328,570,20,24
stats/队.svg,oracle,3702,588,19,24
stats/范.svg,bronze,3088,607,22,32
stats/防.svg,seal,3971,673,21,24
stats/房.svg,seal,3005,570,14,14
stats/访.svg,seal,4484,748,21,27
stats/费.svg,bronze,4202,571,17,16
stats/否.svg,bronze,2977,439,14,15
stats/府.svg,bronze,3665,662,16,16
stats/改.svg,oracle,3469,536,17,19
stats/概.svg,seal,5269,910,28,38
stats/工.svg,oracle,2634,420,14,15
stats/公.svg,oracle,2992,777,37,50
stats/关.svg,oracle,4146,814,36,49
stats/滚.svg,seal,6179,946,25,30
stats/过.svg,bronze,5060,896,75,56
stats/海.svg,bronze,4642,734,29,43
stats/害.svg,bronze,4188,569,18,18
stats/轰.svg,seal,7212,999,28,31
stats/化.svg,oracle,3337,787,41,50
stats/话.svg,bronze,5382,999,58,63
stats/击.svg,seal,6471,970,27,32
stats/级.svg,seal,4711,701,17,19
stats/急.svg,seal,4107,662,15,19
stats/计.svg,seal,3852,694,22,24
stats/记.svg,bronze,21646,2397,123,127
stats/迹.svg,bronze,5885,937,75,56
stats/建.svg,oracle,5820,736,21,26
stats/交.svg,seal,2394,423,14,13
stats/教.svg,oracle,3957,656,22,32
stats/截.svg,seal,5093,844,25,29
stats/界.svg,seal,3234,747,26,33
stats/紧.svg,seal,4712,762,24,27
stats/晋.svg,oracle,5287,665,21,26
stats/竞.svg,oracle,6639,979,40,47
stats/据.svg,seal,4132,705,18,19
stats/决.svg,seal,4614,830,26,34
stats/空.svg,bronze,3144,477,13,13
stats/况.svg,oracle,4084,553,18,23
stats/扩.svg,seal,6373,1044,30,40
stats/拦.svg,seal,5583,925,19,26
stats/乐.svg,oracle,3683,508,16,16
stats/理.svg,bronze,6160,1105,61,65
stats/力.svg,oracle,1524,318,13,13
stats/立.svg,oracle,2341,367,12,12
stats/利.svg,oracle,6256,910,43,65
stats/联.svg,oracle,2298,417,15,16
stats/量.svg,oracle,3696,508,17,18
stats/列.svg,bronze,36399,3743,178,188
stats/录.svg,oracle,3561,624,28,41
stats/伦.svg,seal,4903,818,23,31
stats/贸.svg,bronze,4384,641,21,25
stats/们.svg,seal,3885,708,19,22
stats/盟.svg,oracle,3914,632,21,26
stats/眠.svg,seal,4456,893,28,35
stats/民.svg,oracle,4569,503,16,17
stats/命.svg,oracle,2890,721,33,43
stats/目.svg,oracle,8302,820,33,36
stats/票.svg,seal,4768,979,31,44
stats/品.svg,oracle,4135,861,39,51
stats/平.svg,bronze,4627,869,43,53
stats/其.svg,oracle,6171,586,20,20
stats/奇.svg,seal,3173,615,19,25
stats/器.svg,bronze,6509,1023,82,64
stats/强.svg,seal,6957,1149,38,50
stats/情.svg,seal,4723,738,16,14
stats/请.svg,bronze,7546,1294,95,89
stats/求.svg,oracle,3687,440,14,14
stats/区.svg,oracle,4725,706,24,31
stats/屈.svg,bronze,2806,553,19,25
stats/人.svg,oracle,1900,267,12,12
stats/赛.svg,seal,7205,1187,38,54
stats/设.svg,seal,5398,828,23,29
stats/升.svg,oracle,2918,578,21,28
stats/胜.svg,seal,3514,638,17,17
stats/施.svg,seal,4419,739,21,26
stats/世.svg,bronze,3805,661,66,40
stats/市.svg,oracle,3562,628,25,36
stats/寿.svg,bronze,4862,710,23,29
stats/售.svg,seal,3610,706,21,23
stats/述.svg,bronze,5552,1024,84,72
stats/数.svg,bronze,7320,1121,82,62
stats/水.svg,oracle,3839,504,24,32
stats/睡.svg,seal,4267,894,31,45
stats/损.svg,seal,4152,723,22,27
stats/所.svg,bronze,3725,974,60,69
stats/他.svg,seal,3508,613,18,25
stats/藤.svg,bronze,6099,1163,52,73
stats/提.svg,seal,4072,698,20,24
stats/跳.svg,seal,4291,814,25,41
stats/统.svg,seal,5023,706,18,20
stats/投.svg,seal,4341,728,19,22
stats/土.svg,oracle,2673,375,13,13
stats/围.svg,bronze,5910,1022,44,52
stats/伟.svg,seal,4151,686,18,24
stats/委.svg,oracle,3420,495,15,17
stats/位.svg,bronze,2250,368,13,14
stats/文.svg,oracle,3399,456,16,19
stats/问.svg,oracle,5143,971,43,54
stats/我.svg,oracle,3806,505,15,17
stats/物.svg,oracle,3159,791,40,54
stats/系.svg,oracle,3461,436,16,18
stats/闲.svg,bronze,5307,986,40,52
stats/项.svg,seal,3885,726,23,34
stats/销.svg,seal,5046,950,33,49
stats/协.svg,bronze,8573,1373,78,94
stats/形.svg,seal,3441,681,24,34
stats/修.svg,seal,4147,814,27,41
stats/宣.svg,oracle,4504,523,15,19
stats/压.svg,seal,5814,929,25,30
stats/摇.svg,seal,4830,794,20,23
stats/议.svg,bronze,12818,1376,85,89
stats/易.svg,oracle,2690,481,22,29
stats/用.svg,oracle,4793,431,14,15
stats/由.svg,oracle,2906,477,17,22
stats/御.svg,oracle,4956,851,36,45
stats/援.svg,seal,5375,848,21,27
stats/源.svg,seal,3780,793,21,27
stats/赞.svg,seal,5375,722,15,15
stats/造.svg,bronze,7194,1055,75,56
stats/展.svg,seal,5405,895,24,33
stats/战.svg,bronze,6502,1186,56,78
stats/长.svg,oracle,4360,434,15,18
stats/政.svg,oracle,3276,673,25,34
stats/置.svg,oracle,4352,777,31,39
stats/州.svg,oracle,3155,526,19,25
stats/住.svg,seal,4733,783,23,28
stats/助.svg,seal,3108,575,15,18
stats/筑.svg,seal,5055,758,24,30
stats/资.svg,seal,4458,857,31,41
stats/宗.svg,oracle,3425,482,18,23
stats/作.svg,oracle,2347,435,17,18
status/败.svg,oracle,5285,631,18,22
status/成.svg,oracle,3134,493,19,24
status/谍.svg,seal,6659,923,21,24
status/盾.svg,oracle,3002,454,14,14
status/功.svg,bronze,2268,671,52,57
status/果.svg,bronze,5858,1076,54,67
status/和.svg,bronze,4930,881,76,60
status/毁.svg,bronze,5447,1022,56,63
status/获.svg,oracle,3490,578,25,35
status/击.svg,seal,6471,970,27,32
status/级.svg,seal,4711,701,17,19
status/间.svg,bronze,5069,994,44,60
status/降.svg,oracle,5371,643,18,23
status/结.svg,seal,4220,731,24,26
status/戎.svg,oracle,4079,495,14,15
status/升.svg,oracle,2918,578,21,28
status/失.svg,bronze,3269,706,52,55
status/提.svg,seal,4072,698,20,24
status/医.svg,seal,2741,488,13,12
status/造.svg,bronze,7194,1055,75,56
status/止.svg,oracle,2653,624,28,38
status/抓.svg,seal,6739,1056,33,45
status/踪.svg,bronze,7483,1096,41,47
status/足.svg,oracle,4622,458,14,14
teams/标.svg,seal,6155,1067,36,48
teams/带.svg,oracle,5325,911,36,46
teams/队.svg,oracle,3702,588,19,24
teams/丝.svg,oracle,4316,619,20,22
teams/图.svg,bronze,7351,1086,48,59
teams/团.svg,bronze,7231,1060,48,58
technologies/班.svg,bronze,5517,902,72,50
technologies/搬.svg,seal,5537,868,23,30
technologies/堡.svg,oracle,3679,493,14,15
technologies/币.svg,seal,5555,879,30,43
technologies/变.svg,bronze,4829,744,28,37
technologies/兵.svg,oracle,4481,825,36,50
technologies/材.svg,seal,3246,594,16,19
technologies/测.svg,bronze,4837,840,33,52
technologies/产.svg,bronze,4608,919,44,54
technologies/场.svg,seal,3655,686,20,27
technologies/成.svg,oracle,3134,493,19,24
technologies/城.svg,bronze,6863,1217,67,79
technologies/程.svg,bronze,4309,687,24,30
technologies/池.svg,bronze,3517,874,58,66
technologies/持.svg,bronze,3440,764,31,42
technologies/畜.svg,oracle,4195,635,24,29
technologies/船.svg,bronze,3164,624,24,30
technologies/大.svg,oracle,2903,343,12,14
technologies/弹.svg,oracle,3021,468,17,19
technologies/导.svg,seal,6349,1139,41,59
technologies/道.svg,bronze,6684,1069,83,71
technologies/德.svg,oracle,5828,1010,45,61
technologies/镫.svg,seal,6628,1169,41,57
technologies/电.svg,bronze,4120,786,33,51
technologies/钓.svg,bronze,5189,1032,63,67
technologies/动.svg,bronze,6250,1232,72,85
technologies/队.svg,oracle,3702,588,19,24
technologies/盾.svg,oracle,3002,454,14,14
technologies/尔.svg,bronze,4053,756,72,52
technologies/发.svg,oracle,2640,367,15,18
technologies/方.svg,oracle,1997,301,12,12
technologies/防.svg,seal,3971,673,21,24
technologies/飞.svg,seal,3550,560,14,12
technologies/复.svg,oracle,3367,510,18,20
technologies/溉.svg,bronze,4860,830,31,45
technologies/钢.svg,oracle,5418,676,23,26
technologies/高.svg,oracle,4711,631,25,33
technologies/更.svg,oracle,3674,489,17,19
technologies/工.svg,oracle,2634,420,14,15
technologies/攻.svg,bronze,3813,842,54,60
technologies/灌.svg,seal,7039,1105,38,51
technologies/光.svg,oracle,5076,465,14,15
technologies/海.svg,bronze,4642,734,29,43
technologies/航.svg,seal,3311,641,18,25
technologies/合.svg,oracle,4227,499,20,21
technologies/核.svg,seal,4773,838,22,29
technologies/黑.svg,oracle,3131,470,18,18
technologies/化.svg,oracle,3337,787,41,50
technologies/换.svg,seal,5720,862,22,29
technologies/火.svg,oracle,4855,702,26,35
technologies/货.svg,seal,3551,666,21,28
technologies/霍.svg,oracle,5387,969,36,52
technologies/机.svg,seal,2918,579,15,17
technologies/激.svg,seal,5834,931,27,38
technologies/级.svg,seal,4711,701,17,19
technologies/集.svg,oracle,4398,537,17,21
technologies/纪.svg,bronze,2682,717,28,36
technologies/技.svg,seal,4017,620,15,17
technologies/济.svg,bronze,4619,823,36,53
technologies/加.svg,bronze,3251,791,56,63
technologies/件.svg,seal,2700,527,15,20
technologies/建.svg,oracle,5820,736,21,26
technologies/箭.svg,bronze,3708,676,24,33
technologies/教.svg,oracle,3957,656,22,32
technologies/解.svg,oracle,7447,889,30,40
technologies/金.svg,bronze,3715,873,59,67
technologies/进.svg,oracle,4650,809,33,43
technologies/京.svg,oracle,4189,497,14,15
technologies/经.svg,bronze,4101,784,30,41
technologies/精.svg,seal,4772,922,29,34
technologies/景.svg,seal,3528,624,20,25
technologies/具.svg,oracle,7683,1061,44,60
technologies/聚.svg,seal,5063,943,28,42
technologies/军.svg,bronze,5243,976,35,45
technologies/科.svg,seal,4254,714,16,18
technologies/客.svg,bronze,4099,617,20,24
technologies/控.svg,seal,4703,779,20,26
technologies/矿.svg,seal,1415,360,15,19
technologies/扩.svg,seal,6373,1044,30,40
technologies/来.svg,oracle,2380,420,12,12
technologies/黎.svg,seal,5331,887,28,44
technologies/理.svg,bronze,6160,1105,61,65
technologies/力.svg,oracle,1524,318,13,13
technologies/联.svg,oracle,2298,417,15,16
technologies/量.svg,oracle,3696,508,17,18
technologies/料.svg,bronze,4579,1250,75,94
technologies/裂.svg,seal,4909,788,22,28
technologies/零.svg,seal,4645,935,34,51
technologies/令.svg,oracle,3301,410,17,19
technologies/露.svg,seal,6377,1201,35,46
technologies/轮.svg,bronze,5827,956,58,61
technologies/论.svg,bronze,6170,1079,83,65
technologies/马.svg,oracle,6388,692,19,22
technologies/矛.svg,bronze,3021,747,53,56
technologies/米.svg,oracle,2868,610,30,45
technologies/明.svg,oracle,5317,706,28,38
technologies/命.svg,oracle,2890,721,33,43
technologies/木.svg,oracle,2292,330,14,12
technologies/牧.svg,oracle,3785,538,15,18
technologies/墓.svg,seal,5697,987,26,33
technologies/纳.svg,bronze,3213,772,31,41
technologies/脑.svg,seal,3780,818,28,42
technologies/能.svg,bronze,2950,510,16,15
technologies/炮.svg,seal,4305,816,24,36
technologies/批.svg,bronze,1935,384,13,13
technologies/品.svg,oracle,4135,861,39,51
technologies/骑.svg,bronze,17043,2292,142,189
technologies/汽.svg,seal,3960,778,30,45
technologies/器.svg,bronze,6509,1023,82,64
technologies/墙.svg,oracle,6051,807,29,41
technologies/勤.svg,bronze,5065,957,58,63
technologies/青.svg,bronze,5074,886,41,48
technologies/燃.svg,bronze,5215,859,32,40
technologies/人.svg,oracle,1900,267,12,12
technologies/任.svg,oracle,2399,375,12,13
technologies/烧.svg,seal,5158,904,31,45
technologies/射.svg,oracle,3712,485,17,16
technologies/生.svg,oracle,2014,365,12,12
technologies/石.svg,oracle,1691,302,13,15
technologies/世.svg,bronze,3805,661,66,40
technologies/市.svg,oracle,3562,628,25,36
technologies/事.svg,oracle,3432,446,14,15
technologies/收.svg,seal,3893,635,18,22
technologies/属.svg,bronze,11440,1377,88,88
technologies/术.svg,oracle,2566,433,18,25
technologies/数.svg,bronze,7320,1121,82,62
technologies/刷.svg,seal,3488,652,18,23
technologies/斯.svg,bronze,4725,1033,64,73
technologies/塑.svg,oracle,6687,1048,44,57
technologies/索.svg,oracle,5497,547,18,20
technologies/锁.svg,seal,5318,1074,34,46
technologies/膛.svg,bronze,9828,1151,70,70
technologies/陶.svg,bronze,4028,942,61,70
technologies/特.svg,seal,4426,755,18,25
technologies/天.svg,oracle,3424,674,29,37
technologies/铁.svg,seal,5554,1026,31,43
technologies/铜.svg,bronze,5991,1178,47,64
technologies/统.svg,seal,5023,706,18,20
technologies/透.svg,seal,5418,850,22,28
technologies/图.svg,bronze,7351,1086,48,59
technologies/徒.svg,oracle,3956,711,29,41
technologies/土.svg,oracle,2673,375,13,13
technologies/维.svg,bronze,4186,797,31,39
technologies/伟.svg,seal,4151,686,18,24
technologies/卫.svg,oracle,4334,865,42,58
technologies/未.svg,oracle,3985,418,12,12
technologies/文.svg,oracle,3399,456,16,19
technologies/务.svg,bronze,4847,947,58,65
technologies/系.svg,oracle,3461,436,16,18
technologies/先.svg,oracle,2867,404,13,14
technologies/线.svg,seal,6746,630,17,20
technologies/写.svg,seal,5297,884,21,25
technologies/械.svg,seal,5484,878,21,27
technologies/信.svg,bronze,13189,1529,83,88
technologies/星.svg,oracle,3806,569,20,24
technologies/行.svg,oracle,3916,811,39,55
technologies/形.svg,seal,3441,681,24,34
technologies/学.svg,oracle,4386,625,18,22
technologies/药.svg,bronze,7247,945,71,47
technologies/业.svg,bronze,9009,1291,56,70
technologies/异.svg,seal,3597,624,18,23
technologies/音.svg,bronze,5192,873,74,54
technologies/银.svg,seal,4599,958,30,43
technologies/隐.svg,seal,6291,943,23,26
technologies/印.svg,oracle,3680,405,13,13
technologies/鱼.svg,oracle,6020,649,20,20
technologies/育.svg,oracle,4153,660,26,36
technologies/预.svg,seal,5150,873,26,35
technologies/御.svg,oracle,4956,851,36,45
technologies/运.svg,seal,6077,929,26,31
technologies/葬.svg,oracle,4088,545,19,23
technologies/造.svg,bronze,7194,1055,75,56
technologies/展.svg,seal,5405,895,24,33
technologies/占.svg,oracle,5550,594,20,25
technologies/战.svg,bronze,6502,1186,56,78
technologies/长.svg,oracle,4360,434,15,18
technologies/蒸.svg,seal,6127,1051,37,51
technologies/支.svg,seal,3125,518,12,12
technologies/制.svg,bronze,6109,1078,46,59
technologies/智.svg,oracle,3679,649,24,31
technologies/重.svg,oracle,3521,542,19,23
technologies/筑.svg,seal,5055,758,24,30
technologies/铸.svg,oracle,5897,758,22,29
technologies/子.svg,oracle,4268,579,15,16
technologies/作.svg,oracle,2347,435,17,18
terrain/埃.svg,seal,3956,553,13,13
terrain/岸.svg,seal,3048,603,19,25
terrain/奥.svg,seal,5085,969,28,40
terrain/澳.svg,seal,6936,1078,33,51
terrain/巴.svg,oracle,3277,402,12,12
terrain/白.svg,oracle,2252,362,14,18
terrain/百.svg,oracle,4796,469,15,18
terrain/堡.svg,oracle,3679,493,14,15
terrain/比.svg,oracle,4320,760,36,43
terrain/标.svg,seal,6155,1067,36,48
terrain/冰.svg,bronze,2860,618,30,44
terrain/布.svg,bronze,2764,457,15,19
terrain/草.svg,seal,4482,801,25,33
terrain/场.svg,seal,3655,686,20,27
terrain/出.svg,oracle,3541,508,16,19
terrain/川.svg,oracle,2865,564,24,35
terrain/春.svg,oracle,5452,988,44,62
terrain/丛.svg,bronze,19107,1918,92,98
terrain/大.svg,oracle,2903,343,12,14
terrain/丹.svg,oracle,2780,482,16,20
terrain/岛.svg,seal,4889,871,28,40
terrain/道.svg,bronze,6684,1069,83,71
terrain/德.svg,oracle,5828,1010,45,61
terrain/地.svg,bronze,5173,995,41,56
terrain/堤.svg,seal,3452,697,20,25
terrain/蒂.svg,seal,5760,767,16,18
terrain/点.svg,seal,5110,1030,40,54
terrain/度.svg,oracle,4328,570,20,24
terrain/多.svg,oracle,4286,514,17,22
terrain/恩.svg,seal,3593,613,20,18
terrain/尔.svg,bronze,4053,756,72,52
terrain/泛.svg,seal,4346,801,24,33
terrain/菲.svg,seal,4902,753,21,28
terrain/峰.svg,seal,4373,730,20,27
terrain/佛.svg,seal,3792,701,22,30
terrain/阜.svg,oracle,2766,394,15,18
terrain/盖.svg,oracle,5082,627,16,19
terrain/戈.svg,oracle,2459,333,12,12
terrain/哥.svg,seal,3335,627,20,25
terrain/功.svg,bronze,2268,671,52,57
terrain/拱.svg,seal,5137,846,22,30
terrain/鬼.svg,oracle,4608,570,25,29
terrain/哈.svg,seal,2618,531,21,23
terrain/海.svg,bronze,4642,734,29,43
terrain/河.svg,oracle,2673,358,15,20
terrain/宏.svg,seal,3556,633,18,27
terrain/洪.svg,seal,5356,978,31,47
terrain/湖.svg,bronze,4318,687,28,38
terrain/花.svg,seal,4729,783,27,37
terrain/毁.svg,bronze,5447,1022,56,63
terrain/彗.svg,oracle,3736,491,16,18
terrain/火.svg,oracle,4855,702,26,35
terrain/基.svg,oracle,4206,566,18,20
terrain/吉.svg,oracle,4685,861,34,46
terrain/加.svg,bronze,3251,791,56,63
terrain/礁.svg,bronze,2979,620,21,27
terrain/角.svg,oracle,7673,657,21,20
terrain/京.svg,oracle,4189,497,14,15
terrain/精.svg,seal,4772,922,29,34
terrain/景.svg,seal,3528,624,20,25
terrain/局.svg,seal,2877,600,16,20
terrain/巨.svg,bronze,3851,748,37,42
terrain/具.svg,oracle,7683,1061,44,60
terrain/克.svg,oracle,2329,433,17,21
terrain/空.svg,bronze,3144,477,13,13
terrain/口.svg,oracle,3008,706,29,38
terrain/扩.svg,seal,6373,1044,30,40
terrain/拉.svg,seal,3459,602,16,18
terrain/赖.svg,seal,4993,869,25,32
terrain/朗.svg,seal,4338,754,20,24
terrain/雷.svg,oracle,4209,629,24,28
terrain/力.svg,oracle,1524,318,13,13
terrain/利.svg,oracle,6256,910,43,65
terrain/裂.svg,seal,4909,788,22,28
terrain/林.svg,oracle,3514,511,15,18
terrain/陵.svg,bronze,4601,1012,62,75
terrain/龙.svg,oracle,4766,523,15,17
terrain/鲁.svg,oracle,7431,858,26,36
terrain/吕.svg,oracle,5113,523,15,17
terrain/绿.svg,oracle,4333,593,18,26
terrain/伦.svg,seal,4903,818,23,31
terrain/罗.svg,oracle,4555,634,22,28
terrain/马.svg,oracle,6388,692,19,22
terrain/玛.svg,oracle,6388,692,19,22
terrain/美.svg,oracle,3122,466,12,13
terrain/门.svg,oracle,4582,618,22,29
terrain/棉.svg,seal,4456,893,28,35
terrain/魔.svg,seal,6380,1116,37,61
terrain/漠.svg,seal,6790,1102,34,51
terrain/慕.svg,bronze,4954,760,25,34
terrain/穆.svg,oracle,4620,474,13,13
terrain/纳.svg,bronze,3213,772,31,41
terrain/能.svg,bronze,2950,510,16,15
terrain/尼.svg,seal,2259,494,15,23
terrain/泥.svg,seal,4308,843,27,40
terrain/努.svg,seal,4767,748,20,24
terrain/帕.svg,seal,3009,589,18,20
terrain/派.svg,seal,4830,990,33,49
terrain/潘.svg,bronze,3964,711,28,38
terrain/皮.svg,bronze,2972,503,17,20
terrain/平.svg,bronze,4627,869,43,53
terrain/乞.svg,oracle,3148,731,38,49
terrain/巧.svg,seal,2005,424,15,17
terrain/青.svg,bronze,5074,886,41,48
terrain/丘.svg,oracle,3848,609,21,33
terrain/区.svg,oracle,4725,706,24,31
terrain/泉.svg,oracle,4682,767,30,43
terrain/群.svg,bronze,4528,731,22,29
terrain/燃.svg,bronze,5215,859,32,40
terrain/热.svg,seal,6364,979,29,42
terrain/人.svg,oracle,1900,267,12,12
terrain/撒.svg,seal,4729,845,28,32
terrain/三.svg,oracle,3514,777,36,53
terrain/色.svg,bronze,22249,2064,120,113
terrain/瑟.svg,seal,3685,613,15,20
terrain/森.svg,oracle,4525,659,18,22
terrain/沙.svg,bronze,3448,734,36,58
terrain/山.svg,oracle,6901,852,35,53
terrain/烧.svg,seal,5158,904,31,45
terrain/胜.svg,seal,3514,638,17,17
terrain/湿.svg,seal,7187,1110,32,46
terrain/石.svg,oracle,1691,302,13,15
terrain/是.svg,bronze,4796,838,70,47
terrain/水.svg,oracle,3839,504,24,32
terrain/斯.svg,bronze,4725,1033,64,73
terrain/死.svg,oracle,5746,532,16,22
terrain/苏.svg,bronze,8515,1194,84,64
terrain/塔.svg,seal,4938,807,25,33
terrain/苔.svg,seal,5810,1009,34,50
terrain/坦.svg,seal,2517,578,20,25
terrain/特.svg,seal,4426,755,18,25
terrain/田.svg,oracle,6108,786,22,24
terrain/土.svg,oracle,2673,375,13,13
terrain/托.svg,oracle,1522,283,13,13
terrain/湾.svg,seal,7223,927,29,33
terrain/威.svg,bronze,5662,966,34,45
terrain/维.svg,bronze,4186,797,31,39
terrain/乌.svg,bronze,3528,494,14,15
terrain/西.svg,oracle,6407,689,26,36
terrain/希.svg,seal,3931,715,22,27
terrain/隙.svg,seal,5202,1080,35,48
terrain/峡.svg,seal,4834,750,20,20
terrain/霞.svg,seal,5709,1021,33,50
terrain/心.svg,oracle,2584,408,12,12
terrain/辛.svg,oracle,2173,320,13,15
terrain/星.svg,oracle,3806,569,20,24
terrain/形.svg,seal,3441,681,24,34
terrain/性.svg,bronze,1841,368,12,13
terrain/悬.svg,bronze,4124,611,20,21
terrain/雪.svg,oracle,4298,808,41,58
terrain/崖.svg,seal,3624,699,19,26
terrain/雅.svg,seal,4580,798,22,26
terrain/亚.svg,oracle,3450,467,15,15
terrain/眼.svg,seal,3400,648,22,24
terrain/洋.svg,seal,4461,780,24,35
terrain/掖.svg,seal,4264,671,19,20
terrain/伊.svg,oracle,3068,499,16,22
terrain/以.svg,oracle,1915,334,13,14
terrain/印.svg,oracle,3680,405,13,13
terrain/优.svg,seal,6597,978,28,39
terrain/原.svg,bronze,3432,601,21,28
terrain/泽.svg,seal,5846,1003,28,41
terrain/扎.svg,seal,2612,512,16,18
terrain/展.svg,seal,5405,895,24,33
terrain/张.svg,bronze,4576,997,44,60
terrain/障.svg,seal,6027,921,28,33
terrain/沼.svg,seal,4569,818,28,40
terrain/征.svg,oracle,4446,892,41,56
terrain/之.svg,oracle,2598,390,13,13
terrain/致.svg,bronze,3608,558,16,18
terrain/州.svg,oracle,3155,526,19,25
terrain/洲.svg,oracle,3155,526,19,25
terrain/珠.svg,seal,3747,612,17,17
ui/齿.svg,oracle,7346,987,33,47
ui/旦.svg,oracle,3454,568,20,26
ui/否.svg,bronze,2977,439,14,15
ui/戒.svg,oracle,4627,810,28,37
ui/可.svg,oracle,3316,440,17,21
ui/日.svg,oracle,3306,472,15,22
ui/讯.svg,oracle,4485,918,39,51
ui/乂.svg,oracle,4108,465,15,17
unitabilities/能.svg,bronze,2950,510,16,15
units/阿.svg,bronze,3879,959,59,65
units/埃.svg,seal,3956,553,13,13
units/艾.svg,seal,3230,545,18,22
units/安.svg,oracle,3688,551,18,22
units/暗.svg,seal,4780,836,25,32
units/奥.svg,seal,5085,969,28,40
units/澳.svg,seal,6936,1078,33,51
units/巴.svg,oracle,3277,402,12,12
units/白.svg,oracle,2252,362,14,18
units/拜.svg,bronze,5670,932,31,41
units/班.svg,bronze,5517,902,72,50
units/板.svg,seal,3588,677,20,24
units/榜.svg,seal,5034,901,21,26
units/雹.svg,oracle,6398,739,30,43
units/宝.svg,oracle,5345,719,26,34
units/堡.svg,oracle,3679,493,14,15
units/报.svg,bronze,4716,678,20,25
units/卑.svg,bronze,3375,519,16,17
units/悲.svg,seal,4248,671,18,25
units/贝.svg,oracle,3427,565,18,24
units/备.svg,oracle,8408,737,22,22
units/本.svg,bronze,4377,768,37,42
units/比.svg,oracle,4320,760,36,43
units/必.svg,oracle,1746,277,12,14
units/蔽.svg,seal,6095,987,30,42
units/壁.svg,seal,5744,970,29,37
units/边.svg,oracle,4253,508,17,17
units/编.svg,seal,6253,1013,24,29
units/鞭.svg,bronze,3519,506,15,17
units/变.svg,bronze,4829,744,28,37
units/标.svg,seal,6155,1067,36,48
units/骠.svg,seal,6986,1084,36,43
units/滨.svg,bronze,11832,1110,70,71
units/冰.svg,bronze,2860,618,30,44
units/兵.svg,oracle,4481,825,36,50
units/病.svg,seal,3713,696,21,26
units/波.svg,seal,4978,941,30,45
units/播.svg,bronze,4848,1020,45,63
units/伯.svg,oracle,2755,380,17,15
units/博.svg,bronze,5726,906,73,51
units/卜.svg,oracle,1849,266,12,12
units/补.svg,seal,4788,826,25,28
units/捕.svg,seal,4511,798,19,20
units/布.svg,bronze,2764,457,15,19
units/步.svg,oracle,3462,757,38,50
units/部.svg,seal,4858,809,22,28
units/材.svg,seal,3246,594,16,19
units/采.svg,oracle,4117,504,15,16
units/彩.svg,seal,4220,734,24,34
units/参.svg,bronze,4104,561,16,19
units/藏.svg,bronze,7129,1103,75,54
units/操.svg,seal,5368,826,24,25
units/测.svg,bronze,4837,840,33,52
units/查.svg,seal,5872,977,29,38
units/茶.svg,seal,4271,827,27,38
units/察.svg,bronze,4564,903,55,62
units/差.svg,bronze,4889,900,44,53
units/产.svg,bronze,4608,919,44,54
units/厂.svg,bronze,1035,269,12,12
units/场.svg,seal,3655,686,20,27
units/朝.svg,oracle,5367,1065,50,68
units/车.svg,oracle,7798,929,32,40
units/称.svg,seal,5192,857,24,28
units/成.svg,oracle,3134,493,19,24
units/城.svg,bronze,6863,1217,67,79
units/程.svg,bronze,4309,687,24,30
units/持.svg,bronze,3440,764,31,42
units/崇.svg,seal,3511,750,25,33
units/宠.svg,bronze,5094,680,22,27
units/出.svg,oracle,3541,508,16,19
units/除.svg,seal,4835,897,24,31
units/厨.svg,bronze,3955,689,24,30
units/处.svg,oracle,3540,708,37,44
units/传.svg,oracle,4971,629,18,23
units/船.svg,bronze,3164,624,24,30
units/创.svg,bronze,4192,713,68,40
units/槌.svg,seal,5398,859,23,30
units/锤.svg,seal,5895,1035,32,45
units/粗.svg,seal,3495,739,26,31
units/村.svg,bronze,9445,1024,60,68
units/达.svg,oracle,4962,878,40,56
units/打.svg,seal,2959,565,18,22
units/大.svg,oracle,2903,343,12,14
units/代.svg,seal,2805,537,15,21
units/待.svg,bronze,5775,908,75,56
units/单.svg,oracle,3592,714,30,38
units/弹.svg,oracle,3021,468,17,19
units/导.svg,seal,6349,1139,41,59
units/岛.svg,seal,4889,871,28,40
units/盗.svg,oracle,3628,621,24,30
units/道.svg,bronze,6684,1069,83,71
units/德.svg,oracle,5828,1010,45,61
units/地.svg,bronze,5173,995,41,56
units/等.svg,seal,4737,812,24,35
units/帝.svg,oracle,4153,805,30,39
units/第.svg,oracle,2438,426,17,20
units/蒂.svg,seal,5760,767,16,18
units/典.svg,oracle,6327,952,34,42
units/电.svg,bronze,4120,786,33,51
units/调.svg,seal,5166,954,28,33
units/谍.svg,seal,6659,923,21,24
units/顶.svg,bronze,5560,997,59,65
units/定.svg,oracle,3217,537,20,26
units/动.svg,bronze,6250,1232,72,85
units/斗.svg,oracle,1710,327,12,13
units/度.svg,oracle,4328,570,20,24
units/端.svg,seal,4517,734,17,21
units/队.svg,oracle,3702,588,19,24
units/囤.svg,seal,5102,833,24,31
units/盾.svg,oracle,3002,454,14,14
units/顿.svg,seal,5102,833,24,31
units/多.svg,oracle,4286,514,17,22
units/夺.svg,bronze,4976,809,36,50
units/俄.svg,seal,3909,604,13,15
units/饿.svg,seal,5533,794,17,19
units/尔.svg,bronze,4053,756,72,52
units/发.svg,oracle,2640,367,15,18
units/法.svg,bronze,5314,946,37,52
units/帆.svg,seal,6312,915,22,26
units/反.svg,oracle,3438,699,28,36
units/范.svg,bronze,3088,607,22,32
units/防.svg,seal,3971,673,21,24
units/房.svg,seal,3005,570,14,14
units/放.svg,bronze,4044,561,15,17
units/飞.svg,seal,3550,560,14,12
units/非.svg,oracle,3204,433,15,19
units/菲.svg,seal,4902,753,21,28
units/腓.svg,seal,4489,781,18,24
units/费.svg,bronze,4202,571,17,16
units/焚.svg,oracle,9311,861,28,37
units/风.svg,oracle,5613,561,14,14
units/夫.svg,oracle,3503,440,17,18
units/服.svg,oracle,3671,569,23,26
units/符.svg,bronze,14800,1643,87,98
units/甫.svg,oracle,3399,506,16,16
units/复.svg,oracle,3367,510,18,20
units/改.svg,oracle,3469,536,17,19
units/盖.svg,oracle,5082,627,16,19
units/甘.svg,oracle,4897,546,18,23
units/干.svg,oracle,2695,660,28,38
units/刚.svg,oracle,5418,676,23,26
units/高.svg,oracle,4711,631,25,33
units/戈.svg,oracle,2459,333,12,12
units/哥.svg,seal,3335,627,20,25
units/格.svg,bronze,5589,963,45,54
units/给.svg,seal,4222,767,24,32
units/工.svg,oracle,2634,420,14,15
units/弓.svg,oracle,2043,346,13,14
units/公.svg,oracle,2992,777,37,50
units/功.svg,bronze,2268,671,52,57
units/攻.svg,bronze,3813,842,54,60
units/供.svg,seal,4298,721,20,25
units/狗.svg,bronze,14500,1383,81,84
units/构.svg,seal,5763,902,26,26
units/古.svg,oracle,4733,867,34,44
units/股.svg,bronze,6346,727,52,55
units/观.svg,oracle,6115,777,27,35
units/官.svg,oracle,3508,595,21,25
units/馆.svg,seal,5037,875,23,30
units/规.svg,bronze,3682,780,52,56
units/轨.svg,bronze,5517,968,35,46
units/鬼.svg,oracle,4608,570,25,29
units/滚.svg,seal,6179,946,25,30
units/国.svg,bronze,4618,1003,46,68
units/果.svg,bronze,5858,1076,54,67
units/过.svg,bronze,5060,896,75,56
units/海.svg,bronze,4642,734,29,43
units/害.svg,bronze,4188,569,18,18
units/韩.svg,bronze,4329,882,41,48
units/杭.svg,seal,3487,607,18,23
units/航.svg,seal,3311,641,18,25
units/好.svg,oracle,5623,580,17,22
units/号.svg,bronze,3734,787,55,59
units/合.svg,oracle,4227,499,20,21
units/核.svg,seal,4773,838,22,29
units/赫.svg,seal,5356,985,33,49
units/黑.svg,oracle,3131,470,18,18
units/轰.svg,seal,7212,999,28,31
units/红.svg,seal,3430,575,17,21
units/虹.svg,oracle,5112,538,15,16
units/忽.svg,bronze,3179,610,25,33
units/胡.svg,bronze,7909,956,61,65
units/虎.svg,oracle,15457,1737,59,58
units/户.svg,oracle,5302,640,24,31
units/护.svg,seal,6656,1042,30,37
units/花.svg,seal,4729,783,27,37
units/华.svg,seal,4729,783,27,37
units/滑.svg,bronze,9881,1544,92,92
units/化.svg,oracle,3337,787,41,50
units/怀.svg,bronze,4743,959,42,64
units/坏.svg,bronze,5953,1057,64,69
units/唤.svg,seal,5034,792,24,32
units/换.svg,seal,5720,862,22,29
units/痪.svg,seal,5720,862,22,29
units/皇.svg,oracle,4797,628,19,24
units/黄.svg,oracle,3021,413,13,16
units/恢.svg,seal,4595,853,21,28
units/挥.svg,bronze,8216,1362,74,85
units/毁.svg,bronze,5447,1022,56,63
units/活.svg,seal,5063,870,26,37
units/火.svg,oracle,4855,702,26,35
units/获.svg,oracle,3490,578,25,35
units/击.svg,seal,6471,970,27,32
units/饥.svg,seal,3884,631,21,28
units/机.svg,seal,2918,579,15,17
units/积.svg,bronze,5117,607,15,17
units/基.svg,oracle,4206,566,18,20
units/激.svg,seal,5834,931,27,38
units/吉.svg,oracle,4685,861,34,46
units/级.svg,seal,4711,701,17,19
units/计.svg,seal,3852,694,22,24
units/纪.svg,bronze,2682,717,28,36
units/技.svg,seal,4017,620,15,17
units/季.svg,oracle,3218,406,13,13
units/迹.svg,bronze,5885,937,75,56
units/祭.svg,oracle,3690,882,42,61
units/加.svg,bronze,3251,791,56,63
units/家.svg,oracle,4396,507,14,16
units/甲.svg,oracle,1869,277,12,12
units/假.svg,seal,4154,720,21,31
units/间.svg,bronze,5069,994,44,60
units/监.svg,oracle,4648,577,19,21
units/简.svg,bronze,14108,1617,85,102
units/建.svg,oracle,5820,736,21,26
units/剑.svg,bronze,6108,743,27,34
units/舰.svg,seal,5047,813,173,39
units/箭.svg,bronze,3708,676,24,33
units/僵.svg,seal,4140,925,33,44
units/疆.svg,oracle,5367,677,22,26
units/交.svg,seal,2394,423,14,13
units/较.svg,bronze,7970,1179,47,61
units/教.svg,oracle,3957,656,22,32
units/阶.svg,oracle,3871,694,25,33
units/劫.svg,seal,3942,673,18,22
units/杰.svg,seal,4700,703,17,23
units/金.svg,bronze,3715,873,59,67
units/进.svg,oracle,4650,809,33,43
units/禁.svg,seal,4872,911,27,40
units/京.svg,oracle,4189,497,14,15
units/经.svg,bronze,4101,784,30,41
units/井.svg,oracle,2740,430,13,13
units/阱.svg,seal,4120,696,16,20
units/景.svg,seal,3528,624,20,25
units/警.svg,seal,6333,957,29,38
units/究.svg,bronze,9248,1322,70,78
units/酒.svg,oracle,5608,748,32,36
units/居.svg,bronze,2559,527,19,23
units/巨.svg,bronze,3851,748,37,42
units/惧.svg,bronze,6938,944,31,38
units/捐.svg,seal,4127,705,20,24
units/掘.svg,seal,5469,851,22,29
units/军.svg,bronze,5243,976,35,45
units/卡.svg,seal,1532,323,13,16
units/开.svg,seal,4765,839,25,32
units/考.svg,oracle,3143,368,12,12
units/科.svg,seal,4254,714,16,18
units/克.svg,oracle,2329,433,17,21
units/客.svg,bronze,4099,617,20,24
units/课.svg,seal,5901,927,25,29
units/空.svg,bronze,3144,477,13,13
units/恐.svg,bronze,3115,505,16,18
units/库.svg,bronze,3525,646,20,23
units/狂.svg,oracle,6931,769,25,31
units/矿.svg,seal,1415,360,15,19
units/盔.svg,oracle,5833,619,20,23
units/扩.svg,seal,6373,1044,30,40
units/阔.svg,bronze,6261,1311,56,83
units/拉.svg,seal,3459,602,16,18
units/腊.svg,oracle,6898,777,22,31
units/来.svg,oracle,2380,420,12,12
units/莱.svg,seal,4548,753,25,32
units/兰.svg,seal,6216,895,23,27
units/浪.svg,seal,5012,912,29,44
units/乐.svg,oracle,3683,508,16,16
units/雷.svg,oracle,4209,629,24,28
units/垒.svg,seal,3230,657,24,31
units/礼.svg,oracle,6461,716,19,24
units/里.svg,bronze,3831,806,32,42
units/力.svg,oracle,1524,318,13,13
units/历.svg,seal,5185,828,23,34
units/丽.svg,oracle,8234,775,23,24
units/利.svg,oracle,6256,910,43,65
units/联.svg,oracle,2298,417,15,16
units/良.svg,oracle,3292,417,12,12
units/疗.svg,seal,6299,893,25,28
units/料.svg,bronze,4579,1250,75,94
units/列.svg,bronze,36399,3743,178,188
units/烈.svg,seal,4474,881,34,50
units/林.svg,oracle,3514,511,15,18
units/琳.svg,seal,5098,817,18,23
units/领.svg,seal,5254,956,30,42
units/令.svg,oracle,3301,410,17,19
units/流.svg,bronze,3926,805,37,54
units/龙.svg,oracle,4766,523,15,17
units/卢.svg,oracle,5387,641,17,18
units/鲁.svg,oracle,7431,858,26,36
units/陆.svg,oracle,4730,648,21,25
units/路.svg,bronze,5864,1011,75,53
units/露.svg,seal,6377,1201,35,46
units/吕.svg,oracle,5113,523,15,17
units/旅.svg,oracle,3893,582,18,23
units/乱.svg,bronze,4786,968,60,68
units/掠.svg,seal,4295,703,19,23
units/略.svg,seal,3764,727,24,29
units/伦.svg,seal,4903,818,23,31
units/罗.svg,oracle,4555,634,22,28
units/洛.svg,bronze,5800,1046,71,68
units/马.svg,oracle,6388,692,19,22
units/玛.svg,oracle,6388,692,19,22
units/蛮.svg,bronze,7810,1105,39,49
units/曼.svg,oracle,3606,571,22,28
units/毛.svg,bronze,2612,413,12,13
units/矛.svg,bronze,3021,747,53,56
units/贸.svg,bronze,4384,641,21,25
units/没.svg,seal,4857,890,27,37
units/梅.svg,bronze,4235,791,41,48
units/美.svg,oracle,3122,466,12,13
units/蒙.svg,bronze,7026,1248,91,83
units/弥.svg,bronze,5920,1051,39,53
units/迷.svg,seal,4600,875,29,37
units/米.svg,oracle,2868,610,30,45
units/眠.svg,seal,4456,893,28,35
units/棉.svg,seal,4456,893,28,35
units/面.svg,oracle,8330,625,22,22
units/灭.svg,bronze,13694,1241,77,71
units/民.svg,oracle,4569,503,16,17
units/名.svg,oracle,4067,790,33,44
units/明.svg,oracle,5317,706,28,38
units/冥.svg,seal,3684,722,21,28
units/命.svg,oracle,2890,721,33,43
units/模.svg,seal,6459,1038,30,39
units/摩.svg,seal,5465,1011,30,48
units/莫.svg,oracle,5178,981,46,66
units/母.svg,oracle,4589,443,14,16
units/姆.svg,bronze,4016,856,38,51
units/木.svg,oracle,2292,330,14,12
units/目.svg,oracle,8302,820,33,36
units/牧.svg,oracle,3785,538,15,18
units/募.svg,seal,5571,875,23,29
units/穆.svg,oracle,4620,474,13,13
units/拿.svg,bronze,30626,2936,159,176
units/纳.svg,bronze,3213,772,31,41
units/男.svg,oracle,5191,705,29,30
units/南.svg,oracle,3122,443,16,15
units/难.svg,bronze,6275,891,26,35
units/瑙.svg,seal,3649,612,18,22
units/能.svg,bronze,2950,510,16,15
units/尼.svg,seal,2259,494,15,23
units/农.svg,oracle,5902,871,34,45
units/努.svg,seal,4767,748,20,24
units/弩.svg,bronze,3797,899,58,65
units/女.svg,oracle,2794,391,14,17
units/挪.svg,seal,4560,707,19,25
units/牌.svg,seal,4734,808,19,23
units/判.svg,seal,3539,660,21,28
units/炮.svg,seal,4305,816,24,36
units/培.svg,seal,3944,661,18,19
units/配.svg,oracle,12453,667,22,22
units/喷.svg,seal,5816,915,28,37
units/皮.svg,bronze,2972,503,17,20
units/辟.svg,oracle,4547,563,22,24
units/平.svg,bronze,4627,869,43,53
units/屏.svg,seal,4691,748,18,22
units/破.svg,seal,4374,798,25,38
units/葡.svg,oracle,8408,737,22,22
units/普.svg,seal,3990,696,24,30
units/期.svg,bronze,4444,756,29,40
units/其.svg,oracle,6171,586,20,20
units/奇.svg,seal,3173,615,19,25
units/骑.svg,bronze,17043,2292,142,189
units/启.svg,oracle,3298,781,36,47
units/起.svg,seal,3747,574,15,19
units/气.svg,oracle,3148,731,38,49
units/器.svg,bronze,6509,1023,82,64
units/潜.svg,seal,6664,1052,32,41
units/谴.svg,bronze,5523,1036,58,64
units/枪.svg,seal,4625,903,27,36
units/强.svg,seal,6957,1149,38,50
units/墙.svg,oracle,6051,807,29,41
units/抢.svg,bronze,3716,923,58,68
units/切.svg,seal,2223,438,15,21
units/窃.svg,seal,7348,1172,35,49
units/亲.svg,bronze,4309,844,41,48
units/轻.svg,seal,4807,919,32,46
units/清.svg,bronze,11832,1321,80,83
units/情.svg,seal,4723,738,16,14
units/丘.svg,oracle,3848,609,21,33
units/球.svg,seal,3836,805,27,41
units/区.svg,oracle,4725,706,24,31
units/驱.svg,bronze,5638,743,21,26
units/取.svg,oracle,2992,390,13,14
units/然.svg,bronze,5215,859,32,40
units/染.svg,seal,5314,897,27,37
units/扰.svg,bronze,5966,1087,47,68
units/绕.svg,seal,6231,885,23,30
units/热.svg,seal,6364,979,29,42
units/人.svg,oracle,1900,267,12,12
units/任.svg,oracle,2399,375,12,13
units/日.svg,oracle,3306,472,15,22
units/入.svg,oracle,1838,284,12,15
units/瑞.svg,seal,4181,636,12,12
units/弱.svg,seal,4643,733,21,28
units/萨.svg,seal,5101,782,20,24
units/塞.svg,oracle,6051,740,30,44
units/赛.svg,seal,7205,1187,38,54
units/散.svg,oracle,4541,735,24,35
units/色.svg,bronze,22249,2064,120,113
units/瑟.svg,seal,3685,613,15,20
units/僧.svg,seal,4133,843,28,41
units/杀.svg,bronze,3911,763,28,36
units/山.svg,oracle,6901,852,35,53
units/删.svg,seal,4588,776,16,18
units/善.svg,bronze,8340,1140,76,56
units/伤.svg,seal,4389,787,25,37
units/商.svg,oracle,4162,853,36,44
units/尚.svg,bronze,5850,982,77,60
units/烧.svg,seal,5158,904,31,45
units/舍.svg,bronze,4002,760,39,44
units/设.svg,seal,5398,828,23,29
units/射.svg,oracle,3712,485,17,16
units/身.svg,oracle,2087,323,13,13
units/什.svg,seal,2229,451,15,22
units/神.svg,bronze,6081,999,78,62
units/审.svg,bronze,6385,1209,91,83
units/升.svg,oracle,2918,578,21,28
units/生.svg,oracle,2014,365,12,12
units/声.svg,oracle,7853,799,27,37
units/牲.svg,oracle,4664,811,29,38
units/省.svg,oracle,4382,544,18,22
units/圣.svg,oracle,4564,493,12,12
units/尸.svg,oracle,1833,313,12,12
units/师.svg,oracle,2235,358,14,17
units/狮.svg,oracle,2235,358,14,17
units/石.svg,oracle,1691,302,13,15
units/时.svg,bronze,3160,571,22,31
units/使.svg,oracle,3700,503,15,16
units/士.svg,bronze,3565,675,66,42
units/世.svg,bronze,3805,661,66,40
units/市.svg,oracle,3562,628,25,36
units/式.svg,seal,2603,500,15,22
units/事.svg,oracle,3432,446,14,15
units/势.svg,seal,6507,902,20,22
units/视.svg,oracle,4419,420,15,14
units/释.svg,oracle,6928,1015,43,57
units/收.svg,seal,3893,635,18,22
units/手.svg,bronze,2720,686,28,38
units/首.svg,oracle,8401,691,19,20
units/授.svg,seal,4723,800,20,25
units/殊.svg,oracle,13248,900,22,22
units/署.svg,seal,5686,970,30,47
units/术.svg,oracle,2566,433,18,25
units/双.svg,oracle,4257,763,31,41
units/睡.svg,seal,4267,894,31,45
units/司.svg,oracle,2554,382,15,17
units/私.svg,bronze,15071,1649,89,96
units/斯.svg,bronze,4725,1033,64,73
units/死.svg,oracle,5746,532,16,22
units/四.svg,oracle,2502,521,21,33
units/送.svg,bronze,7296,1447,107,109
units/苏.svg,bronze,8515,1194,84,64
units/随.svg,seal,6919,1076,38,48
units/隧.svg,oracle,3702,588,19,24
units/索.svg,oracle,5497,547,18,20
units/塔.svg,seal,4938,807,25,33
units/台.svg,bronze,4474,763,71,47
units/太.svg,seal,2222,484,15,18
units/泰.svg,seal,2222,484,15,18
units/滩.svg,bronze,7016,1233,51,74
units/瘫.svg,seal,4254,829,28,35
units/坦.svg,seal,2517,578,20,25
units/探.svg,seal,5316,896,28,36
units/堂.svg,bronze,4490,1054,64,75
units/糖.svg,seal,6348,1090,32,43
units/萄.svg,seal,5272,769,18,22
units/忒.svg,seal,3559,535,15,17
units/特.svg,seal,4426,755,18,25
units/梯.svg,seal,4608,760,19,19
units/提.svg,seal,4072,698,20,24
units/体.svg,bronze,6148,944,36,45
units/天.svg,oracle,3424,674,29,37
units/田.svg,oracle,6108,786,22,24
units/条.svg,seal,4590,801,24,34
units/跳.svg,seal,4291,814,25,41
units/铁.svg,seal,5554,1026,31,43
units/听.svg,oracle,4562,507,19,19
units/庭.svg,bronze,2455,577,21,29
units/停.svg,seal,3665,753,27,39
units/艇.svg,seal,4929,881,25,32
units/统.svg,seal,5023,706,18,20
units/头.svg,bronze,3505,667,27,39
units/投.svg,seal,4341,728,19,22
units/突.svg,oracle,2882,493,19,24
units/图.svg,bronze,7351,1086,48,59
units/徒.svg,oracle,3956,711,29,41
units/土.svg,oracle,2673,375,13,13
units/团.svg,bronze,7231,1060,48,58
units/退.svg,oracle,3651,503,15,16
units/托.svg,oracle,1522,283,13,13
units/挖.svg,seal,2827,555,17,21
units/瓦.svg,seal,1810,415,14,15
units/完.svg,seal,3450,622,18,25
units/亡.svg,oracle,1729,288,12,14
units/网.svg,oracle,2521,416,15,18
units/威.svg,bronze,5662,966,34,45
units/韦.svg,oracle,4171,654,24,30
units/围.svg,bronze,5910,1022,44,52
units/桅.svg,seal,4768,791,19,24
units/维.svg,bronze,4186,797,31,39
units/伟.svg,seal,4151,686,18,24
units/卫.svg,oracle,4334,865,42,58
units/未.svg,oracle,3985,418,12,12
units/位.svg,bronze,2250,368,13,14
units/瘟.svg,seal,5493,1049,36,47
units/文.svg,oracle,3399,456,16,19
units/卧.svg,seal,3053,594,18,23
units/污.svg,bronze,3898,780,31,43
units/巫.svg,oracle,5052,610,20,20
units/屋.svg,seal,3959,661,16,19
units/武.svg,oracle,2522,390,16,18
units/务.svg,bronze,4847,947,58,65
units/物.svg,oracle,3159,791,40,54
units/悟.svg,seal,3186,713,22,32
units/吸.svg,seal,3508,593,17,23
units/西.svg,oracle,6407,689,26,36
units/希.svg,seal,3931,715,22,27
units/息.svg,bronze,4351,903,54,59
units/牺.svg,seal,7125,933,17,19
units/席.svg,bronze,2180,471,15,19
units/袭.svg,bronze,5994,921,33,44
units/洗.svg,seal,4868,860,24,33
units/侠.svg,seal,4026,712,21,32
units/先.svg,oracle,2867,404,13,14
units/鲜.svg,bronze,4718,645,18,20
units/险.svg,seal,5741,962,30,35
units/现.svg,oracle,5748,728,34,48
units/线.svg,seal,6746,630,17,20
units/陷.svg,oracle,5162,1035,45,66
units/想.svg,bronze,10991,1209,70,77
units/项.svg,seal,3885,726,23,34
units/像.svg,seal,4549,716,17,20
units/消.svg,seal,4617,922,30,44
units/小.svg,oracle,2593,726,36,48
units/邪.svg,bronze,14677,1270,75,81
units/写.svg,seal,5297,884,21,25
units/械.svg,seal,5484,878,21,27
units/辛.svg,oracle,2173,320,13,15
units/新.svg,oracle,5411,606,20,21
units/信.svg,bronze,13189,1529,83,88
units/星.svg,oracle,3806,569,20,24
units/行.svg,oracle,3916,811,39,55
units/形.svg,seal,3441,681,24,34
units/型.svg,bronze,5168,986,60,69
units/醒.svg,seal,5301,919,22,26
units/兴.svg,oracle,5391,949,37,48
units/性.svg,bronze,1841,368,12,13
units/匈.svg,seal,3242,607,16,18
units/胸.svg,seal,3242,607,16,18
units/雄.svg,seal,4732,754,19,22
units/修.svg,seal,4147,814,27,41
units/朽.svg,bronze,2715,455,17,18
units/虚.svg,seal,4817,745,15,17
units/选.svg,oracle,2867,404,13,14
units/学.svg,oracle,4386,625,18,22
units/雪.svg,oracle,4298,808,41,58
units/血.svg,oracle,3914,632,21,26
units/巡.svg,bronze,10823,1249,74,87
units/训.svg,bronze,7688,1128,83,66
units/讯.svg,oracle,4485,918,39,51
units/牙.svg,bronze,3848,754,70,47
units/雅.svg,seal,4580,798,22,26
units/亚.svg,oracle,3450,467,15,15
units/岩.svg,seal,6596,1104,35,48
units/沿.svg,seal,4106,822,31,45
units/研.svg,seal,3421,700,23,32
units/阳.svg,oracle,4708,816,35,50
units/洋.svg,seal,4461,780,24,35
units/仰.svg,seal,3174,661,19,27
units/摇.svg,seal,4830,794,20,23
units/野.svg,oracle,4220,616,18,22
units/业.svg,bronze,9009,1291,56,70
units/伊.svg,oracle,3068,499,16,22
units/衣.svg,oracle,2606,429,20,22
units/医.svg,seal,2741,488,13,12
units/夷.svg,oracle,7140,533,17,16
units/移.svg,seal,4114,758,21,25
units/义.svg,oracle,5199,572,14,14
units/艺.svg,oracle,4186,776,28,36
units/议.svg,bronze,12818,1376,85,89
units/异.svg,seal,3597,624,18,23
units/易.svg,oracle,2690,481,22,29
units/疫.svg,seal,4171,754,23,28
units/益.svg,oracle,3203,691,27,40
units/意.svg,seal,5020,790,21,26
units/裔.svg,bronze,4129,641,21,28
units/翼.svg,oracle,4927,561,17,20
units/因.svg,oracle,6236,815,36,54
units/音.svg,bronze,5192,873,74,54
units/印.svg,oracle,3680,405,13,13
units/应.svg,bronze,3716,591,21,28
units/英.svg,bronze,9421,1090,61,68
units/鹰.svg,bronze,4069,623,23,27
units/营.svg,bronze,4400,687,24,34
units/用.svg,oracle,4793,431,14,15
units/油.svg,bronze,3937,736,28,39
units/游.svg,oracle,3643,789,37,46
units/友.svg,oracle,4257,763,31,41
units/渔.svg,oracle,11708,1550,70,95
units/予.svg,bronze,13047,1624,92,105
units/语.svg,bronze,6839,1148,82,62
units/域.svg,bronze,3364,798,56,63
units/御.svg,oracle,4956,851,36,45
units/愈.svg,bronze,4805,689,24,33
units/元.svg,oracle,1650,323,15,17
units/员.svg,oracle,3966,665,22,24
units/园.svg,seal,4608,826,20,28
units/原.svg,bronze,3432,601,21,28
units/圆.svg,seal,3780,793,21,27
units/源.svg,seal,3780,793,21,27
units/院.svg,seal,4718,838,26,34
units/愿.svg,seal,4264,719,18,23
units/跃.svg,seal,6918,1226,45,64
units/越.svg,bronze,5378,790,66,40
units/运.svg,seal,6077,929,26,31
units/灾.svg,oracle,5595,619,16,20
units/再.svg,oracle,4245,532,14,15
units/凿.svg,oracle,5354,573,17,20
units/造.svg,bronze,7194,1055,75,56
units/则.svg,bronze,6906,1025,44,54
units/择.svg,bronze,6504,1063,41,52
units/泽.svg,seal,5846,1003,28,41
units/责.svg,oracle,4521,631,19,23
units/贼.svg,bronze,6212,976,39,53
units/增.svg,bronze,4470,1031,66,79
units/赠.svg,seal,4765,964,33,41
units/炸.svg,bronze,6955,1090,84,68
units/展.svg,seal,5405,895,24,33
units/占.svg,oracle,5550,594,20,25
units/战.svg,bronze,6502,1186,56,78
units/站.svg,seal,6637,1013,29,38
units/张.svg,bronze,4576,997,44,60
units/长.svg,oracle,4360,434,15,18
units/招.svg,seal,3674,627,22,23
units/着.svg,seal,7048,1185,40,53
units/侦.svg,seal,3221,582,18,23
units/争.svg,oracle,3089,428,16,12
units/征.svg,oracle,4446,892,41,56
units/整.svg,bronze,4952,733,26,34
units/之.svg,oracle,2598,390,13,13
units/知.svg,bronze,5748,1034,49,62
units/直.svg,oracle,2430,383,15,15
units/植.svg,bronze,15122,1582,79,97
units/止.svg,oracle,2653,624,28,38
units/指.svg,seal,4029,720,22,31
units/至.svg,oracle,3986,406,13,13
units/制.svg,bronze,6109,1078,46,59
units/治.svg,seal,4796,865,28,38
units/致.svg,bronze,3608,558,16,18
units/重.svg,oracle,3521,542,19,23
units/州.svg,oracle,3155,526,19,25
units/洲.svg,oracle,3155,526,19,25
units/逐.svg,oracle,4958,799,33,46
units/主.svg,oracle,2096,578,28,38
units/助.svg,seal,3108,575,15,18
units/注.svg,oracle,5693,885,40,59
units/转.svg,seal,5828,993,32,35
units/庄.svg,bronze,7086,1004,76,54
units/装.svg,seal,4451,766,22,27
units/准.svg,seal,5264,933,29,36
units/兹.svg,oracle,4579,603,21,23
units/资.svg,seal,4458,857,31,41
units/子.svg,oracle,4268,579,15,16
units/字.svg,bronze,4397,872,55,64
units/自.svg,oracle,3927,457,13,13
units/宗.svg,oracle,3425,482,18,23
units/总.svg,seal,9138,917,24,30
units/族.svg,oracle,3385,471,16,23
units/组.svg,bronze,4806,947,36,48
units/祖.svg,oracle,3091,728,31,40
units/钻.svg,seal,7739,1160,35,51
units/佐.svg,oracle,1769,283,14,12
units/作.svg,oracle,2347,435,17,18
victories/胜.svg,seal,3514,638,17,17
wonders/拜.svg,bronze,5670,932,31,41
wonders/比.svg,oracle,4320,760,36,43
wonders/波.svg,seal,4978,941,30,45
wonders/度.svg,oracle,4328,570,20,24
wonders/顿.svg,seal,5102,833,24,31
wonders/高.svg,oracle,4711,631,25,33
wonders/观.svg,oracle,6115,777,27,35
wonders/迹.svg,bronze,5885,937,75,56
wonders/扩.svg,seal,6373,1044,30,40
wonders/卢.svg,oracle,5387,641,17,18
wonders/马.svg,oracle,6388,692,19,22
wonders/尼.svg,seal,2259,494,15,23
wonders/努.svg,seal,4767,748,20,24
wonders/葡.svg,oracle,8408,737,22,22
wonders/其.svg,oracle,6171,586,20,20
wonders/奇.svg,seal,3173,615,19,25
wonders/斯.svg,bronze,4725,1033,64,73
wonders/萄.svg,seal,5272,769,18,22
wonders/庭.svg,bronze,2455,577,21,29
wonders/西.svg,oracle,6407,689,26,36
wonders/牙.svg,bronze,3848,754,70,47
wonders/亚.svg,oracle,3450,467,15,15
wonders/印.svg,oracle,3680,405,13,13
wonders/占.svg,oracle,5550,594,20,25
wonders/张.svg,bronze,4576,997,44,60
worldbuilder/造.svg,bronze,7194,1055,75,56
yields/册.svg,oracle,5316,946,33,43
yields/工.svg,oracle,2634,420,14,15
yields/禾.svg,oracle,2581,432,12,12
yields/金.svg,bronze,3715,873,59,67
yields/令.svg,oracle,3301,410,17,19
yields/祀.svg,oracle,3576,768,32,43
yields/文.svg,oracle,3399,456,16,19
yields/言.svg,oracle,3408,742,30,38
