output_rel,source_rel,variant
advisors/师.svg,advisors/师.oracle.svg,oracle
beliefs/阿.svg,beliefs/阿.bronze.svg,bronze
beliefs/埃.svg,beliefs/埃.seal.svg,seal
beliefs/奥.svg,beliefs/奥.seal.svg,seal
beliefs/榜.svg,beliefs/榜.seal.svg,seal
beliefs/宝.svg,beliefs/宝.oracle.svg,oracle
beliefs/碑.svg,beliefs/碑.seal.svg,seal
beliefs/贝.svg,beliefs/贝.oracle.svg,oracle
beliefs/比.svg,beliefs/比.oracle.svg,oracle
beliefs/布.svg,beliefs/布.bronze.svg,bronze
beliefs/财.svg,beliefs/财.seal.svg,seal
beliefs/禅.svg,beliefs/禅.seal.svg,seal
beliefs/产.svg,beliefs/产.bronze.svg,bronze
beliefs/唱.svg,beliefs/唱.seal.svg,seal
beliefs/朝.svg,beliefs/朝.oracle.svg,oracle
beliefs/忱.svg,beliefs/忱.seal.svg,seal
beliefs/城.svg,beliefs/城.bronze.svg,bronze
beliefs/乘.svg,beliefs/乘.oracle.svg,oracle
beliefs/传.svg,beliefs/传.oracle.svg,oracle
beliefs/达.svg,beliefs/达.oracle.svg,oracle
beliefs/大.svg,beliefs/大.oracle.svg,oracle
beliefs/道.svg,beliefs/道.bronze.svg,bronze
beliefs/德.svg,beliefs/德.oracle.svg,oracle
beliefs/地.svg,beliefs/地.bronze.svg,bronze
beliefs/殿.svg,beliefs/殿.bronze.svg,bronze
beliefs/丁.svg,beliefs/丁.oracle.svg,oracle
beliefs/度.svg,beliefs/度.oracle.svg,oracle
beliefs/锻.svg,beliefs/锻.seal.svg,seal
beliefs/尔.svg,beliefs/尔.bronze.svg,bronze
beliefs/丰.svg,beliefs/丰.oracle.svg,oracle
beliefs/佛.svg,beliefs/佛.seal.svg,seal
beliefs/甘.svg,beliefs/甘.oracle.svg,oracle
beliefs/感.svg,beliefs/感.bronze.svg,bronze
beliefs/刚.svg,beliefs/刚.oracle.svg,oracle
beliefs/高.svg,beliefs/高.oracle.svg,oracle
beliefs/隔.svg,beliefs/隔.seal.svg,seal
beliefs/工.svg,beliefs/工.oracle.svg,oracle
beliefs/姑.svg,beliefs/姑.bronze.svg,bronze
beliefs/管.svg,beliefs/管.seal.svg,seal
beliefs/光.svg,beliefs/光.oracle.svg,oracle
beliefs/海.svg,beliefs/海.bronze.svg,bronze
beliefs/捍.svg,beliefs/捍.bronze.svg,bronze
beliefs/合.svg,beliefs/合.oracle.svg,oracle
beliefs/河.svg,beliefs/河.oracle.svg,oracle
beliefs/荷.svg,beliefs/荷.seal.svg,seal
beliefs/盒.svg,beliefs/盒.oracle.svg,oracle
beliefs/护.svg,beliefs/护.seal.svg,seal
beliefs/笏.svg,beliefs/笏.seal.svg,seal
beliefs/花.svg,beliefs/花.seal.svg,seal
beliefs/化.svg,beliefs/化.oracle.svg,oracle
beliefs/话.svg,beliefs/话.bronze.svg,bronze
beliefs/皇.svg,beliefs/皇.oracle.svg,oracle
beliefs/灰.svg,beliefs/灰.seal.svg,seal
beliefs/回.svg,beliefs/回.oracle.svg,oracle
beliefs/会.svg,beliefs/会.oracle.svg,oracle
beliefs/活.svg,beliefs/活.seal.svg,seal
beliefs/火.svg,beliefs/火.oracle.svg,oracle
beliefs/极.svg,beliefs/极.seal.svg,seal
beliefs/纪.svg,beliefs/纪.bronze.svg,bronze
beliefs/加.svg,beliefs/加.bronze.svg,bronze
beliefs/伽.svg,beliefs/伽.seal.svg,seal
beliefs/匠.svg,beliefs/匠.seal.svg,seal
beliefs/教.svg,beliefs/教.oracle.svg,oracle
beliefs/节.svg,beliefs/节.bronze.svg,bronze
beliefs/界.svg,beliefs/界.seal.svg,seal
beliefs/金.svg,beliefs/金.bronze.svg,bronze
beliefs/经.svg,beliefs/经.bronze.svg,bronze
beliefs/景.svg,beliefs/景.seal.svg,seal
beliefs/径.svg,beliefs/径.seal.svg,seal
beliefs/居.svg,beliefs/居.bronze.svg,bronze
beliefs/聚.svg,beliefs/聚.seal.svg,seal
beliefs/开.svg,beliefs/开.seal.svg,seal
beliefs/克.svg,beliefs/克.oracle.svg,oracle
beliefs/空.svg,beliefs/空.bronze.svg,bronze
beliefs/口.svg,beliefs/口.oracle.svg,oracle
beliefs/跨.svg,beliefs/跨.seal.svg,seal
beliefs/扩.svg,beliefs/扩.seal.svg,seal
beliefs/阔.svg,beliefs/阔.bronze.svg,bronze
beliefs/拉.svg,beliefs/拉.seal.svg,seal
beliefs/兰.svg,beliefs/兰.seal.svg,seal
beliefs/乐.svg,beliefs/乐.oracle.svg,oracle
beliefs/离.svg,beliefs/离.bronze.svg,bronze
beliefs/理.svg,beliefs/理.bronze.svg,bronze
beliefs/猎.svg,beliefs/猎.bronze.svg,bronze
beliefs/林.svg,beliefs/林.oracle.svg,oracle
beliefs/灵.svg,beliefs/灵.bronze.svg,bronze
beliefs/流.svg,beliefs/流.bronze.svg,bronze
beliefs/芦.svg,beliefs/芦.seal.svg,seal
beliefs/鲁.svg,beliefs/鲁.oracle.svg,oracle
beliefs/路.svg,beliefs/路.bronze.svg,bronze
beliefs/罗.svg,beliefs/罗.oracle.svg,oracle
beliefs/马.svg,beliefs/马.oracle.svg,oracle
beliefs/梅.svg,beliefs/梅.bronze.svg,bronze
beliefs/蒙.svg,beliefs/蒙.bronze.svg,bronze
beliefs/棉.svg,beliefs/棉.seal.svg,seal
beliefs/民.svg,beliefs/民.oracle.svg,oracle
beliefs/冥.svg,beliefs/冥.seal.svg,seal
beliefs/漠.svg,beliefs/漠.seal.svg,seal
beliefs/姆.svg,beliefs/姆.bronze.svg,bronze
beliefs/墓.svg,beliefs/墓.seal.svg,seal
beliefs/尼.svg,beliefs/尼.seal.svg,seal
beliefs/念.svg,beliefs/念.oracle.svg,oracle
beliefs/努.svg,beliefs/努.seal.svg,seal
beliefs/女.svg,beliefs/女.oracle.svg,oracle
beliefs/偶.svg,beliefs/偶.seal.svg,seal
beliefs/佩.svg,beliefs/佩.bronze.svg,bronze
beliefs/平.svg,beliefs/平.bronze.svg,bronze
beliefs/骑.svg,beliefs/骑.bronze.svg,bronze
beliefs/清.svg,beliefs/清.bronze.svg,bronze
beliefs/情.svg,beliefs/情.seal.svg,seal
beliefs/圈.svg,beliefs/圈.seal.svg,seal
beliefs/热.svg,beliefs/热.seal.svg,seal
beliefs/日.svg,beliefs/日.oracle.svg,oracle
beliefs/儒.svg,beliefs/儒.seal.svg,seal
beliefs/入.svg,beliefs/入.oracle.svg,oracle
beliefs/塞.svg,beliefs/塞.oracle.svg,oracle
beliefs/桑.svg,beliefs/桑.oracle.svg,oracle
beliefs/扫.svg,beliefs/扫.bronze.svg,bronze
beliefs/僧.svg,beliefs/僧.seal.svg,seal
beliefs/沙.svg,beliefs/沙.bronze.svg,bronze
beliefs/什.svg,beliefs/什.seal.svg,seal
beliefs/神.svg,beliefs/神.bronze.svg,bronze
beliefs/生.svg,beliefs/生.oracle.svg,oracle
beliefs/圣.svg,beliefs/圣.oracle.svg,oracle
beliefs/师.svg,beliefs/师.oracle.svg,oracle
beliefs/施.svg,beliefs/施.seal.svg,seal
beliefs/石.svg,beliefs/石.oracle.svg,oracle
beliefs/士.svg,beliefs/士.bronze.svg,bronze
beliefs/世.svg,beliefs/世.bronze.svg,bronze
beliefs/市.svg,beliefs/市.oracle.svg,oracle
beliefs/式.svg,beliefs/式.seal.svg,seal
beliefs/事.svg,beliefs/事.oracle.svg,oracle
beliefs/室.svg,beliefs/室.oracle.svg,oracle
beliefs/收.svg,beliefs/收.seal.svg,seal
beliefs/守.svg,beliefs/守.oracle.svg,oracle
beliefs/首.svg,beliefs/首.oracle.svg,oracle
beliefs/狩.svg,beliefs/狩.oracle.svg,oracle
beliefs/水.svg,beliefs/水.oracle.svg,oracle
beliefs/税.svg,beliefs/税.seal.svg,seal
beliefs/斯.svg,beliefs/斯.bronze.svg,bronze
beliefs/寺.svg,beliefs/寺.bronze.svg,bronze
beliefs/稣.svg,beliefs/稣.bronze.svg,bronze
beliefs/俗.svg,beliefs/俗.bronze.svg,bronze
beliefs/所.svg,beliefs/所.bronze.svg,bronze
beliefs/琐.svg,beliefs/琐.seal.svg,seal
beliefs/塔.svg,beliefs/塔.seal.svg,seal
beliefs/太.svg,beliefs/太.seal.svg,seal
beliefs/堂.svg,beliefs/堂.bronze.svg,bronze
beliefs/体.svg,beliefs/体.bronze.svg,bronze
beliefs/天.svg,beliefs/天.oracle.svg,oracle
beliefs/统.svg,beliefs/统.seal.svg,seal
beliefs/头.svg,beliefs/头.bronze.svg,bronze
beliefs/图.svg,beliefs/图.bronze.svg,bronze
beliefs/徒.svg,beliefs/徒.oracle.svg,oracle
beliefs/团.svg,beliefs/团.bronze.svg,bronze
beliefs/万.svg,beliefs/万.oracle.svg,oracle
beliefs/苇.svg,beliefs/苇.seal.svg,seal
beliefs/卫.svg,beliefs/卫.oracle.svg,oracle
beliefs/位.svg,beliefs/位.bronze.svg,bronze
beliefs/文.svg,beliefs/文.oracle.svg,oracle
beliefs/乌.svg,beliefs/乌.bronze.svg,bronze
beliefs/武.svg,beliefs/武.oracle.svg,oracle
beliefs/舞.svg,beliefs/舞.oracle.svg,oracle
beliefs/物.svg,beliefs/物.oracle.svg,oracle
beliefs/西.svg,beliefs/西.oracle.svg,oracle
beliefs/希.svg,beliefs/希.seal.svg,seal
beliefs/锡.svg,beliefs/锡.oracle.svg,oracle
beliefs/习.svg,beliefs/习.oracle.svg,oracle
beliefs/想.svg,beliefs/想.bronze.svg,bronze
beliefs/像.svg,beliefs/像.seal.svg,seal
beliefs/新.svg,beliefs/新.oracle.svg,oracle
beliefs/信.svg,beliefs/信.bronze.svg,bronze
beliefs/修.svg,beliefs/修.seal.svg,seal
beliefs/巡.svg,beliefs/巡.bronze.svg,bronze
beliefs/亚.svg,beliefs/亚.oracle.svg,oracle
beliefs/仰.svg,beliefs/仰.seal.svg,seal
beliefs/养.svg,beliefs/养.oracle.svg,oracle
beliefs/要.svg,beliefs/要.seal.svg,seal
beliefs/耶.svg,beliefs/耶.bronze.svg,bronze
beliefs/业.svg,beliefs/业.bronze.svg,bronze
beliefs/谒.svg,beliefs/谒.seal.svg,seal
beliefs/一.svg,beliefs/一.oracle.svg,oracle
beliefs/伊.svg,beliefs/伊.oracle.svg,oracle
beliefs/仪.svg,beliefs/仪.bronze.svg,bronze
beliefs/义.svg,beliefs/义.oracle.svg,oracle
beliefs/议.svg,beliefs/议.bronze.svg,bronze
beliefs/音.svg,beliefs/音.bronze.svg,bronze
beliefs/印.svg,beliefs/印.oracle.svg,oracle
beliefs/犹.svg,beliefs/犹.oracle.svg,oracle
beliefs/瑜.svg,beliefs/瑜.seal.svg,seal
beliefs/育.svg,beliefs/育.oracle.svg,oracle
beliefs/愈.svg,beliefs/愈.bronze.svg,bronze
beliefs/院.svg,beliefs/院.seal.svg,seal
beliefs/造.svg,beliefs/造.bronze.svg,bronze
beliefs/泽.svg,beliefs/泽.seal.svg,seal
beliefs/责.svg,beliefs/责.oracle.svg,oracle
beliefs/展.svg,beliefs/展.seal.svg,seal
beliefs/战.svg,beliefs/战.bronze.svg,bronze
beliefs/沼.svg,beliefs/沼.seal.svg,seal
beliefs/真.svg,beliefs/真.bronze.svg,bronze
beliefs/争.svg,beliefs/争.oracle.svg,oracle
beliefs/正.svg,beliefs/正.oracle.svg,oracle
beliefs/之.svg,beliefs/之.oracle.svg,oracle
beliefs/职.svg,beliefs/职.bronze.svg,bronze
beliefs/殖.svg,beliefs/殖.seal.svg,seal
beliefs/治.svg,beliefs/治.seal.svg,seal
beliefs/众.svg,beliefs/众.oracle.svg,oracle
beliefs/主.svg,beliefs/主.oracle.svg,oracle
beliefs/宗.svg,beliefs/宗.oracle.svg,oracle
buildings/阿.svg,buildings/阿.bronze.svg,bronze
buildings/埃.svg,buildings/埃.seal.svg,seal
buildings/奥.svg,buildings/奥.seal.svg,seal
buildings/巴.svg,buildings/巴.oracle.svg,oracle
buildings/坝.svg,buildings/坝.seal.svg,seal
buildings/百.svg,buildings/百.oracle.svg,oracle
buildings/板.svg,buildings/板.seal.svg,seal
buildings/邦.svg,buildings/邦.oracle.svg,oracle
buildings/棒.svg,buildings/棒.seal.svg,seal
buildings/宝.svg,buildings/宝.oracle.svg,oracle
buildings/保.svg,buildings/保.oracle.svg,oracle
buildings/堡.svg,buildings/堡.oracle.svg,oracle
buildings/碑.svg,buildings/碑.seal.svg,seal
buildings/贝.svg,buildings/贝.oracle.svg,oracle
buildings/本.svg,buildings/本.bronze.svg,bronze
buildings/比.svg,buildings/比.oracle.svg,oracle
buildings/必.svg,buildings/必.oracle.svg,oracle
buildings/壁.svg,buildings/壁.seal.svg,seal
buildings/避.svg,buildings/避.seal.svg,seal
buildings/兵.svg,buildings/兵.oracle.svg,oracle
buildings/病.svg,buildings/病.seal.svg,seal
buildings/波.svg,buildings/波.seal.svg,seal
buildings/播.svg,buildings/播.bronze.svg,bronze
buildings/博.svg,buildings/博.bronze.svg,bronze
buildings/布.svg,buildings/布.bronze.svg,bronze
buildings/部.svg,buildings/部.seal.svg,seal
buildings/采.svg,buildings/采.oracle.svg,oracle
buildings/菜.svg,buildings/菜.bronze.svg,bronze
buildings/仓.svg,buildings/仓.oracle.svg,oracle
buildings/察.svg,buildings/察.bronze.svg,bronze
buildings/厂.svg,buildings/厂.bronze.svg,bronze
buildings/场.svg,buildings/场.seal.svg,seal
buildings/车.svg,buildings/车.oracle.svg,oracle
buildings/城.svg,buildings/城.bronze.svg,bronze
buildings/持.svg,buildings/持.bronze.svg,bronze
buildings/船.svg,buildings/船.bronze.svg,bronze
buildings/达.svg,buildings/达.oracle.svg,oracle
buildings/大.svg,buildings/大.oracle.svg,oracle
buildings/道.svg,buildings/道.bronze.svg,bronze
buildings/德.svg,buildings/德.oracle.svg,oracle
buildings/灯.svg,buildings/灯.seal.svg,seal
buildings/电.svg,buildings/电.bronze.svg,bronze
buildings/殿.svg,buildings/殿.bronze.svg,bronze
buildings/雕.svg,buildings/雕.bronze.svg,bronze
buildings/谍.svg,buildings/谍.seal.svg,seal
buildings/定.svg,buildings/定.oracle.svg,oracle
buildings/动.svg,buildings/动.bronze.svg,bronze
buildings/斗.svg,buildings/斗.oracle.svg,oracle
buildings/督.svg,buildings/督.seal.svg,seal
buildings/杜.svg,buildings/杜.oracle.svg,oracle
buildings/度.svg,buildings/度.oracle.svg,oracle
buildings/镀.svg,buildings/镀.seal.svg,seal
buildings/顿.svg,buildings/顿.seal.svg,seal
buildings/俄.svg,buildings/俄.seal.svg,seal
buildings/尔.svg,buildings/尔.bronze.svg,bronze
buildings/发.svg,buildings/发.oracle.svg,oracle
buildings/范.svg,buildings/范.bronze.svg,bronze
buildings/方.svg,buildings/方.oracle.svg,oracle
buildings/坊.svg,buildings/坊.seal.svg,seal
buildings/防.svg,buildings/防.seal.svg,seal
buildings/飞.svg,buildings/飞.seal.svg,seal
buildings/菲.svg,buildings/菲.seal.svg,seal
buildings/分.svg,buildings/分.oracle.svg,oracle
buildings/坟.svg,buildings/坟.seal.svg,seal
buildings/佛.svg,buildings/佛.seal.svg,seal
buildings/服.svg,buildings/服.oracle.svg,oracle
buildings/府.svg,buildings/府.bronze.svg,bronze
buildings/港.svg,buildings/港.seal.svg,seal
buildings/高.svg,buildings/高.oracle.svg,oracle
buildings/哥.svg,buildings/哥.seal.svg,seal
buildings/歌.svg,buildings/歌.bronze.svg,bronze
buildings/工.svg,buildings/工.oracle.svg,oracle
buildings/宫.svg,buildings/宫.oracle.svg,oracle
buildings/购.svg,buildings/购.seal.svg,seal
buildings/古.svg,buildings/古.oracle.svg,oracle
buildings/谷.svg,buildings/谷.oracle.svg,oracle
buildings/骨.svg,buildings/骨.oracle.svg,oracle
buildings/故.svg,buildings/故.bronze.svg,bronze
buildings/馆.svg,buildings/馆.seal.svg,seal
buildings/管.svg,buildings/管.seal.svg,seal
buildings/广.svg,buildings/广.oracle.svg,oracle
buildings/哈.svg,buildings/哈.seal.svg,seal
buildings/海.svg,buildings/海.bronze.svg,bronze
buildings/罕.svg,buildings/罕.seal.svg,seal
buildings/航.svg,buildings/航.seal.svg,seal
buildings/诃.svg,buildings/诃.bronze.svg,bronze
buildings/合.svg,buildings/合.oracle.svg,oracle
buildings/河.svg,buildings/河.oracle.svg,oracle
buildings/核.svg,buildings/核.seal.svg,seal
buildings/赫.svg,buildings/赫.seal.svg,seal
buildings/黑.svg,buildings/黑.oracle.svg,oracle
buildings/很.svg,buildings/很.seal.svg,seal
buildings/洪.svg,buildings/洪.seal.svg,seal
buildings/忽.svg,buildings/忽.bronze.svg,bronze
buildings/笏.svg,buildings/笏.seal.svg,seal
buildings/花.svg,buildings/花.seal.svg,seal
buildings/化.svg,buildings/化.oracle.svg,oracle
buildings/皇.svg,buildings/皇.oracle.svg,oracle
buildings/汇.svg,buildings/汇.seal.svg,seal
buildings/会.svg,buildings/会.oracle.svg,oracle
buildings/火.svg,buildings/火.oracle.svg,oracle
buildings/机.svg,buildings/机.seal.svg,seal
buildings/姬.svg,buildings/姬.oracle.svg,oracle
buildings/基.svg,buildings/基.oracle.svg,oracle
buildings/集.svg,buildings/集.oracle.svg,oracle
buildings/计.svg,buildings/计.seal.svg,seal
buildings/纪.svg,buildings/纪.bronze.svg,bronze
buildings/技.svg,buildings/技.seal.svg,seal
buildings/加.svg,buildings/加.bronze.svg,bronze
buildings/家.svg,buildings/家.oracle.svg,oracle
buildings/甲.svg,buildings/甲.oracle.svg,oracle
buildings/尖.svg,buildings/尖.seal.svg,seal
buildings/间.svg,buildings/间.bronze.svg,bronze
buildings/建.svg,buildings/建.oracle.svg,oracle
buildings/箭.svg,buildings/箭.bronze.svg,bronze
buildings/交.svg,buildings/交.seal.svg,seal
buildings/教.svg,buildings/教.oracle.svg,oracle
buildings/斤.svg,buildings/斤.oracle.svg,oracle
buildings/金.svg,buildings/金.bronze.svg,bronze
buildings/津.svg,buildings/津.bronze.svg,bronze
buildings/井.svg,buildings/井.oracle.svg,oracle
buildings/景.svg,buildings/景.seal.svg,seal
buildings/竞.svg,buildings/竞.oracle.svg,oracle
buildings/究.svg,buildings/究.bronze.svg,bronze
buildings/旧.svg,buildings/旧.oracle.svg,oracle
buildings/救.svg,buildings/救.bronze.svg,bronze
buildings/巨.svg,buildings/巨.bronze.svg,bronze
buildings/剧.svg,buildings/剧.seal.svg,seal
buildings/军.svg,buildings/军.bronze.svg,bronze
buildings/卡.svg,buildings/卡.seal.svg,seal
buildings/科.svg,buildings/科.seal.svg,seal
buildings/克.svg,buildings/克.oracle.svg,oracle
buildings/空.svg,buildings/空.bronze.svg,bronze
buildings/窟.svg,buildings/窟.seal.svg,seal
buildings/库.svg,buildings/库.bronze.svg,bronze
buildings/扩.svg,buildings/扩.seal.svg,seal
buildings/拉.svg,buildings/拉.seal.svg,seal
buildings/兰.svg,buildings/兰.seal.svg,seal
buildings/老.svg,buildings/老.oracle.svg,oracle
buildings/雷.svg,buildings/雷.oracle.svg,oracle
buildings/里.svg,buildings/里.bronze.svg,bronze
buildings/理.svg,buildings/理.bronze.svg,bronze
buildings/力.svg,buildings/力.oracle.svg,oracle
buildings/利.svg,buildings/利.oracle.svg,oracle
buildings/炼.svg,buildings/炼.seal.svg,seal
buildings/粮.svg,buildings/粮.bronze.svg,bronze
buildings/料.svg,buildings/料.bronze.svg,bronze
buildings/烈.svg,buildings/烈.seal.svg,seal
buildings/林.svg,buildings/林.oracle.svg,oracle
buildings/陵.svg,buildings/陵.bronze.svg,bronze
buildings/领.svg,buildings/领.seal.svg,seal
buildings/鲁.svg,buildings/鲁.oracle.svg,oracle
buildings/露.svg,buildings/露.seal.svg,seal
buildings/伦.svg,buildings/伦.seal.svg,seal
buildings/轮.svg,buildings/轮.bronze.svg,bronze
buildings/马.svg,buildings/马.oracle.svg,oracle
buildings/梅.svg,buildings/梅.bronze.svg,bronze
buildings/煤.svg,buildings/煤.seal.svg,seal
buildings/门.svg,buildings/门.oracle.svg,oracle
buildings/蒙.svg,buildings/蒙.bronze.svg,bronze
buildings/弥.svg,buildings/弥.bronze.svg,bronze
buildings/米.svg,buildings/米.oracle.svg,oracle
buildings/棉.svg,buildings/棉.seal.svg,seal
buildings/庙.svg,buildings/庙.bronze.svg,bronze
buildings/摩.svg,buildings/摩.seal.svg,seal
buildings/磨.svg,buildings/磨.seal.svg,seal
buildings/莫.svg,buildings/莫.oracle.svg,oracle
buildings/姆.svg,buildings/姆.bronze.svg,bronze
buildings/木.svg,buildings/木.oracle.svg,oracle
buildings/墓.svg,buildings/墓.seal.svg,seal
buildings/拿.svg,buildings/拿.bronze.svg,bronze
buildings/纳.svg,buildings/纳.bronze.svg,bronze
buildings/南.svg,buildings/南.oracle.svg,oracle
buildings/难.svg,buildings/难.bronze.svg,bronze
buildings/尼.svg,buildings/尼.seal.svg,seal
buildings/念.svg,buildings/念.oracle.svg,oracle
buildings/牛.svg,buildings/牛.oracle.svg,oracle
buildings/努.svg,buildings/努.seal.svg,seal
buildings/女.svg,buildings/女.oracle.svg,oracle
buildings/帕.svg,buildings/帕.seal.svg,seal
buildings/佩.svg,buildings/佩.bronze.svg,bronze
buildings/片.svg,buildings/片.seal.svg,seal
buildings/屏.svg,buildings/屏.seal.svg,seal
buildings/菩.svg,buildings/菩.seal.svg,seal
buildings/葡.svg,buildings/葡.oracle.svg,oracle
buildings/普.svg,buildings/普.seal.svg,seal
buildings/齐.svg,buildings/齐.oracle.svg,oracle
buildings/其.svg,buildings/其.oracle.svg,oracle
buildings/奇.svg,buildings/奇.seal.svg,seal
buildings/墙.svg,buildings/墙.oracle.svg,oracle
buildings/桥.svg,buildings/桥.seal.svg,seal
buildings/琴.svg,buildings/琴.seal.svg,seal
buildings/清.svg,buildings/清.bronze.svg,bronze
buildings/丘.svg,buildings/丘.oracle.svg,oracle
buildings/区.svg,buildings/区.oracle.svg,oracle
buildings/圈.svg,buildings/圈.seal.svg,seal
buildings/泉.svg,buildings/泉.oracle.svg,oracle
buildings/券.svg,buildings/券.seal.svg,seal
buildings/燃.svg,buildings/燃.bronze.svg,bronze
buildings/人.svg,buildings/人.oracle.svg,oracle
buildings/萨.svg,buildings/萨.seal.svg,seal
buildings/塞.svg,buildings/塞.oracle.svg,oracle
buildings/桑.svg,buildings/桑.oracle.svg,oracle
buildings/扫.svg,buildings/扫.bronze.svg,bronze
buildings/森.svg,buildings/森.oracle.svg,oracle
buildings/山.svg,buildings/山.oracle.svg,oracle
buildings/社.svg,buildings/社.bronze.svg,bronze
buildings/神.svg,buildings/神.bronze.svg,bronze
buildings/生.svg,buildings/生.oracle.svg,oracle
buildings/圣.svg,buildings/圣.oracle.svg,oracle
buildings/师.svg,buildings/师.oracle.svg,oracle
buildings/石.svg,buildings/石.oracle.svg,oracle
buildings/实.svg,buildings/实.bronze.svg,bronze
buildings/使.svg,buildings/使.oracle.svg,oracle
buildings/士.svg,buildings/士.bronze.svg,bronze
buildings/世.svg,buildings/世.bronze.svg,bronze
buildings/市.svg,buildings/市.oracle.svg,oracle
buildings/事.svg,buildings/事.oracle.svg,oracle
buildings/室.svg,buildings/室.oracle.svg,oracle
buildings/兽.svg,buildings/兽.oracle.svg,oracle
buildings/书.svg,buildings/书.bronze.svg,bronze
buildings/术.svg,buildings/术.oracle.svg,oracle
buildings/树.svg,buildings/树.oracle.svg,oracle
buildings/水.svg,buildings/水.oracle.svg,oracle
buildings/斯.svg,buildings/斯.bronze.svg,bronze
buildings/死.svg,buildings/死.oracle.svg,oracle
buildings/四.svg,buildings/四.oracle.svg,oracle
buildings/寺.svg,buildings/寺.bronze.svg,bronze
buildings/苏.svg,buildings/苏.bronze.svg,bronze
buildings/所.svg,buildings/所.bronze.svg,bronze
buildings/索.svg,buildings/索.oracle.svg,oracle
buildings/塔.svg,buildings/塔.seal.svg,seal
buildings/太.svg,buildings/太.seal.svg,seal
buildings/泰.svg,buildings/泰.seal.svg,seal
buildings/堂.svg,buildings/堂.bronze.svg,bronze
buildings/萄.svg,buildings/萄.seal.svg,seal
buildings/忒.svg,buildings/忒.seal.svg,seal
buildings/特.svg,buildings/特.seal.svg,seal
buildings/提.svg,buildings/提.seal.svg,seal
buildings/体.svg,buildings/体.bronze.svg,bronze
buildings/天.svg,buildings/天.oracle.svg,oracle
buildings/铁.svg,buildings/铁.seal.svg,seal
buildings/厅.svg,buildings/厅.bronze.svg,bronze
buildings/亭.svg,buildings/亭.bronze.svg,bronze
buildings/同.svg,buildings/同.oracle.svg,oracle
buildings/图.svg,buildings/图.bronze.svg,bronze
buildings/屯.svg,buildings/屯.oracle.svg,oracle
buildings/瓦.svg,buildings/瓦.seal.svg,seal
buildings/威.svg,buildings/威.bronze.svg,bronze
buildings/韦.svg,buildings/韦.oracle.svg,oracle
buildings/围.svg,buildings/围.bronze.svg,bronze
buildings/维.svg,buildings/维.bronze.svg,bronze
buildings/伟.svg,buildings/伟.seal.svg,seal
buildings/未.svg,buildings/未.oracle.svg,oracle
buildings/温.svg,buildings/温.oracle.svg,oracle
buildings/瘟.svg,buildings/瘟.seal.svg,seal
buildings/文.svg,buildings/文.oracle.svg,oracle
buildings/稳.svg,buildings/稳.seal.svg,seal
buildings/吴.svg,buildings/吴.bronze.svg,bronze
buildings/物.svg,buildings/物.oracle.svg,oracle
buildings/西.svg,buildings/西.oracle.svg,oracle
buildings/希.svg,buildings/希.seal.svg,seal
buildings/悉.svg,buildings/悉.seal.svg,seal
buildings/像.svg,buildings/像.seal.svg,seal
buildings/校.svg,buildings/校.bronze.svg,bronze
buildings/歇.svg,buildings/歇.seal.svg,seal
buildings/协.svg,buildings/协.bronze.svg,bronze
buildings/械.svg,buildings/械.seal.svg,seal
buildings/心.svg,buildings/心.oracle.svg,oracle
buildings/信.svg,buildings/信.bronze.svg,bronze
buildings/星.svg,buildings/星.oracle.svg,oracle
buildings/行.svg,buildings/行.oracle.svg,oracle
buildings/型.svg,buildings/型.bronze.svg,bronze
buildings/休.svg,buildings/休.oracle.svg,oracle
buildings/学.svg,buildings/学.oracle.svg,oracle
buildings/牙.svg,buildings/牙.bronze.svg,bronze
buildings/雅.svg,buildings/雅.seal.svg,seal
buildings/亚.svg,buildings/亚.oracle.svg,oracle
buildings/研.svg,buildings/研.seal.svg,seal
buildings/验.svg,buildings/验.seal.svg,seal
buildings/仰.svg,buildings/仰.seal.svg,seal
buildings/谒.svg,buildings/谒.seal.svg,seal
buildings/一.svg,buildings/一.oracle.svg,oracle
buildings/伊.svg,buildings/伊.oracle.svg,oracle
buildings/医.svg,buildings/医.seal.svg,seal
buildings/艺.svg,buildings/艺.oracle.svg,oracle
buildings/议.svg,buildings/议.bronze.svg,bronze
buildings/邑.svg,buildings/邑.oracle.svg,oracle
buildings/易.svg,buildings/易.oracle.svg,oracle
buildings/疫.svg,buildings/疫.seal.svg,seal
buildings/银.svg,buildings/银.seal.svg,seal
buildings/隐.svg,buildings/隐.seal.svg,seal
buildings/印.svg,buildings/印.oracle.svg,oracle
buildings/营.svg,buildings/营.bronze.svg,bronze
buildings/影.svg,buildings/影.seal.svg,seal
buildings/俑.svg,buildings/俑.seal.svg,seal
buildings/用.svg,buildings/用.oracle.svg,oracle
buildings/由.svg,buildings/由.oracle.svg,oracle
buildings/犹.svg,buildings/犹.oracle.svg,oracle
buildings/育.svg,buildings/育.oracle.svg,oracle
buildings/浴.svg,buildings/浴.bronze.svg,bronze
buildings/园.svg,buildings/园.seal.svg,seal
buildings/院.svg,buildings/院.seal.svg,seal
buildings/越.svg,buildings/越.bronze.svg,bronze
buildings/运.svg,buildings/运.seal.svg,seal
buildings/扎.svg,buildings/扎.seal.svg,seal
buildings/站.svg,buildings/站.seal.svg,seal
buildings/障.svg,buildings/障.seal.svg,seal
buildings/真.svg,buildings/真.bronze.svg,bronze
buildings/阵.svg,buildings/阵.oracle.svg,oracle
buildings/征.svg,buildings/征.oracle.svg,oracle
buildings/证.svg,buildings/证.seal.svg,seal
buildings/政.svg,buildings/政.oracle.svg,oracle
buildings/之.svg,buildings/之.oracle.svg,oracle
buildings/制.svg,buildings/制.bronze.svg,bronze
buildings/钟.svg,buildings/钟.bronze.svg,bronze
buildings/舟.svg,buildings/舟.oracle.svg,oracle
buildings/宙.svg,buildings/宙.oracle.svg,oracle
buildings/主.svg,buildings/主.oracle.svg,oracle
buildings/住.svg,buildings/住.seal.svg,seal
buildings/筑.svg,buildings/筑.seal.svg,seal
buildings/兹.svg,buildings/兹.oracle.svg,oracle
buildings/子.svg,buildings/子.oracle.svg,oracle
buildings/字.svg,buildings/字.bronze.svg,bronze
buildings/自.svg,buildings/自.oracle.svg,oracle
buildings/宗.svg,buildings/宗.oracle.svg,oracle
buildings/总.svg,buildings/总.seal.svg,seal
buildings/族.svg,buildings/族.oracle.svg,oracle
citybanner/旗.svg,citybanner/旗.seal.svg,seal
civics/阿.svg,civics/阿.bronze.svg,bronze
civics/奥.svg,civics/奥.seal.svg,seal
civics/澳.svg,civics/澳.seal.svg,seal
civics/芭.svg,civics/芭.seal.svg,seal
civics/霸.svg,civics/霸.oracle.svg,oracle
civics/邦.svg,civics/邦.oracle.svg,oracle
civics/保.svg,civics/保.oracle.svg,oracle
civics/本.svg,civics/本.bronze.svg,bronze
civics/比.svg,civics/比.oracle.svg,oracle
civics/币.svg,civics/币.seal.svg,seal
civics/必.svg,civics/必.oracle.svg,oracle
civics/变.svg,civics/变.bronze.svg,bronze
civics/兵.svg,civics/兵.oracle.svg,oracle
civics/部.svg,civics/部.seal.svg,seal
civics/产.svg,civics/产.bronze.svg,bronze
civics/场.svg,civics/场.seal.svg,seal
civics/朝.svg,civics/朝.oracle.svg,oracle
civics/城.svg,civics/城.bronze.svg,bronze
civics/程.svg,civics/程.bronze.svg,bronze
civics/出.svg,civics/出.oracle.svg,oracle
civics/传.svg,civics/传.oracle.svg,oracle
civics/次.svg,civics/次.oracle.svg,oracle
civics/大.svg,civics/大.oracle.svg,oracle
civics/导.svg,civics/导.seal.svg,seal
civics/道.svg,civics/道.bronze.svg,bronze
civics/地.svg,civics/地.bronze.svg,bronze
civics/等.svg,civics/等.seal.svg,seal
civics/帝.svg,civics/帝.oracle.svg,oracle
civics/第.svg,civics/第.oracle.svg,oracle
civics/动.svg,civics/动.bronze.svg,bronze
civics/斗.svg,civics/斗.oracle.svg,oracle
civics/度.svg,civics/度.oracle.svg,oracle
civics/二.svg,civics/二.oracle.svg,oracle
civics/法.svg,civics/法.bronze.svg,bronze
civics/防.svg,civics/防.seal.svg,seal
civics/放.svg,civics/放.bronze.svg,bronze
civics/分.svg,civics/分.oracle.svg,oracle
civics/封.svg,civics/封.oracle.svg,oracle
civics/服.svg,civics/服.oracle.svg,oracle
civics/改.svg,civics/改.oracle.svg,oracle
civics/高.svg,civics/高.oracle.svg,oracle
civics/歌.svg,civics/歌.bronze.svg,bronze
civics/革.svg,civics/革.oracle.svg,oracle
civics/工.svg,civics/工.oracle.svg,oracle
civics/公.svg,civics/公.oracle.svg,oracle
civics/雇.svg,civics/雇.oracle.svg,oracle
civics/规.svg,civics/规.bronze.svg,bronze
civics/国.svg,civics/国.bronze.svg,bronze
civics/海.svg,civics/海.bronze.svg,bronze
civics/航.svg,civics/航.seal.svg,seal
civics/合.svg,civics/合.oracle.svg,oracle
civics/核.svg,civics/核.seal.svg,seal
civics/护.svg,civics/护.seal.svg,seal
civics/化.svg,civics/化.oracle.svg,oracle
civics/划.svg,civics/划.seal.svg,seal
civics/环.svg,civics/环.bronze.svg,bronze
civics/缓.svg,civics/缓.seal.svg,seal
civics/皇.svg,civics/皇.oracle.svg,oracle
civics/会.svg,civics/会.oracle.svg,oracle
civics/货.svg,civics/货.seal.svg,seal
civics/机.svg,civics/机.seal.svg,seal
civics/级.svg,civics/级.seal.svg,seal
civics/极.svg,civics/极.seal.svg,seal
civics/集.svg,civics/集.oracle.svg,oracle
civics/计.svg,civics/计.seal.svg,seal
civics/记.svg,civics/记.bronze.svg,bronze
civics/纪.svg,civics/纪.bronze.svg,bronze
civics/技.svg,civics/技.seal.svg,seal
civics/济.svg,civics/济.bronze.svg,bronze
civics/家.svg,civics/家.oracle.svg,oracle
civics/减.svg,civics/减.bronze.svg,bronze
civics/建.svg,civics/建.oracle.svg,oracle
civics/交.svg,civics/交.seal.svg,seal
civics/焦.svg,civics/焦.bronze.svg,bronze
civics/教.svg,civics/教.oracle.svg,oracle
civics/阶.svg,civics/阶.oracle.svg,oracle
civics/界.svg,civics/界.seal.svg,seal
civics/金.svg,civics/金.bronze.svg,bronze
civics/近.svg,civics/近.seal.svg,seal
civics/京.svg,civics/京.oracle.svg,oracle
civics/经.svg,civics/经.bronze.svg,bronze
civics/景.svg,civics/景.seal.svg,seal
civics/径.svg,civics/径.seal.svg,seal
civics/竞.svg,civics/竞.oracle.svg,oracle
civics/举.svg,civics/举.bronze.svg,bronze
civics/剧.svg,civics/剧.seal.svg,seal
civics/军.svg,civics/军.bronze.svg,bronze
civics/勘.svg,civics/勘.seal.svg,seal
civics/空.svg,civics/空.bronze.svg,bronze
civics/快.svg,civics/快.seal.svg,seal
civics/况.svg,civics/况.oracle.svg,oracle
civics/扩.svg,civics/扩.seal.svg,seal
civics/来.svg,civics/来.oracle.svg,oracle
civics/劳.svg,civics/劳.oracle.svg,oracle
civics/乐.svg,civics/乐.oracle.svg,oracle
civics/蕾.svg,civics/蕾.seal.svg,seal
civics/冷.svg,civics/冷.seal.svg,seal
civics/离.svg,civics/离.bronze.svg,bronze
civics/里.svg,civics/里.bronze.svg,bronze
civics/理.svg,civics/理.bronze.svg,bronze
civics/力.svg,civics/力.oracle.svg,oracle
civics/历.svg,civics/历.seal.svg,seal
civics/利.svg,civics/利.oracle.svg,oracle
civics/联.svg,civics/联.oracle.svg,oracle
civics/练.svg,civics/练.seal.svg,seal
civics/流.svg,civics/流.bronze.svg,bronze
civics/录.svg,civics/录.oracle.svg,oracle
civics/露.svg,civics/露.seal.svg,seal
civics/律.svg,civics/律.oracle.svg,oracle
civics/轮.svg,civics/轮.bronze.svg,bronze
civics/论.svg,civics/论.bronze.svg,bronze
civics/罗.svg,civics/罗.oracle.svg,oracle
civics/贸.svg,civics/贸.bronze.svg,bronze
civics/媒.svg,civics/媒.seal.svg,seal
civics/蒙.svg,civics/蒙.bronze.svg,bronze
civics/秘.svg,civics/秘.seal.svg,seal
civics/棉.svg,civics/棉.seal.svg,seal
civics/民.svg,civics/民.oracle.svg,oracle
civics/缪.svg,civics/缪.seal.svg,seal
civics/木.svg,civics/木.oracle.svg,oracle
civics/纳.svg,civics/纳.bronze.svg,bronze
civics/乃.svg,civics/乃.oracle.svg,oracle
civics/尼.svg,civics/尼.seal.svg,seal
civics/努.svg,civics/努.seal.svg,seal
civics/女.svg,civics/女.oracle.svg,oracle
civics/暖.svg,civics/暖.seal.svg,seal
civics/盘.svg,civics/盘.bronze.svg,bronze
civics/期.svg,civics/期.bronze.svg,bronze
civics/企.svg,civics/企.oracle.svg,oracle
civics/启.svg,civics/启.oracle.svg,oracle
civics/巧.svg,civics/巧.seal.svg,seal
civics/情.svg,civics/情.seal.svg,seal
civics/球.svg,civics/球.seal.svg,seal
civics/全.svg,civics/全.seal.svg,seal
civics/权.svg,civics/权.oracle.svg,oracle
civics/然.svg,civics/然.bronze.svg,bronze
civics/热.svg,civics/热.seal.svg,seal
civics/人.svg,civics/人.oracle.svg,oracle
civics/塞.svg,civics/塞.oracle.svg,oracle
civics/赛.svg,civics/赛.seal.svg,seal
civics/商.svg,civics/商.oracle.svg,oracle
civics/社.svg,civics/社.bronze.svg,bronze
civics/神.svg,civics/神.bronze.svg,bronze
civics/圣.svg,civics/圣.oracle.svg,oracle
civics/诗.svg,civics/诗.seal.svg,seal
civics/实.svg,civics/实.bronze.svg,bronze
civics/史.svg,civics/史.oracle.svg,oracle
civics/士.svg,civics/士.bronze.svg,bronze
civics/世.svg,civics/世.bronze.svg,bronze
civics/市.svg,civics/市.oracle.svg,oracle
civics/事.svg,civics/事.oracle.svg,oracle
civics/势.svg,civics/势.seal.svg,seal
civics/室.svg,civics/室.oracle.svg,oracle
civics/守.svg,civics/守.oracle.svg,oracle
civics/书.svg,civics/书.bronze.svg,bronze
civics/署.svg,civics/署.seal.svg,seal
civics/术.svg,civics/术.oracle.svg,oracle
civics/数.svg,civics/数.bronze.svg,bronze
civics/刷.svg,civics/刷.seal.svg,seal
civics/司.svg,civics/司.oracle.svg,oracle
civics/思.svg,civics/思.bronze.svg,bronze
civics/斯.svg,civics/斯.bronze.svg,bronze
civics/死.svg,civics/死.oracle.svg,oracle
civics/速.svg,civics/速.oracle.svg,oracle
civics/太.svg,civics/太.seal.svg,seal
civics/探.svg,civics/探.seal.svg,seal
civics/逃.svg,civics/逃.bronze.svg,bronze
civics/淘.svg,civics/淘.seal.svg,seal
civics/体.svg,civics/体.bronze.svg,bronze
civics/天.svg,civics/天.oracle.svg,oracle
civics/田.svg,civics/田.oracle.svg,oracle
civics/统.svg,civics/统.seal.svg,seal
civics/透.svg,civics/透.seal.svg,seal
civics/土.svg,civics/土.oracle.svg,oracle
civics/王.svg,civics/王.oracle.svg,oracle
civics/维.svg,civics/维.bronze.svg,bronze
civics/伟.svg,civics/伟.seal.svg,seal
civics/未.svg,civics/未.oracle.svg,oracle
civics/文.svg,civics/文.oracle.svg,oracle
civics/舞.svg,civics/舞.oracle.svg,oracle
civics/务.svg,civics/务.bronze.svg,bronze
civics/西.svg,civics/西.oracle.svg,oracle
civics/息.svg,civics/息.bronze.svg,bronze
civics/戏.svg,civics/戏.bronze.svg,bronze
civics/辖.svg,civics/辖.oracle.svg,oracle
civics/想.svg,civics/想.bronze.svg,bronze
civics/象.svg,civics/象.oracle.svg,oracle
civics/械.svg,civics/械.seal.svg,seal
civics/信.svg,civics/信.bronze.svg,bronze
civics/行.svg,civics/行.oracle.svg,oracle
civics/形.svg,civics/形.seal.svg,seal
civics/选.svg,civics/选.oracle.svg,oracle
civics/学.svg,civics/学.oracle.svg,oracle
civics/训.svg,civics/训.bronze.svg,bronze
civics/亚.svg,civics/亚.oracle.svg,oracle
civics/羊.svg,civics/羊.oracle.svg,oracle
civics/养.svg,civics/养.oracle.svg,oracle
civics/业.svg,civics/业.bronze.svg,bronze
civics/一.svg,civics/一.oracle.svg,oracle
civics/伊.svg,civics/伊.oracle.svg,oracle
civics/遗.svg,civics/遗.bronze.svg,bronze
civics/义.svg,civics/义.oracle.svg,oracle
civics/艺.svg,civics/艺.oracle.svg,oracle
civics/银.svg,civics/银.seal.svg,seal
civics/印.svg,civics/印.oracle.svg,oracle
civics/佣.svg,civics/佣.seal.svg,seal
civics/由.svg,civics/由.oracle.svg,oracle
civics/邮.svg,civics/邮.seal.svg,seal
civics/游.svg,civics/游.oracle.svg,oracle
civics/娱.svg,civics/娱.seal.svg,seal
civics/育.svg,civics/育.oracle.svg,oracle
civics/员.svg,civics/员.oracle.svg,oracle
civics/园.svg,civics/园.seal.svg,seal
civics/约.svg,civics/约.seal.svg,seal
civics/运.svg,civics/运.seal.svg,seal
civics/早.svg,civics/早.oracle.svg,oracle
civics/造.svg,civics/造.bronze.svg,bronze
civics/展.svg,civics/展.seal.svg,seal
civics/战.svg,civics/战.bronze.svg,bronze
civics/哲.svg,civics/哲.bronze.svg,bronze
civics/争.svg,civics/争.oracle.svg,oracle
civics/政.svg,civics/政.oracle.svg,oracle
civics/之.svg,civics/之.oracle.svg,oracle
civics/知.svg,civics/知.bronze.svg,bronze
civics/直.svg,civics/直.oracle.svg,oracle
civics/职.svg,civics/职.bronze.svg,bronze
civics/殖.svg,civics/殖.seal.svg,seal
civics/纸.svg,civics/纸.seal.svg,seal
civics/制.svg,civics/制.bronze.svg,bronze
civics/治.svg,civics/治.seal.svg,seal
civics/众.svg,civics/众.oracle.svg,oracle
civics/重.svg,civics/重.oracle.svg,oracle
civics/主.svg,civics/主.oracle.svg,oracle
civics/桌.svg,civics/桌.bronze.svg,bronze
civics/资.svg,civics/资.seal.svg,seal
civics/字.svg,civics/字.bronze.svg,bronze
civics/自.svg,civics/自.oracle.svg,oracle
civics/宗.svg,civics/宗.oracle.svg,oracle
civics/综.svg,civics/综.seal.svg,seal
civics/租.svg,civics/租.seal.svg,seal
civics/族.svg,civics/族.oracle.svg,oracle
civilizations/阿.svg,civilizations/阿.bronze.svg,bronze
civilizations/埃.svg,civilizations/埃.seal.svg,seal
civilizations/艾.svg,civilizations/艾.seal.svg,seal
civilizations/安.svg,civilizations/安.oracle.svg,oracle
civilizations/奥.svg,civilizations/奥.seal.svg,seal
civilizations/澳.svg,civilizations/澳.seal.svg,seal
civilizations/巴.svg,civilizations/巴.oracle.svg,oracle
civilizations/拜.svg,civilizations/拜.bronze.svg,bronze
civilizations/班.svg,civilizations/班.bronze.svg,bronze
civilizations/邦.svg,civilizations/邦.oracle.svg,oracle
civilizations/堡.svg,civilizations/堡.oracle.svg,oracle
civilizations/报.svg,civilizations/报.bronze.svg,bronze
civilizations/备.svg,civilizations/备.oracle.svg,oracle
civilizations/奔.svg,civilizations/奔.bronze.svg,bronze
civilizations/本.svg,civilizations/本.bronze.svg,bronze
civilizations/比.svg,civilizations/比.oracle.svg,oracle
civilizations/必.svg,civilizations/必.oracle.svg,oracle
civilizations/边.svg,civilizations/边.oracle.svg,oracle
civilizations/编.svg,civilizations/编.seal.svg,seal
civilizations/变.svg,civilizations/变.bronze.svg,bronze
civilizations/标.svg,civilizations/标.seal.svg,seal
civilizations/兵.svg,civilizations/兵.oracle.svg,oracle
civilizations/病.svg,civilizations/病.seal.svg,seal
civilizations/波.svg,civilizations/波.seal.svg,seal
civilizations/伯.svg,civilizations/伯.oracle.svg,oracle
civilizations/博.svg,civilizations/博.bronze.svg,bronze
civilizations/布.svg,civilizations/布.bronze.svg,bronze
civilizations/部.svg,civilizations/部.seal.svg,seal
civilizations/昌.svg,civilizations/昌.oracle.svg,oracle
civilizations/场.svg,civilizations/场.seal.svg,seal
civilizations/车.svg,civilizations/车.oracle.svg,oracle
civilizations/彻.svg,civilizations/彻.oracle.svg,oracle
civilizations/城.svg,civilizations/城.bronze.svg,bronze
civilizations/船.svg,civilizations/船.bronze.svg,bronze
civilizations/茨.svg,civilizations/茨.seal.svg,seal
civilizations/丛.svg,civilizations/丛.bronze.svg,bronze
civilizations/达.svg,civilizations/达.oracle.svg,oracle
civilizations/大.svg,civilizations/大.oracle.svg,oracle
civilizations/丹.svg,civilizations/丹.oracle.svg,oracle
civilizations/但.svg,civilizations/但.oracle.svg,oracle
civilizations/淡.svg,civilizations/淡.oracle.svg,oracle
civilizations/盗.svg,civilizations/盗.oracle.svg,oracle
civilizations/德.svg,civilizations/德.oracle.svg,oracle
civilizations/地.svg,civilizations/地.bronze.svg,bronze
civilizations/邓.svg,civilizations/邓.bronze.svg,bronze
civilizations/迪.svg,civilizations/迪.seal.svg,seal
civilizations/底.svg,civilizations/底.seal.svg,seal
civilizations/帝.svg,civilizations/帝.oracle.svg,oracle
civilizations/蒂.svg,civilizations/蒂.seal.svg,seal
civilizations/典.svg,civilizations/典.oracle.svg,oracle
civilizations/动.svg,civilizations/动.bronze.svg,bronze
civilizations/都.svg,civilizations/都.bronze.svg,bronze
civilizations/度.svg,civilizations/度.oracle.svg,oracle
civilizations/囤.svg,civilizations/囤.seal.svg,seal
civilizations/顿.svg,civilizations/顿.seal.svg,seal
civilizations/多.svg,civilizations/多.oracle.svg,oracle
civilizations/俄.svg,civilizations/俄.seal.svg,seal
civilizations/恩.svg,civilizations/恩.seal.svg,seal
civilizations/尔.svg,civilizations/尔.bronze.svg,bronze
civilizations/法.svg,civilizations/法.bronze.svg,bronze
civilizations/番.svg,civilizations/番.bronze.svg,bronze
civilizations/梵.svg,civilizations/梵.seal.svg,seal
civilizations/放.svg,civilizations/放.bronze.svg,bronze
civilizations/菲.svg,civilizations/菲.seal.svg,seal
civilizations/腓.svg,civilizations/腓.seal.svg,seal
civilizations/夫.svg,civilizations/夫.oracle.svg,oracle
civilizations/佛.svg,civilizations/佛.seal.svg,seal
civilizations/福.svg,civilizations/福.bronze.svg,bronze
civilizations/府.svg,civilizations/府.bronze.svg,bronze
civilizations/盖.svg,civilizations/盖.oracle.svg,oracle
civilizations/冈.svg,civilizations/冈.oracle.svg,oracle
civilizations/刚.svg,civilizations/刚.oracle.svg,oracle
civilizations/港.svg,civilizations/港.seal.svg,seal
civilizations/高.svg,civilizations/高.oracle.svg,oracle
civilizations/戈.svg,civilizations/戈.oracle.svg,oracle
civilizations/哥.svg,civilizations/哥.seal.svg,seal
civilizations/格.svg,civilizations/格.bronze.svg,bronze
civilizations/给.svg,civilizations/给.seal.svg,seal
civilizations/公.svg,civilizations/公.oracle.svg,oracle
civilizations/古.svg,civilizations/古.oracle.svg,oracle
civilizations/瓜.svg,civilizations/瓜.bronze.svg,bronze
civilizations/龟.svg,civilizations/龟.oracle.svg,oracle
civilizations/国.svg,civilizations/国.bronze.svg,bronze
civilizations/果.svg,civilizations/果.bronze.svg,bronze
civilizations/哈.svg,civilizations/哈.seal.svg,seal
civilizations/海.svg,civilizations/海.bronze.svg,bronze
civilizations/韩.svg,civilizations/韩.bronze.svg,bronze
civilizations/罕.svg,civilizations/罕.seal.svg,seal
civilizations/汉.svg,civilizations/汉.bronze.svg,bronze
civilizations/翰.svg,civilizations/翰.seal.svg,seal
civilizations/合.svg,civilizations/合.oracle.svg,oracle
civilizations/荷.svg,civilizations/荷.seal.svg,seal
civilizations/赫.svg,civilizations/赫.seal.svg,seal
civilizations/黑.svg,civilizations/黑.oracle.svg,oracle
civilizations/亨.svg,civilizations/亨.oracle.svg,oracle
civilizations/洪.svg,civilizations/洪.seal.svg,seal
civilizations/忽.svg,civilizations/忽.bronze.svg,bronze
civilizations/霍.svg,civilizations/霍.oracle.svg,oracle
civilizations/机.svg,civilizations/机.seal.svg,seal
civilizations/积.svg,civilizations/积.bronze.svg,bronze
civilizations/基.svg,civilizations/基.oracle.svg,oracle
civilizations/加.svg,civilizations/加.bronze.svg,bronze
civilizations/迦.svg,civilizations/迦.seal.svg,seal
civilizations/家.svg,civilizations/家.oracle.svg,oracle
civilizations/贾.svg,civilizations/贾.oracle.svg,oracle
civilizations/教.svg,civilizations/教.oracle.svg,oracle
civilizations/近.svg,civilizations/近.seal.svg,seal
civilizations/京.svg,civilizations/京.oracle.svg,oracle
civilizations/景.svg,civilizations/景.seal.svg,seal
civilizations/巨.svg,civilizations/巨.bronze.svg,bronze
civilizations/惧.svg,civilizations/惧.bronze.svg,bronze
civilizations/军.svg,civilizations/军.bronze.svg,bronze
civilizations/喀.svg,civilizations/喀.seal.svg,seal
civilizations/卡.svg,civilizations/卡.seal.svg,seal
civilizations/开.svg,civilizations/开.seal.svg,seal
civilizations/凯.svg,civilizations/凯.seal.svg,seal
civilizations/坎.svg,civilizations/坎.seal.svg,seal
civilizations/康.svg,civilizations/康.oracle.svg,oracle
civilizations/科.svg,civilizations/科.seal.svg,seal
civilizations/克.svg,civilizations/克.oracle.svg,oracle
civilizations/肯.svg,civilizations/肯.seal.svg,seal
civilizations/恐.svg,civilizations/恐.bronze.svg,bronze
civilizations/库.svg,civilizations/库.bronze.svg,bronze
civilizations/昆.svg,civilizations/昆.bronze.svg,bronze
civilizations/扩.svg,civilizations/扩.seal.svg,seal
civilizations/拉.svg,civilizations/拉.seal.svg,seal
civilizations/腊.svg,civilizations/腊.oracle.svg,oracle
civilizations/莱.svg,civilizations/莱.seal.svg,seal
civilizations/兰.svg,civilizations/兰.seal.svg,seal
civilizations/烂.svg,civilizations/烂.seal.svg,seal
civilizations/浪.svg,civilizations/浪.seal.svg,seal
civilizations/勒.svg,civilizations/勒.bronze.svg,bronze
civilizations/雷.svg,civilizations/雷.oracle.svg,oracle
civilizations/冷.svg,civilizations/冷.seal.svg,seal
civilizations/里.svg,civilizations/里.bronze.svg,bronze
civilizations/理.svg,civilizations/理.bronze.svg,bronze
civilizations/力.svg,civilizations/力.oracle.svg,oracle
civilizations/利.svg,civilizations/利.oracle.svg,oracle
civilizations/烈.svg,civilizations/烈.seal.svg,seal
civilizations/林.svg,civilizations/林.oracle.svg,oracle
civilizations/领.svg,civilizations/领.seal.svg,seal
civilizations/流.svg,civilizations/流.bronze.svg,bronze
civilizations/龙.svg,civilizations/龙.oracle.svg,oracle
civilizations/卢.svg,civilizations/卢.oracle.svg,oracle
civilizations/鲁.svg,civilizations/鲁.oracle.svg,oracle
civilizations/路.svg,civilizations/路.bronze.svg,bronze
civilizations/戮.svg,civilizations/戮.bronze.svg,bronze
civilizations/掠.svg,civilizations/掠.seal.svg,seal
civilizations/伦.svg,civilizations/伦.seal.svg,seal
civilizations/罗.svg,civilizations/罗.oracle.svg,oracle
civilizations/洛.svg,civilizations/洛.bronze.svg,bronze
civilizations/落.svg,civilizations/落.seal.svg,seal
civilizations/马.svg,civilizations/马.oracle.svg,oracle
civilizations/玛.svg,civilizations/玛.oracle.svg,oracle
civilizations/麦.svg,civilizations/麦.oracle.svg,oracle
civilizations/蛮.svg,civilizations/蛮.bronze.svg,bronze
civilizations/曼.svg,civilizations/曼.oracle.svg,oracle
civilizations/毛.svg,civilizations/毛.bronze.svg,bronze
civilizations/美.svg,civilizations/美.oracle.svg,oracle
civilizations/蒙.svg,civilizations/蒙.bronze.svg,bronze
civilizations/棉.svg,civilizations/棉.seal.svg,seal
civilizations/民.svg,civilizations/民.oracle.svg,oracle
civilizations/摩.svg,civilizations/摩.seal.svg,seal
civilizations/墨.svg,civilizations/墨.bronze.svg,bronze
civilizations/姆.svg,civilizations/姆.bronze.svg,bronze
civilizations/穆.svg,civilizations/穆.oracle.svg,oracle
civilizations/拿.svg,civilizations/拿.bronze.svg,bronze
civilizations/那.svg,civilizations/那.seal.svg,seal
civilizations/纳.svg,civilizations/纳.bronze.svg,bronze
civilizations/奈.svg,civilizations/奈.oracle.svg,oracle
civilizations/南.svg,civilizations/南.oracle.svg,oracle
civilizations/尼.svg,civilizations/尼.seal.svg,seal
civilizations/纽.svg,civilizations/纽.seal.svg,seal
civilizations/努.svg,civilizations/努.seal.svg,seal
civilizations/挪.svg,civilizations/挪.seal.svg,seal
civilizations/诺.svg,civilizations/诺.bronze.svg,bronze
civilizations/帕.svg,civilizations/帕.seal.svg,seal
civilizations/潘.svg,civilizations/潘.bronze.svg,bronze
civilizations/平.svg,civilizations/平.bronze.svg,bronze
civilizations/坡.svg,civilizations/坡.bronze.svg,bronze
civilizations/葡.svg,civilizations/葡.oracle.svg,oracle
civilizations/普.svg,civilizations/普.seal.svg,seal
civilizations/齐.svg,civilizations/齐.oracle.svg,oracle
civilizations/其.svg,civilizations/其.oracle.svg,oracle
civilizations/骑.svg,civilizations/骑.bronze.svg,bronze
civilizations/器.svg,civilizations/器.bronze.svg,bronze
civilizations/乔.svg,civilizations/乔.bronze.svg,bronze
civilizations/切.svg,civilizations/切.seal.svg,seal
civilizations/情.svg,civilizations/情.seal.svg,seal
civilizations/庆.svg,civilizations/庆.oracle.svg,oracle
civilizations/丘.svg,civilizations/丘.oracle.svg,oracle
civilizations/人.svg,civilizations/人.oracle.svg,oracle
civilizations/日.svg,civilizations/日.oracle.svg,oracle
civilizations/瑞.svg,civilizations/瑞.seal.svg,seal
civilizations/撒.svg,civilizations/撒.seal.svg,seal
civilizations/萨.svg,civilizations/萨.seal.svg,seal
civilizations/塞.svg,civilizations/塞.oracle.svg,oracle
civilizations/桑.svg,civilizations/桑.oracle.svg,oracle
civilizations/森.svg,civilizations/森.oracle.svg,oracle
civilizations/杀.svg,civilizations/杀.bronze.svg,bronze
civilizations/山.svg,civilizations/山.oracle.svg,oracle
civilizations/什.svg,civilizations/什.seal.svg,seal
civilizations/神.svg,civilizations/神.bronze.svg,bronze
civilizations/升.svg,civilizations/升.oracle.svg,oracle
civilizations/声.svg,civilizations/声.oracle.svg,oracle
civilizations/圣.svg,civilizations/圣.oracle.svg,oracle
civilizations/时.svg,civilizations/时.bronze.svg,bronze
civilizations/士.svg,civilizations/士.bronze.svg,bronze
civilizations/氏.svg,civilizations/氏.oracle.svg,oracle
civilizations/市.svg,civilizations/市.oracle.svg,oracle
civilizations/事.svg,civilizations/事.oracle.svg,oracle
civilizations/势.svg,civilizations/势.seal.svg,seal
civilizations/私.svg,civilizations/私.bronze.svg,bronze
civilizations/思.svg,civilizations/思.bronze.svg,bronze
civilizations/斯.svg,civilizations/斯.bronze.svg,bronze
civilizations/死.svg,civilizations/死.oracle.svg,oracle
civilizations/苏.svg,civilizations/苏.bronze.svg,bronze
civilizations/速.svg,civilizations/速.oracle.svg,oracle
civilizations/索.svg,civilizations/索.oracle.svg,oracle
civilizations/塔.svg,civilizations/塔.seal.svg,seal
civilizations/太.svg,civilizations/太.seal.svg,seal
civilizations/泰.svg,civilizations/泰.seal.svg,seal
civilizations/萄.svg,civilizations/萄.seal.svg,seal
civilizations/特.svg,civilizations/特.seal.svg,seal
civilizations/提.svg,civilizations/提.seal.svg,seal
civilizations/体.svg,civilizations/体.bronze.svg,bronze
civilizations/阗.svg,civilizations/阗.seal.svg,seal
civilizations/庭.svg,civilizations/庭.bronze.svg,bronze
civilizations/通.svg,civilizations/通.oracle.svg,oracle
civilizations/突.svg,civilizations/突.oracle.svg,oracle
civilizations/图.svg,civilizations/图.bronze.svg,bronze
civilizations/徒.svg,civilizations/徒.oracle.svg,oracle
civilizations/吐.svg,civilizations/吐.seal.svg,seal
civilizations/托.svg,civilizations/托.oracle.svg,oracle
civilizations/陀.svg,civilizations/陀.bronze.svg,bronze
civilizations/瓦.svg,civilizations/瓦.seal.svg,seal
civilizations/万.svg,civilizations/万.oracle.svg,oracle
civilizations/威.svg,civilizations/威.bronze.svg,bronze
civilizations/维.svg,civilizations/维.bronze.svg,bronze
civilizations/未.svg,civilizations/未.oracle.svg,oracle
civilizations/温.svg,civilizations/温.oracle.svg,oracle
civilizations/文.svg,civilizations/文.oracle.svg,oracle
civilizations/沃.svg,civilizations/沃.seal.svg,seal
civilizations/乌.svg,civilizations/乌.bronze.svg,bronze
civilizations/西.svg,civilizations/西.oracle.svg,oracle
civilizations/希.svg,civilizations/希.seal.svg,seal
civilizations/悉.svg,civilizations/悉.seal.svg,seal
civilizations/锡.svg,civilizations/锡.oracle.svg,oracle
civilizations/戏.svg,civilizations/戏.bronze.svg,bronze
civilizations/香.svg,civilizations/香.oracle.svg,oracle
civilizations/邪.svg,civilizations/邪.bronze.svg,bronze
civilizations/欣.svg,civilizations/欣.seal.svg,seal
civilizations/新.svg,civilizations/新.oracle.svg,oracle
civilizations/兴.svg,civilizations/兴.oracle.svg,oracle
civilizations/匈.svg,civilizations/匈.seal.svg,seal
civilizations/虚.svg,civilizations/虚.seal.svg,seal
civilizations/学.svg,civilizations/学.oracle.svg,oracle
civilizations/牙.svg,civilizations/牙.bronze.svg,bronze
civilizations/雅.svg,civilizations/雅.seal.svg,seal
civilizations/亚.svg,civilizations/亚.oracle.svg,oracle
civilizations/耶.svg,civilizations/耶.bronze.svg,bronze
civilizations/也.svg,civilizations/也.bronze.svg,bronze
civilizations/野.svg,civilizations/野.oracle.svg,oracle
civilizations/伊.svg,civilizations/伊.oracle.svg,oracle
civilizations/宜.svg,civilizations/宜.oracle.svg,oracle
civilizations/异.svg,civilizations/异.seal.svg,seal
civilizations/因.svg,civilizations/因.oracle.svg,oracle
civilizations/印.svg,civilizations/印.oracle.svg,oracle
civilizations/英.svg,civilizations/英.bronze.svg,bronze
civilizations/由.svg,civilizations/由.oracle.svg,oracle
civilizations/游.svg,civilizations/游.oracle.svg,oracle
civilizations/语.svg,civilizations/语.bronze.svg,bronze
civilizations/员.svg,civilizations/员.oracle.svg,oracle
civilizations/缘.svg,civilizations/缘.seal.svg,seal
civilizations/约.svg,civilizations/约.seal.svg,seal
civilizations/越.svg,civilizations/越.bronze.svg,bronze
civilizations/运.svg,civilizations/运.seal.svg,seal
civilizations/扎.svg,civilizations/扎.seal.svg,seal
civilizations/占.svg,civilizations/占.oracle.svg,oracle
civilizations/战.svg,civilizations/战.bronze.svg,bronze
civilizations/张.svg,civilizations/张.bronze.svg,bronze
civilizations/争.svg,civilizations/争.oracle.svg,oracle
civilizations/知.svg,civilizations/知.bronze.svg,bronze
civilizations/殖.svg,civilizations/殖.seal.svg,seal
civilizations/治.svg,civilizations/治.seal.svg,seal
civilizations/仲.svg,civilizations/仲.bronze.svg,bronze
civilizations/州.svg,civilizations/州.oracle.svg,oracle
civilizations/主.svg,civilizations/主.oracle.svg,oracle
civilizations/准.svg,civilizations/准.seal.svg,seal
civilizations/兹.svg,civilizations/兹.oracle.svg,oracle
civilizations/自.svg,civilizations/自.oracle.svg,oracle
civilizations/族.svg,civilizations/族.oracle.svg,oracle
civilizations/祖.svg,civilizations/祖.oracle.svg,oracle
civilizations/佐.svg,civilizations/佐.oracle.svg,oracle
civilopedia/典.svg,civilopedia/典.oracle.svg,oracle
diplomacy/保.svg,diplomacy/保.oracle.svg,oracle
diplomacy/报.svg,diplomacy/报.bronze.svg,bronze
diplomacy/币.svg,diplomacy/币.seal.svg,seal
diplomacy/边.svg,diplomacy/边.oracle.svg,oracle
diplomacy/表.svg,diplomacy/表.seal.svg,seal
diplomacy/布.svg,diplomacy/布.bronze.svg,bronze
diplomacy/察.svg,diplomacy/察.bronze.svg,bronze
diplomacy/常.svg,diplomacy/常.bronze.svg,bronze
diplomacy/成.svg,diplomacy/成.oracle.svg,oracle
diplomacy/仇.svg,diplomacy/仇.seal.svg,seal
diplomacy/促.svg,diplomacy/促.seal.svg,seal
diplomacy/大.svg,diplomacy/大.oracle.svg,oracle
diplomacy/代.svg,diplomacy/代.seal.svg,seal
diplomacy/单.svg,diplomacy/单.oracle.svg,oracle
diplomacy/第.svg,diplomacy/第.oracle.svg,oracle
diplomacy/点.svg,diplomacy/点.seal.svg,seal
diplomacy/动.svg,diplomacy/动.bronze.svg,bronze
diplomacy/度.svg,diplomacy/度.oracle.svg,oracle
diplomacy/方.svg,diplomacy/方.oracle.svg,oracle
diplomacy/防.svg,diplomacy/防.seal.svg,seal
diplomacy/放.svg,diplomacy/放.bronze.svg,bronze
diplomacy/高.svg,diplomacy/高.oracle.svg,oracle
diplomacy/糕.svg,diplomacy/糕.seal.svg,seal
diplomacy/告.svg,diplomacy/告.oracle.svg,oracle
diplomacy/公.svg,diplomacy/公.oracle.svg,oracle
diplomacy/贡.svg,diplomacy/贡.seal.svg,seal
diplomacy/关.svg,diplomacy/关.oracle.svg,oracle
diplomacy/观.svg,diplomacy/观.oracle.svg,oracle
diplomacy/馆.svg,diplomacy/馆.seal.svg,seal
diplomacy/国.svg,diplomacy/国.bronze.svg,bronze
diplomacy/海.svg,diplomacy/海.bronze.svg,bronze
diplomacy/好.svg,diplomacy/好.oracle.svg,oracle
diplomacy/合.svg,diplomacy/合.oracle.svg,oracle
diplomacy/核.svg,diplomacy/核.seal.svg,seal
diplomacy/很.svg,diplomacy/很.seal.svg,seal
diplomacy/护.svg,diplomacy/护.seal.svg,seal
diplomacy/化.svg,diplomacy/化.oracle.svg,oracle
diplomacy/黄.svg,diplomacy/黄.oracle.svg,oracle
diplomacy/奖.svg,diplomacy/奖.seal.svg,seal
diplomacy/交.svg,diplomacy/交.seal.svg,seal
diplomacy/解.svg,diplomacy/解.oracle.svg,oracle
diplomacy/界.svg,diplomacy/界.seal.svg,seal
diplomacy/金.svg,diplomacy/金.bronze.svg,bronze
diplomacy/景.svg,diplomacy/景.seal.svg,seal
diplomacy/究.svg,diplomacy/究.bronze.svg,bronze
diplomacy/军.svg,diplomacy/军.bronze.svg,bronze
diplomacy/开.svg,diplomacy/开.seal.svg,seal
diplomacy/科.svg,diplomacy/科.seal.svg,seal
diplomacy/扩.svg,diplomacy/扩.seal.svg,seal
diplomacy/礼.svg,diplomacy/礼.oracle.svg,oracle
diplomacy/力.svg,diplomacy/力.oracle.svg,oracle
diplomacy/立.svg,diplomacy/立.oracle.svg,oracle
diplomacy/联.svg,diplomacy/联.oracle.svg,oracle
diplomacy/领.svg,diplomacy/领.seal.svg,seal
diplomacy/贸.svg,diplomacy/贸.bronze.svg,bronze
diplomacy/盟.svg,diplomacy/盟.oracle.svg,oracle
diplomacy/棉.svg,diplomacy/棉.seal.svg,seal
diplomacy/民.svg,diplomacy/民.oracle.svg,oracle
diplomacy/尼.svg,diplomacy/尼.seal.svg,seal
diplomacy/品.svg,diplomacy/品.oracle.svg,oracle
diplomacy/平.svg,diplomacy/平.bronze.svg,bronze
diplomacy/器.svg,diplomacy/器.bronze.svg,bronze
diplomacy/谴.svg,diplomacy/谴.bronze.svg,bronze
diplomacy/情.svg,diplomacy/情.seal.svg,seal
diplomacy/请.svg,diplomacy/请.bronze.svg,bronze
diplomacy/求.svg,diplomacy/求.oracle.svg,oracle
diplomacy/三.svg,diplomacy/三.oracle.svg,oracle
diplomacy/时.svg,diplomacy/时.bronze.svg,bronze
diplomacy/识.svg,diplomacy/识.bronze.svg,bronze
diplomacy/使.svg,diplomacy/使.oracle.svg,oracle
diplomacy/示.svg,diplomacy/示.oracle.svg,oracle
diplomacy/事.svg,diplomacy/事.oracle.svg,oracle
diplomacy/授.svg,diplomacy/授.seal.svg,seal
diplomacy/态.svg,diplomacy/态.seal.svg,seal
diplomacy/特.svg,diplomacy/特.seal.svg,seal
diplomacy/提.svg,diplomacy/提.seal.svg,seal
diplomacy/条.svg,diplomacy/条.seal.svg,seal
diplomacy/土.svg,diplomacy/土.oracle.svg,oracle
diplomacy/团.svg,diplomacy/团.bronze.svg,bronze
diplomacy/位.svg,diplomacy/位.bronze.svg,bronze
diplomacy/文.svg,diplomacy/文.oracle.svg,oracle
diplomacy/武.svg,diplomacy/武.oracle.svg,oracle
diplomacy/物.svg,diplomacy/物.oracle.svg,oracle
diplomacy/西.svg,diplomacy/西.oracle.svg,oracle
diplomacy/系.svg,diplomacy/系.oracle.svg,oracle
diplomacy/响.svg,diplomacy/响.seal.svg,seal
diplomacy/协.svg,diplomacy/协.bronze.svg,bronze
diplomacy/信.svg,diplomacy/信.bronze.svg,bronze
diplomacy/行.svg,diplomacy/行.oracle.svg,oracle
diplomacy/形.svg,diplomacy/形.seal.svg,seal
diplomacy/宣.svg,diplomacy/宣.oracle.svg,oracle
diplomacy/学.svg,diplomacy/学.oracle.svg,oracle
diplomacy/亚.svg,diplomacy/亚.oracle.svg,oracle
diplomacy/研.svg,diplomacy/研.seal.svg,seal
diplomacy/仰.svg,diplomacy/仰.seal.svg,seal
diplomacy/要.svg,diplomacy/要.seal.svg,seal
diplomacy/议.svg,diplomacy/议.bronze.svg,bronze
diplomacy/易.svg,diplomacy/易.oracle.svg,oracle
diplomacy/谊.svg,diplomacy/谊.seal.svg,seal
diplomacy/意.svg,diplomacy/意.seal.svg,seal
diplomacy/印.svg,diplomacy/印.oracle.svg,oracle
diplomacy/影.svg,diplomacy/影.seal.svg,seal
diplomacy/用.svg,diplomacy/用.oracle.svg,oracle
diplomacy/友.svg,diplomacy/友.oracle.svg,oracle
diplomacy/予.svg,diplomacy/予.bronze.svg,bronze
diplomacy/御.svg,diplomacy/御.oracle.svg,oracle
diplomacy/援.svg,diplomacy/援.seal.svg,seal
diplomacy/约.svg,diplomacy/约.seal.svg,seal
diplomacy/糟.svg,diplomacy/糟.seal.svg,seal
diplomacy/责.svg,diplomacy/责.oracle.svg,oracle
diplomacy/战.svg,diplomacy/战.bronze.svg,bronze
diplomacy/张.svg,diplomacy/张.bronze.svg,bronze
diplomacy/争.svg,diplomacy/争.oracle.svg,oracle
diplomacy/殖.svg,diplomacy/殖.seal.svg,seal
diplomacy/制.svg,diplomacy/制.bronze.svg,bronze
diplomacy/主.svg,diplomacy/主.oracle.svg,oracle
diplomacy/助.svg,diplomacy/助.seal.svg,seal
diplomacy/驻.svg,diplomacy/驻.seal.svg,seal
diplomacy/宗.svg,diplomacy/宗.oracle.svg,oracle
diplomacy/作.svg,diplomacy/作.oracle.svg,oracle
districts/埃.svg,districts/埃.seal.svg,seal
districts/奥.svg,districts/奥.seal.svg,seal
districts/巴.svg,districts/巴.oracle.svg,oracle
districts/坝.svg,districts/坝.seal.svg,seal
districts/拜.svg,districts/拜.bronze.svg,bronze
districts/班.svg,districts/班.bronze.svg,bronze
districts/保.svg,districts/保.oracle.svg,oracle
districts/比.svg,districts/比.oracle.svg,oracle
districts/必.svg,districts/必.oracle.svg,oracle
districts/标.svg,districts/标.seal.svg,seal
districts/槽.svg,districts/槽.seal.svg,seal
districts/厂.svg,districts/厂.bronze.svg,bronze
districts/场.svg,districts/场.seal.svg,seal
districts/城.svg,districts/城.bronze.svg,bronze
districts/船.svg,districts/船.bronze.svg,bronze
districts/存.svg,districts/存.seal.svg,seal
districts/达.svg,districts/达.oracle.svg,oracle
districts/大.svg,districts/大.oracle.svg,oracle
districts/道.svg,districts/道.bronze.svg,bronze
districts/地.svg,districts/地.bronze.svg,bronze
districts/杜.svg,districts/杜.oracle.svg,oracle
districts/渡.svg,districts/渡.seal.svg,seal
districts/俄.svg,districts/俄.seal.svg,seal
districts/坊.svg,districts/坊.seal.svg,seal
districts/分.svg,districts/分.oracle.svg,oracle
districts/夫.svg,districts/夫.oracle.svg,oracle
districts/府.svg,districts/府.bronze.svg,bronze
districts/港.svg,districts/港.seal.svg,seal
districts/高.svg,districts/高.oracle.svg,oracle
districts/哥.svg,districts/哥.seal.svg,seal
districts/工.svg,districts/工.oracle.svg,oracle
districts/古.svg,districts/古.oracle.svg,oracle
districts/海.svg,districts/海.bronze.svg,bronze
districts/汉.svg,districts/汉.bronze.svg,bronze
districts/合.svg,districts/合.oracle.svg,oracle
districts/河.svg,districts/河.oracle.svg,oracle
districts/忽.svg,districts/忽.bronze.svg,bronze
districts/华.svg,districts/华.seal.svg,seal
districts/皇.svg,districts/皇.oracle.svg,oracle
districts/机.svg,districts/机.seal.svg,seal
districts/技.svg,districts/技.seal.svg,seal
districts/家.svg,districts/家.oracle.svg,oracle
districts/嘉.svg,districts/嘉.bronze.svg,bronze
districts/建.svg,districts/建.oracle.svg,oracle
districts/交.svg,districts/交.seal.svg,seal
districts/街.svg,districts/街.oracle.svg,oracle
districts/竞.svg,districts/竞.oracle.svg,oracle
districts/剧.svg,districts/剧.seal.svg,seal
districts/军.svg,districts/军.bronze.svg,bronze
districts/坎.svg,districts/坎.seal.svg,seal
districts/空.svg,districts/空.bronze.svg,bronze
districts/口.svg,districts/口.oracle.svg,oracle
districts/扩.svg,districts/扩.seal.svg,seal
districts/拉.svg,districts/拉.seal.svg,seal
districts/乐.svg,districts/乐.oracle.svg,oracle
districts/里.svg,districts/里.bronze.svg,bronze
districts/烈.svg,districts/烈.seal.svg,seal
districts/邻.svg,districts/邻.bronze.svg,bronze
districts/卢.svg,districts/卢.oracle.svg,oracle
districts/伦.svg,districts/伦.seal.svg,seal
districts/玛.svg,districts/玛.oracle.svg,oracle
districts/棉.svg,districts/棉.seal.svg,seal
districts/姆.svg,districts/姆.bronze.svg,bronze
districts/南.svg,districts/南.oracle.svg,oracle
districts/年.svg,districts/年.oracle.svg,oracle
districts/皮.svg,districts/皮.bronze.svg,bronze
districts/墙.svg,districts/墙.oracle.svg,oracle
districts/清.svg,districts/清.bronze.svg,bronze
districts/区.svg,districts/区.oracle.svg,oracle
districts/萨.svg,districts/萨.seal.svg,seal
districts/塞.svg,districts/塞.oracle.svg,oracle
districts/纱.svg,districts/纱.bronze.svg,bronze
districts/商.svg,districts/商.oracle.svg,oracle
districts/设.svg,districts/设.seal.svg,seal
districts/圣.svg,districts/圣.oracle.svg,oracle
districts/市.svg,districts/市.oracle.svg,oracle
districts/书.svg,districts/书.bronze.svg,bronze
districts/水.svg,districts/水.oracle.svg,oracle
districts/四.svg,districts/四.oracle.svg,oracle
districts/台.svg,districts/台.bronze.svg,bronze
districts/太.svg,districts/太.seal.svg,seal
districts/体.svg,districts/体.bronze.svg,bronze
districts/天.svg,districts/天.oracle.svg,oracle
districts/庭.svg,districts/庭.bronze.svg,bronze
districts/头.svg,districts/头.bronze.svg,bronze
districts/图.svg,districts/图.bronze.svg,bronze
districts/围.svg,districts/围.bronze.svg,bronze
districts/卫.svg,districts/卫.oracle.svg,oracle
districts/文.svg,districts/文.oracle.svg,oracle
districts/洗.svg,districts/洗.seal.svg,seal
districts/想.svg,districts/想.bronze.svg,bronze
districts/校.svg,districts/校.bronze.svg,bronze
districts/心.svg,districts/心.oracle.svg,oracle
districts/须.svg,districts/须.oracle.svg,oracle
districts/雅.svg,districts/雅.seal.svg,seal
districts/亚.svg,districts/亚.oracle.svg,oracle
districts/业.svg,districts/业.bronze.svg,bronze
districts/一.svg,districts/一.oracle.svg,oracle
districts/伊.svg,districts/伊.oracle.svg,oracle
districts/营.svg,districts/营.bronze.svg,bronze
districts/娱.svg,districts/娱.seal.svg,seal
districts/园.svg,districts/园.seal.svg,seal
districts/院.svg,districts/院.seal.svg,seal
districts/越.svg,districts/越.bronze.svg,bronze
districts/运.svg,districts/运.seal.svg,seal
districts/澡.svg,districts/澡.seal.svg,seal
districts/造.svg,districts/造.bronze.svg,bronze
districts/扎.svg,districts/扎.seal.svg,seal
districts/展.svg,districts/展.seal.svg,seal
districts/占.svg,districts/占.oracle.svg,oracle
districts/政.svg,districts/政.oracle.svg,oracle
districts/之.svg,districts/之.oracle.svg,oracle
districts/知.svg,districts/知.bronze.svg,bronze
districts/筑.svg,districts/筑.seal.svg,seal
districts/字.svg,districts/字.bronze.svg,bronze
districts/综.svg,districts/综.seal.svg,seal
emergencies/急.svg,emergencies/急.seal.svg,seal
environmentaleffects/候.svg,environmentaleffects/候.seal.svg,seal
eras/鼎.svg,eras/鼎.oracle.svg,oracle
eras/古.svg,eras/古.oracle.svg,oracle
eras/剑.svg,eras/剑.bronze.svg,bronze
eras/王.svg,eras/王.oracle.svg,oracle
gamesettings/设.svg,gamesettings/设.seal.svg,seal
governments/官.svg,governments/官.oracle.svg,oracle
governors/督.svg,governors/督.seal.svg,seal
greatpeople/贤.svg,greatpeople/贤.bronze.svg,bronze
greatworks/阿.svg,greatworks/阿.bronze.svg,bronze
greatworks/埃.svg,greatworks/埃.seal.svg,seal
greatworks/爱.svg,greatworks/爱.seal.svg,seal
greatworks/安.svg,greatworks/安.oracle.svg,oracle
greatworks/昂.svg,greatworks/昂.seal.svg,seal
greatworks/奥.svg,greatworks/奥.seal.svg,seal
greatworks/巴.svg,greatworks/巴.oracle.svg,oracle
greatworks/白.svg,greatworks/白.oracle.svg,oracle
greatworks/邦.svg,greatworks/邦.oracle.svg,oracle
greatworks/卑.svg,greatworks/卑.bronze.svg,bronze
greatworks/北.svg,greatworks/北.oracle.svg,oracle
greatworks/贝.svg,greatworks/贝.oracle.svg,oracle
greatworks/比.svg,greatworks/比.oracle.svg,oracle
greatworks/碧.svg,greatworks/碧.seal.svg,seal
greatworks/波.svg,greatworks/波.seal.svg,seal
greatworks/伯.svg,greatworks/伯.oracle.svg,oracle
greatworks/勃.svg,greatworks/勃.seal.svg,seal
greatworks/博.svg,greatworks/博.bronze.svg,bronze
greatworks/布.svg,greatworks/布.bronze.svg,bronze
greatworks/查.svg,greatworks/查.seal.svg,seal
greatworks/柴.svg,greatworks/柴.bronze.svg,bronze
greatworks/茨.svg,greatworks/茨.seal.svg,seal
greatworks/翠.svg,greatworks/翠.bronze.svg,bronze
greatworks/达.svg,greatworks/达.oracle.svg,oracle
greatworks/大.svg,greatworks/大.oracle.svg,oracle
greatworks/代.svg,greatworks/代.seal.svg,seal
greatworks/岛.svg,greatworks/岛.seal.svg,seal
greatworks/德.svg,greatworks/德.oracle.svg,oracle
greatworks/迪.svg,greatworks/迪.seal.svg,seal
greatworks/第.svg,greatworks/第.oracle.svg,oracle
greatworks/蒂.svg,greatworks/蒂.seal.svg,seal
greatworks/典.svg,greatworks/典.oracle.svg,oracle
greatworks/雕.svg,greatworks/雕.bronze.svg,bronze
greatworks/定.svg,greatworks/定.oracle.svg,oracle
greatworks/东.svg,greatworks/东.oracle.svg,oracle
greatworks/多.svg,greatworks/多.oracle.svg,oracle
greatworks/尔.svg,greatworks/尔.bronze.svg,bronze
greatworks/梵.svg,greatworks/梵.seal.svg,seal
greatworks/菲.svg,greatworks/菲.seal.svg,seal
greatworks/芬.svg,greatworks/芬.seal.svg,seal
greatworks/夫.svg,greatworks/夫.oracle.svg,oracle
greatworks/符.svg,greatworks/符.bronze.svg,bronze
greatworks/复.svg,greatworks/复.oracle.svg,oracle
greatworks/高.svg,greatworks/高.oracle.svg,oracle
greatworks/戈.svg,greatworks/戈.oracle.svg,oracle
greatworks/歌.svg,greatworks/歌.bronze.svg,bronze
greatworks/格.svg,greatworks/格.bronze.svg,bronze
greatworks/工.svg,greatworks/工.oracle.svg,oracle
greatworks/古.svg,greatworks/古.oracle.svg,oracle
greatworks/观.svg,greatworks/观.oracle.svg,oracle
greatworks/号.svg,greatworks/号.bronze.svg,bronze
greatworks/荷.svg,greatworks/荷.seal.svg,seal
greatworks/赫.svg,greatworks/赫.seal.svg,seal
greatworks/呼.svg,greatworks/呼.bronze.svg,bronze
greatworks/胡.svg,greatworks/胡.bronze.svg,bronze
greatworks/花.svg,greatworks/花.seal.svg,seal
greatworks/华.svg,greatworks/华.seal.svg,seal
greatworks/基.svg,greatworks/基.oracle.svg,oracle
greatworks/吉.svg,greatworks/吉.oracle.svg,oracle
greatworks/纪.svg,greatworks/纪.bronze.svg,bronze
greatworks/迹.svg,greatworks/迹.bronze.svg,bronze
greatworks/加.svg,greatworks/加.bronze.svg,bronze
greatworks/贾.svg,greatworks/贾.oracle.svg,oracle
greatworks/件.svg,greatworks/件.seal.svg,seal
greatworks/健.svg,greatworks/健.seal.svg,seal
greatworks/教.svg,greatworks/教.oracle.svg,oracle
greatworks/杰.svg,greatworks/杰.seal.svg,seal
greatworks/金.svg,greatworks/金.bronze.svg,bronze
greatworks/经.svg,greatworks/经.bronze.svg,bronze
greatworks/井.svg,greatworks/井.oracle.svg,oracle
greatworks/景.svg,greatworks/景.seal.svg,seal
greatworks/卡.svg,greatworks/卡.seal.svg,seal
greatworks/开.svg,greatworks/开.seal.svg,seal
greatworks/坎.svg,greatworks/坎.seal.svg,seal
greatworks/康.svg,greatworks/康.oracle.svg,oracle
greatworks/考.svg,greatworks/考.oracle.svg,oracle
greatworks/科.svg,greatworks/科.seal.svg,seal
greatworks/克.svg,greatworks/克.oracle.svg,oracle
greatworks/空.svg,greatworks/空.bronze.svg,bronze
greatworks/拉.svg,greatworks/拉.seal.svg,seal
greatworks/莱.svg,greatworks/莱.seal.svg,seal
greatworks/兰.svg,greatworks/兰.seal.svg,seal
greatworks/朗.svg,greatworks/朗.seal.svg,seal
greatworks/乐.svg,greatworks/乐.oracle.svg,oracle
greatworks/雷.svg,greatworks/雷.oracle.svg,oracle
greatworks/李.svg,greatworks/李.bronze.svg,bronze
greatworks/里.svg,greatworks/里.bronze.svg,bronze
greatworks/力.svg,greatworks/力.oracle.svg,oracle
greatworks/利.svg,greatworks/利.oracle.svg,oracle
greatworks/廖.svg,greatworks/廖.seal.svg,seal
greatworks/列.svg,greatworks/列.bronze.svg,bronze
greatworks/林.svg,greatworks/林.oracle.svg,oracle
greatworks/刘.svg,greatworks/刘.seal.svg,seal
greatworks/留.svg,greatworks/留.bronze.svg,bronze
greatworks/卢.svg,greatworks/卢.oracle.svg,oracle
greatworks/鲁.svg,greatworks/鲁.oracle.svg,oracle
greatworks/吕.svg,greatworks/吕.oracle.svg,oracle
greatworks/伦.svg,greatworks/伦.seal.svg,seal
greatworks/罗.svg,greatworks/罗.oracle.svg,oracle
greatworks/洛.svg,greatworks/洛.bronze.svg,bronze
greatworks/马.svg,greatworks/马.oracle.svg,oracle
greatworks/麦.svg,greatworks/麦.oracle.svg,oracle
greatworks/曼.svg,greatworks/曼.oracle.svg,oracle
greatworks/毛.svg,greatworks/毛.bronze.svg,bronze
greatworks/弥.svg,greatworks/弥.bronze.svg,bronze
greatworks/米.svg,greatworks/米.oracle.svg,oracle
greatworks/末.svg,greatworks/末.bronze.svg,bronze
greatworks/莫.svg,greatworks/莫.oracle.svg,oracle
greatworks/姆.svg,greatworks/姆.bronze.svg,bronze
greatworks/木.svg,greatworks/木.oracle.svg,oracle
greatworks/穆.svg,greatworks/穆.oracle.svg,oracle
greatworks/纳.svg,greatworks/纳.bronze.svg,bronze
greatworks/奈.svg,greatworks/奈.oracle.svg,oracle
greatworks/尼.svg,greatworks/尼.seal.svg,seal
greatworks/努.svg,greatworks/努.seal.svg,seal
greatworks/诺.svg,greatworks/诺.bronze.svg,bronze
greatworks/佩.svg,greatworks/佩.bronze.svg,bronze
greatworks/品.svg,greatworks/品.oracle.svg,oracle
greatworks/坡.svg,greatworks/坡.bronze.svg,bronze
greatworks/普.svg,greatworks/普.seal.svg,seal
greatworks/期.svg,greatworks/期.bronze.svg,bronze
greatworks/奇.svg,greatworks/奇.seal.svg,seal
greatworks/崎.svg,greatworks/崎.seal.svg,seal
greatworks/器.svg,greatworks/器.bronze.svg,bronze
greatworks/恰.svg,greatworks/恰.seal.svg,seal
greatworks/乔.svg,greatworks/乔.bronze.svg,bronze
greatworks/情.svg,greatworks/情.seal.svg,seal
greatworks/屈.svg,greatworks/屈.bronze.svg,bronze
greatworks/人.svg,greatworks/人.oracle.svg,oracle
greatworks/萨.svg,greatworks/萨.seal.svg,seal
greatworks/塞.svg,greatworks/塞.oracle.svg,oracle
greatworks/瑟.svg,greatworks/瑟.seal.svg,seal
greatworks/森.svg,greatworks/森.oracle.svg,oracle
greatworks/莎.svg,greatworks/莎.seal.svg,seal
greatworks/设.svg,greatworks/设.seal.svg,seal
greatworks/什.svg,greatworks/什.seal.svg,seal
greatworks/神.svg,greatworks/神.bronze.svg,bronze
greatworks/诗.svg,greatworks/诗.seal.svg,seal
greatworks/时.svg,greatworks/时.bronze.svg,bronze
greatworks/史.svg,greatworks/史.oracle.svg,oracle
greatworks/士.svg,greatworks/士.bronze.svg,bronze
greatworks/世.svg,greatworks/世.bronze.svg,bronze
greatworks/舒.svg,greatworks/舒.bronze.svg,bronze
greatworks/丝.svg,greatworks/丝.oracle.svg,oracle
greatworks/斯.svg,greatworks/斯.bronze.svg,bronze
greatworks/叟.svg,greatworks/叟.oracle.svg,oracle
greatworks/塑.svg,greatworks/塑.oracle.svg,oracle
greatworks/孙.svg,greatworks/孙.oracle.svg,oracle
greatworks/索.svg,greatworks/索.oracle.svg,oracle
greatworks/塔.svg,greatworks/塔.seal.svg,seal
greatworks/泰.svg,greatworks/泰.seal.svg,seal
greatworks/忒.svg,greatworks/忒.seal.svg,seal
greatworks/特.svg,greatworks/特.seal.svg,seal
greatworks/提.svg,greatworks/提.seal.svg,seal
greatworks/体.svg,greatworks/体.bronze.svg,bronze
greatworks/天.svg,greatworks/天.oracle.svg,oracle
greatworks/汀.svg,greatworks/汀.seal.svg,seal
greatworks/吐.svg,greatworks/吐.seal.svg,seal
greatworks/托.svg,greatworks/托.oracle.svg,oracle
greatworks/瓦.svg,greatworks/瓦.seal.svg,seal
greatworks/万.svg,greatworks/万.oracle.svg,oracle
greatworks/维.svg,greatworks/维.bronze.svg,bronze
greatworks/伟.svg,greatworks/伟.seal.svg,seal
greatworks/未.svg,greatworks/未.oracle.svg,oracle
greatworks/温.svg,greatworks/温.oracle.svg,oracle
greatworks/文.svg,greatworks/文.oracle.svg,oracle
greatworks/沃.svg,greatworks/沃.seal.svg,seal
greatworks/武.svg,greatworks/武.oracle.svg,oracle
greatworks/物.svg,greatworks/物.oracle.svg,oracle
greatworks/悟.svg,greatworks/悟.seal.svg,seal
greatworks/西.svg,greatworks/西.oracle.svg,oracle
greatworks/希.svg,greatworks/希.seal.svg,seal
greatworks/夏.svg,greatworks/夏.oracle.svg,oracle
greatworks/香.svg,greatworks/香.oracle.svg,oracle
greatworks/象.svg,greatworks/象.oracle.svg,oracle
greatworks/肖.svg,greatworks/肖.bronze.svg,bronze
greatworks/写.svg,greatworks/写.seal.svg,seal
greatworks/辛.svg,greatworks/辛.oracle.svg,oracle
greatworks/行.svg,greatworks/行.oracle.svg,oracle
greatworks/兴.svg,greatworks/兴.oracle.svg,oracle
greatworks/雄.svg,greatworks/雄.seal.svg,seal
greatworks/雪.svg,greatworks/雪.oracle.svg,oracle
greatworks/雅.svg,greatworks/雅.seal.svg,seal
greatworks/亚.svg,greatworks/亚.oracle.svg,oracle
greatworks/业.svg,greatworks/业.bronze.svg,bronze
greatworks/伊.svg,greatworks/伊.oracle.svg,oracle
greatworks/遗.svg,greatworks/遗.bronze.svg,bronze
greatworks/艺.svg,greatworks/艺.oracle.svg,oracle
greatworks/易.svg,greatworks/易.oracle.svg,oracle
greatworks/音.svg,greatworks/音.bronze.svg,bronze
greatworks/英.svg,greatworks/英.bronze.svg,bronze
greatworks/原.svg,greatworks/原.bronze.svg,bronze
greatworks/泽.svg,greatworks/泽.seal.svg,seal
greatworks/扎.svg,greatworks/扎.seal.svg,seal
greatworks/斋.svg,greatworks/斋.bronze.svg,bronze
greatworks/征.svg,greatworks/征.oracle.svg,oracle
greatworks/制.svg,greatworks/制.bronze.svg,bronze
greatworks/置.svg,greatworks/置.oracle.svg,oracle
greatworks/子.svg,greatworks/子.oracle.svg,oracle
greatworks/紫.svg,greatworks/紫.bronze.svg,bronze
greatworks/宗.svg,greatworks/宗.oracle.svg,oracle
greatworks/作.svg,greatworks/作.oracle.svg,oracle
historicmoments/史.svg,historicmoments/史.oracle.svg,oracle
improvements/耕.svg,improvements/耕.seal.svg,seal
leaders/阿.svg,leaders/阿.bronze.svg,bronze
leaders/埃.svg,leaders/埃.seal.svg,seal
leaders/安.svg,leaders/安.oracle.svg,oracle
leaders/昂.svg,leaders/昂.seal.svg,seal
leaders/奥.svg,leaders/奥.seal.svg,seal
leaders/澳.svg,leaders/澳.seal.svg,seal
leaders/巴.svg,leaders/巴.oracle.svg,oracle
leaders/跋.svg,leaders/跋.seal.svg,seal
leaders/白.svg,leaders/白.oracle.svg,oracle
leaders/拜.svg,leaders/拜.bronze.svg,bronze
leaders/班.svg,leaders/班.bronze.svg,bronze
leaders/磅.svg,leaders/磅.seal.svg,seal
leaders/堡.svg,leaders/堡.oracle.svg,oracle
leaders/暴.svg,leaders/暴.oracle.svg,oracle
leaders/北.svg,leaders/北.oracle.svg,oracle
leaders/备.svg,leaders/备.oracle.svg,oracle
leaders/本.svg,leaders/本.bronze.svg,bronze
leaders/比.svg,leaders/比.oracle.svg,oracle
leaders/彼.svg,leaders/彼.bronze.svg,bronze
leaders/必.svg,leaders/必.oracle.svg,oracle
leaders/边.svg,leaders/边.oracle.svg,oracle
leaders/变.svg,leaders/变.bronze.svg,bronze
leaders/病.svg,leaders/病.seal.svg,seal
leaders/波.svg,leaders/波.seal.svg,seal
leaders/玻.svg,leaders/玻.bronze.svg,bronze
leaders/伯.svg,leaders/伯.oracle.svg,oracle
leaders/布.svg,leaders/布.bronze.svg,bronze
leaders/查.svg,leaders/查.seal.svg,seal
leaders/场.svg,leaders/场.seal.svg,seal
leaders/成.svg,leaders/成.oracle.svg,oracle
leaders/池.svg,leaders/池.bronze.svg,bronze
leaders/川.svg,leaders/川.oracle.svg,oracle
leaders/茨.svg,leaders/茨.seal.svg,seal
leaders/粗.svg,leaders/粗.seal.svg,seal
leaders/达.svg,leaders/达.oracle.svg,oracle
leaders/大.svg,leaders/大.oracle.svg,oracle
leaders/代.svg,leaders/代.seal.svg,seal
leaders/导.svg,leaders/导.seal.svg,seal
leaders/盗.svg,leaders/盗.oracle.svg,oracle
leaders/得.svg,leaders/得.oracle.svg,oracle
leaders/德.svg,leaders/德.oracle.svg,oracle
leaders/地.svg,leaders/地.bronze.svg,bronze
leaders/狄.svg,leaders/狄.bronze.svg,bronze
leaders/迪.svg,leaders/迪.seal.svg,seal
leaders/帝.svg,leaders/帝.oracle.svg,oracle
leaders/蒂.svg,leaders/蒂.seal.svg,seal
leaders/丁.svg,leaders/丁.oracle.svg,oracle
leaders/动.svg,leaders/动.bronze.svg,bronze
leaders/阇.svg,leaders/阇.seal.svg,seal
leaders/度.svg,leaders/度.oracle.svg,oracle
leaders/囤.svg,leaders/囤.seal.svg,seal
leaders/顿.svg,leaders/顿.seal.svg,seal
leaders/多.svg,leaders/多.oracle.svg,oracle
leaders/俄.svg,leaders/俄.seal.svg,seal
leaders/鹅.svg,leaders/鹅.seal.svg,seal
leaders/厄.svg,leaders/厄.bronze.svg,bronze
leaders/恩.svg,leaders/恩.seal.svg,seal
leaders/尔.svg,leaders/尔.bronze.svg,bronze
leaders/二.svg,leaders/二.oracle.svg,oracle
leaders/法.svg,leaders/法.bronze.svg,bronze
leaders/番.svg,leaders/番.bronze.svg,bronze
leaders/菲.svg,leaders/菲.seal.svg,seal
leaders/夫.svg,leaders/夫.oracle.svg,oracle
leaders/福.svg,leaders/福.bronze.svg,bronze
leaders/甘.svg,leaders/甘.oracle.svg,oracle
leaders/刚.svg,leaders/刚.oracle.svg,oracle
leaders/高.svg,leaders/高.oracle.svg,oracle
leaders/膏.svg,leaders/膏.oracle.svg,oracle
leaders/戈.svg,leaders/戈.oracle.svg,oracle
leaders/哥.svg,leaders/哥.seal.svg,seal
leaders/格.svg,leaders/格.bronze.svg,bronze
leaders/工.svg,leaders/工.oracle.svg,oracle
leaders/公.svg,leaders/公.oracle.svg,oracle
leaders/古.svg,leaders/古.oracle.svg,oracle
leaders/国.svg,leaders/国.bronze.svg,bronze
leaders/果.svg,leaders/果.bronze.svg,bronze
leaders/哈.svg,leaders/哈.seal.svg,seal
leaders/海.svg,leaders/海.bronze.svg,bronze
leaders/韩.svg,leaders/韩.bronze.svg,bronze
leaders/罕.svg,leaders/罕.seal.svg,seal
leaders/汉.svg,leaders/汉.bronze.svg,bronze
leaders/汗.svg,leaders/汗.seal.svg,seal
leaders/翰.svg,leaders/翰.seal.svg,seal
leaders/号.svg,leaders/号.bronze.svg,bronze
leaders/荷.svg,leaders/荷.seal.svg,seal
leaders/赫.svg,leaders/赫.seal.svg,seal
leaders/黑.svg,leaders/黑.oracle.svg,oracle
leaders/忽.svg,leaders/忽.bronze.svg,bronze
leaders/化.svg,leaders/化.oracle.svg,oracle
leaders/皇.svg,leaders/皇.oracle.svg,oracle
leaders/机.svg,leaders/机.seal.svg,seal
leaders/积.svg,leaders/积.bronze.svg,bronze
leaders/基.svg,leaders/基.oracle.svg,oracle
leaders/吉.svg,leaders/吉.oracle.svg,oracle
leaders/笈.svg,leaders/笈.seal.svg,seal
leaders/加.svg,leaders/加.bronze.svg,bronze
leaders/伽.svg,leaders/伽.seal.svg,seal
leaders/家.svg,leaders/家.oracle.svg,oracle
leaders/贾.svg,leaders/贾.oracle.svg,oracle
leaders/坚.svg,leaders/坚.seal.svg,seal
leaders/舰.svg,leaders/舰.seal.svg,seal
leaders/教.svg,leaders/教.oracle.svg,oracle
leaders/津.svg,leaders/津.bronze.svg,bronze
leaders/京.svg,leaders/京.oracle.svg,oracle
leaders/景.svg,leaders/景.seal.svg,seal
leaders/惧.svg,leaders/惧.bronze.svg,bronze
leaders/军.svg,leaders/军.bronze.svg,bronze
leaders/君.svg,leaders/君.oracle.svg,oracle
leaders/菌.svg,leaders/菌.seal.svg,seal
leaders/卡.svg,leaders/卡.seal.svg,seal
leaders/凯.svg,leaders/凯.seal.svg,seal
leaders/科.svg,leaders/科.seal.svg,seal
leaders/克.svg,leaders/克.oracle.svg,oracle
leaders/肯.svg,leaders/肯.seal.svg,seal
leaders/空.svg,leaders/空.bronze.svg,bronze
leaders/恐.svg,leaders/恐.bronze.svg,bronze
leaders/库.svg,leaders/库.bronze.svg,bronze
leaders/昆.svg,leaders/昆.bronze.svg,bronze
leaders/扩.svg,leaders/扩.seal.svg,seal
leaders/拉.svg,leaders/拉.seal.svg,seal
leaders/莱.svg,leaders/莱.seal.svg,seal
leaders/兰.svg,leaders/兰.seal.svg,seal
leaders/浪.svg,leaders/浪.seal.svg,seal
leaders/劳.svg,leaders/劳.oracle.svg,oracle
leaders/乐.svg,leaders/乐.oracle.svg,oracle
leaders/勒.svg,leaders/勒.bronze.svg,bronze
leaders/里.svg,leaders/里.bronze.svg,bronze
leaders/理.svg,leaders/理.bronze.svg,bronze
leaders/历.svg,leaders/历.seal.svg,seal
leaders/丽.svg,leaders/丽.oracle.svg,oracle
leaders/利.svg,leaders/利.oracle.svg,oracle
leaders/莉.svg,leaders/莉.oracle.svg,oracle
leaders/廉.svg,leaders/廉.seal.svg,seal
leaders/烈.svg,leaders/烈.seal.svg,seal
leaders/林.svg,leaders/林.oracle.svg,oracle
leaders/琳.svg,leaders/琳.seal.svg,seal
leaders/领.svg,leaders/领.seal.svg,seal
leaders/另.svg,leaders/另.seal.svg,seal
leaders/流.svg,leaders/流.bronze.svg,bronze
leaders/六.svg,leaders/六.oracle.svg,oracle
leaders/卢.svg,leaders/卢.oracle.svg,oracle
leaders/鲁.svg,leaders/鲁.oracle.svg,oracle
leaders/路.svg,leaders/路.bronze.svg,bronze
leaders/掠.svg,leaders/掠.seal.svg,seal
leaders/伦.svg,leaders/伦.seal.svg,seal
leaders/罗.svg,leaders/罗.oracle.svg,oracle
leaders/洛.svg,leaders/洛.bronze.svg,bronze
leaders/马.svg,leaders/马.oracle.svg,oracle
leaders/玛.svg,leaders/玛.oracle.svg,oracle
leaders/蛮.svg,leaders/蛮.bronze.svg,bronze
leaders/曼.svg,leaders/曼.oracle.svg,oracle
leaders/贸.svg,leaders/贸.bronze.svg,bronze
leaders/梅.svg,leaders/梅.bronze.svg,bronze
leaders/美.svg,leaders/美.oracle.svg,oracle
leaders/蒙.svg,leaders/蒙.bronze.svg,bronze
leaders/米.svg,leaders/米.oracle.svg,oracle
leaders/棉.svg,leaders/棉.seal.svg,seal
leaders/民.svg,leaders/民.oracle.svg,oracle
leaders/明.svg,leaders/明.oracle.svg,oracle
leaders/谟.svg,leaders/谟.seal.svg,seal
leaders/摩.svg,leaders/摩.seal.svg,seal
leaders/姆.svg,leaders/姆.bronze.svg,bronze
leaders/穆.svg,leaders/穆.oracle.svg,oracle
leaders/纳.svg,leaders/纳.bronze.svg,bronze
leaders/娜.svg,leaders/娜.seal.svg,seal
leaders/南.svg,leaders/南.oracle.svg,oracle
leaders/尼.svg,leaders/尼.seal.svg,seal
leaders/努.svg,leaders/努.seal.svg,seal
leaders/女.svg,leaders/女.oracle.svg,oracle
leaders/诺.svg,leaders/诺.bronze.svg,bronze
leaders/帕.svg,leaders/帕.seal.svg,seal
leaders/佩.svg,leaders/佩.bronze.svg,bronze
leaders/品.svg,leaders/品.oracle.svg,oracle
leaders/葡.svg,leaders/葡.oracle.svg,oracle
leaders/普.svg,leaders/普.seal.svg,seal
leaders/齐.svg,leaders/齐.oracle.svg,oracle
leaders/其.svg,leaders/其.oracle.svg,oracle
leaders/奇.svg,leaders/奇.seal.svg,seal
leaders/骑.svg,leaders/骑.bronze.svg,bronze
leaders/器.svg,leaders/器.bronze.svg,bronze
leaders/乔.svg,leaders/乔.bronze.svg,bronze
leaders/秦.svg,leaders/秦.oracle.svg,oracle
leaders/琴.svg,leaders/琴.seal.svg,seal
leaders/情.svg,leaders/情.seal.svg,seal
leaders/人.svg,leaders/人.oracle.svg,oracle
leaders/日.svg,leaders/日.oracle.svg,oracle
leaders/若.svg,leaders/若.oracle.svg,oracle
leaders/撒.svg,leaders/撒.seal.svg,seal
leaders/萨.svg,leaders/萨.seal.svg,seal
leaders/塞.svg,leaders/塞.oracle.svg,oracle
leaders/赛.svg,leaders/赛.seal.svg,seal
leaders/三.svg,leaders/三.oracle.svg,oracle
leaders/瑟.svg,leaders/瑟.seal.svg,seal
leaders/森.svg,leaders/森.oracle.svg,oracle
leaders/沙.svg,leaders/沙.bronze.svg,bronze
leaders/莎.svg,leaders/莎.seal.svg,seal
leaders/山.svg,leaders/山.oracle.svg,oracle
leaders/善.svg,leaders/善.bronze.svg,bronze
leaders/商.svg,leaders/商.oracle.svg,oracle
leaders/什.svg,leaders/什.seal.svg,seal
leaders/神.svg,leaders/神.bronze.svg,bronze
leaders/声.svg,leaders/声.oracle.svg,oracle
leaders/圣.svg,leaders/圣.oracle.svg,oracle
leaders/时.svg,leaders/时.bronze.svg,bronze
leaders/士.svg,leaders/士.bronze.svg,bronze
leaders/世.svg,leaders/世.bronze.svg,bronze
leaders/势.svg,leaders/势.seal.svg,seal
leaders/私.svg,leaders/私.bronze.svg,bronze
leaders/思.svg,leaders/思.bronze.svg,bronze
leaders/斯.svg,leaders/斯.bronze.svg,bronze
leaders/死.svg,leaders/死.oracle.svg,oracle
leaders/松.svg,leaders/松.bronze.svg,bronze
leaders/苏.svg,leaders/苏.bronze.svg,bronze
leaders/随.svg,leaders/随.seal.svg,seal
leaders/塔.svg,leaders/塔.seal.svg,seal
leaders/萄.svg,leaders/萄.seal.svg,seal
leaders/特.svg,leaders/特.seal.svg,seal
leaders/体.svg,leaders/体.bronze.svg,bronze
leaders/替.svg,leaders/替.oracle.svg,oracle
leaders/天.svg,leaders/天.oracle.svg,oracle
leaders/添.svg,leaders/添.seal.svg,seal
leaders/条.svg,leaders/条.seal.svg,seal
leaders/廷.svg,leaders/廷.bronze.svg,bronze
leaders/庭.svg,leaders/庭.bronze.svg,bronze
leaders/突.svg,leaders/突.oracle.svg,oracle
leaders/图.svg,leaders/图.bronze.svg,bronze
leaders/徒.svg,leaders/徒.oracle.svg,oracle
leaders/吐.svg,leaders/吐.seal.svg,seal
leaders/托.svg,leaders/托.oracle.svg,oracle
leaders/陀.svg,leaders/陀.bronze.svg,bronze
leaders/瓦.svg,leaders/瓦.seal.svg,seal
leaders/威.svg,leaders/威.bronze.svg,bronze
leaders/维.svg,leaders/维.bronze.svg,bronze
leaders/伟.svg,leaders/伟.seal.svg,seal
leaders/文.svg,leaders/文.oracle.svg,oracle
leaders/武.svg,leaders/武.oracle.svg,oracle
leaders/西.svg,leaders/西.oracle.svg,oracle
leaders/希.svg,leaders/希.seal.svg,seal
leaders/悉.svg,leaders/悉.seal.svg,seal
leaders/邪.svg,leaders/邪.bronze.svg,bronze
leaders/袖.svg,leaders/袖.seal.svg,seal
leaders/虚.svg,leaders/虚.seal.svg,seal
leaders/学.svg,leaders/学.oracle.svg,oracle
leaders/牙.svg,leaders/牙.bronze.svg,bronze
leaders/雅.svg,leaders/雅.seal.svg,seal
leaders/亚.svg,leaders/亚.oracle.svg,oracle
leaders/艳.svg,leaders/艳.seal.svg,seal
leaders/耶.svg,leaders/耶.bronze.svg,bronze
leaders/野.svg,leaders/野.oracle.svg,oracle
leaders/业.svg,leaders/业.bronze.svg,bronze
leaders/叶.svg,leaders/叶.bronze.svg,bronze
leaders/伊.svg,leaders/伊.oracle.svg,oracle
leaders/义.svg,leaders/义.oracle.svg,oracle
leaders/易.svg,leaders/易.oracle.svg,oracle
leaders/印.svg,leaders/印.oracle.svg,oracle
leaders/英.svg,leaders/英.bronze.svg,bronze
leaders/永.svg,leaders/永.oracle.svg,oracle
leaders/用.svg,leaders/用.oracle.svg,oracle
leaders/语.svg,leaders/语.bronze.svg,bronze
leaders/员.svg,leaders/员.oracle.svg,oracle
leaders/缘.svg,leaders/缘.seal.svg,seal
leaders/约.svg,leaders/约.seal.svg,seal
leaders/越.svg,leaders/越.bronze.svg,bronze
leaders/运.svg,leaders/运.seal.svg,seal
leaders/造.svg,leaders/造.bronze.svg,bronze
leaders/则.svg,leaders/则.bronze.svg,bronze
leaders/旃.svg,leaders/旃.bronze.svg,bronze
leaders/占.svg,leaders/占.oracle.svg,oracle
leaders/战.svg,leaders/战.bronze.svg,bronze
leaders/张.svg,leaders/张.bronze.svg,bronze
leaders/真.svg,leaders/真.bronze.svg,bronze
leaders/争.svg,leaders/争.oracle.svg,oracle
leaders/制.svg,leaders/制.bronze.svg,bronze
leaders/朱.svg,leaders/朱.oracle.svg,oracle
leaders/主.svg,leaders/主.oracle.svg,oracle
leaders/准.svg,leaders/准.seal.svg,seal
leaders/兹.svg,leaders/兹.oracle.svg,oracle
leaders/宗.svg,leaders/宗.oracle.svg,oracle
mappins/标.svg,mappins/标.seal.svg,seal
notifications/埃.svg,notifications/埃.seal.svg,seal
notifications/挨.svg,notifications/挨.seal.svg,seal
notifications/碍.svg,notifications/碍.seal.svg,seal
notifications/傲.svg,notifications/傲.seal.svg,seal
notifications/巴.svg,notifications/巴.oracle.svg,oracle
notifications/坝.svg,notifications/坝.seal.svg,seal
notifications/败.svg,notifications/败.oracle.svg,oracle
notifications/斑.svg,notifications/斑.seal.svg,seal
notifications/邦.svg,notifications/邦.oracle.svg,oracle
notifications/暴.svg,notifications/暴.oracle.svg,oracle
notifications/本.svg,notifications/本.bronze.svg,bronze
notifications/比.svg,notifications/比.oracle.svg,oracle
notifications/币.svg,notifications/币.seal.svg,seal
notifications/避.svg,notifications/避.seal.svg,seal
notifications/边.svg,notifications/边.oracle.svg,oracle
notifications/变.svg,notifications/变.bronze.svg,bronze
notifications/便.svg,notifications/便.bronze.svg,bronze
notifications/标.svg,notifications/标.seal.svg,seal
notifications/别.svg,notifications/别.oracle.svg,oracle
notifications/捕.svg,notifications/捕.seal.svg,seal
notifications/布.svg,notifications/布.bronze.svg,bronze
notifications/步.svg,notifications/步.oracle.svg,oracle
notifications/部.svg,notifications/部.seal.svg,seal
notifications/产.svg,notifications/产.bronze.svg,bronze
notifications/称.svg,notifications/称.seal.svg,seal
notifications/成.svg,notifications/成.oracle.svg,oracle
notifications/承.svg,notifications/承.oracle.svg,oracle
notifications/诚.svg,notifications/诚.seal.svg,seal
notifications/城.svg,notifications/城.bronze.svg,bronze
notifications/程.svg,notifications/程.bronze.svg,bronze
notifications/充.svg,notifications/充.seal.svg,seal
notifications/丑.svg,notifications/丑.oracle.svg,oracle
notifications/出.svg,notifications/出.oracle.svg,oracle
notifications/除.svg,notifications/除.seal.svg,seal
notifications/窗.svg,notifications/窗.seal.svg,seal
notifications/创.svg,notifications/创.bronze.svg,bronze
notifications/瓷.svg,notifications/瓷.seal.svg,seal
notifications/丛.svg,notifications/丛.bronze.svg,bronze
notifications/促.svg,notifications/促.seal.svg,seal
notifications/篡.svg,notifications/篡.seal.svg,seal
notifications/打.svg,notifications/打.seal.svg,seal
notifications/大.svg,notifications/大.oracle.svg,oracle
notifications/代.svg,notifications/代.seal.svg,seal
notifications/单.svg,notifications/单.oracle.svg,oracle
notifications/弹.svg,notifications/弹.oracle.svg,oracle
notifications/导.svg,notifications/导.seal.svg,seal
notifications/盗.svg,notifications/盗.oracle.svg,oracle
notifications/道.svg,notifications/道.bronze.svg,bronze
notifications/得.svg,notifications/得.oracle.svg,oracle
notifications/地.svg,notifications/地.bronze.svg,bronze
notifications/等.svg,notifications/等.seal.svg,seal
notifications/低.svg,notifications/低.seal.svg,seal
notifications/敌.svg,notifications/敌.bronze.svg,bronze
notifications/点.svg,notifications/点.seal.svg,seal
notifications/电.svg,notifications/电.bronze.svg,bronze
notifications/殿.svg,notifications/殿.bronze.svg,bronze
notifications/调.svg,notifications/调.seal.svg,seal
notifications/谍.svg,notifications/谍.seal.svg,seal
notifications/定.svg,notifications/定.oracle.svg,oracle
notifications/丢.svg,notifications/丢.bronze.svg,bronze
notifications/东.svg,notifications/东.oracle.svg,oracle
notifications/动.svg,notifications/动.bronze.svg,bronze
notifications/度.svg,notifications/度.oracle.svg,oracle
notifications/端.svg,notifications/端.seal.svg,seal
notifications/断.svg,notifications/断.bronze.svg,bronze
notifications/队.svg,notifications/队.oracle.svg,oracle
notifications/夺.svg,notifications/夺.bronze.svg,bronze
notifications/俄.svg,notifications/俄.seal.svg,seal
notifications/饿.svg,notifications/饿.seal.svg,seal
notifications/发.svg,notifications/发.oracle.svg,oracle
notifications/反.svg,notifications/反.oracle.svg,oracle
notifications/范.svg,notifications/范.bronze.svg,bronze
notifications/方.svg,notifications/方.oracle.svg,oracle
notifications/房.svg,notifications/房.seal.svg,seal
notifications/放.svg,notifications/放.bronze.svg,bronze
notifications/非.svg,notifications/非.oracle.svg,oracle
notifications/分.svg,notifications/分.oracle.svg,oracle
notifications/份.svg,notifications/份.seal.svg,seal
notifications/风.svg,notifications/风.oracle.svg,oracle
notifications/服.svg,notifications/服.oracle.svg,oracle
notifications/俘.svg,notifications/俘.oracle.svg,oracle
notifications/府.svg,notifications/府.bronze.svg,bronze
notifications/付.svg,notifications/付.bronze.svg,bronze
notifications/复.svg,notifications/复.oracle.svg,oracle
notifications/改.svg,notifications/改.oracle.svg,oracle
notifications/干.svg,notifications/干.oracle.svg,oracle
notifications/告.svg,notifications/告.oracle.svg,oracle
notifications/革.svg,notifications/革.oracle.svg,oracle
notifications/格.svg,notifications/格.bronze.svg,bronze
notifications/给.svg,notifications/给.seal.svg,seal
notifications/更.svg,notifications/更.oracle.svg,oracle
notifications/工.svg,notifications/工.oracle.svg,oracle
notifications/公.svg,notifications/公.oracle.svg,oracle
notifications/功.svg,notifications/功.bronze.svg,bronze
notifications/攻.svg,notifications/攻.bronze.svg,bronze
notifications/购.svg,notifications/购.seal.svg,seal
notifications/媾.svg,notifications/媾.bronze.svg,bronze
notifications/古.svg,notifications/古.oracle.svg,oracle
notifications/故.svg,notifications/故.bronze.svg,bronze
notifications/雇.svg,notifications/雇.oracle.svg,oracle
notifications/观.svg,notifications/观.oracle.svg,oracle
notifications/滚.svg,notifications/滚.seal.svg,seal
notifications/国.svg,notifications/国.bronze.svg,bronze
notifications/过.svg,notifications/过.bronze.svg,bronze
notifications/海.svg,notifications/海.bronze.svg,bronze
notifications/旱.svg,notifications/旱.seal.svg,seal
notifications/好.svg,notifications/好.oracle.svg,oracle
notifications/合.svg,notifications/合.oracle.svg,oracle
notifications/河.svg,notifications/河.oracle.svg,oracle
notifications/核.svg,notifications/核.seal.svg,seal
notifications/很.svg,notifications/很.seal.svg,seal
notifications/红.svg,notifications/红.seal.svg,seal
notifications/洪.svg,notifications/洪.seal.svg,seal
notifications/户.svg,notifications/户.oracle.svg,oracle
notifications/化.svg,notifications/化.oracle.svg,oracle
notifications/坏.svg,notifications/坏.bronze.svg,bronze
notifications/换.svg,notifications/换.seal.svg,seal
notifications/恢.svg,notifications/恢.seal.svg,seal
notifications/挥.svg,notifications/挥.bronze.svg,bronze
notifications/回.svg,notifications/回.oracle.svg,oracle
notifications/会.svg,notifications/会.oracle.svg,oracle
notifications/贿.svg,notifications/贿.seal.svg,seal
notifications/彗.svg,notifications/彗.oracle.svg,oracle
notifications/活.svg,notifications/活.seal.svg,seal
notifications/火.svg,notifications/火.oracle.svg,oracle
notifications/获.svg,notifications/获.oracle.svg,oracle
notifications/击.svg,notifications/击.seal.svg,seal
notifications/机.svg,notifications/机.seal.svg,seal
notifications/级.svg,notifications/级.seal.svg,seal
notifications/急.svg,notifications/急.seal.svg,seal
notifications/计.svg,notifications/计.seal.svg,seal
notifications/记.svg,notifications/记.bronze.svg,bronze
notifications/纪.svg,notifications/纪.bronze.svg,bronze
notifications/技.svg,notifications/技.seal.svg,seal
notifications/迹.svg,notifications/迹.bronze.svg,bronze
notifications/加.svg,notifications/加.bronze.svg,bronze
notifications/间.svg,notifications/间.bronze.svg,bronze
notifications/监.svg,notifications/监.oracle.svg,oracle
notifications/减.svg,notifications/减.bronze.svg,bronze
notifications/见.svg,notifications/见.oracle.svg,oracle
notifications/件.svg,notifications/件.seal.svg,seal
notifications/建.svg,notifications/建.oracle.svg,oracle
notifications/箭.svg,notifications/箭.bronze.svg,bronze
notifications/僵.svg,notifications/僵.seal.svg,seal
notifications/交.svg,notifications/交.seal.svg,seal
notifications/骄.svg,notifications/骄.bronze.svg,bronze
notifications/焦.svg,notifications/焦.bronze.svg,bronze
notifications/教.svg,notifications/教.oracle.svg,oracle
notifications/接.svg,notifications/接.seal.svg,seal
notifications/劫.svg,notifications/劫.seal.svg,seal
notifications/结.svg,notifications/结.seal.svg,seal
notifications/解.svg,notifications/解.oracle.svg,oracle
notifications/界.svg,notifications/界.seal.svg,seal
notifications/金.svg,notifications/金.bronze.svg,bronze
notifications/紧.svg,notifications/紧.seal.svg,seal
notifications/晋.svg,notifications/晋.oracle.svg,oracle
notifications/禁.svg,notifications/禁.seal.svg,seal
notifications/竞.svg,notifications/竞.oracle.svg,oracle
notifications/就.svg,notifications/就.oracle.svg,oracle
notifications/剧.svg,notifications/剧.seal.svg,seal
notifications/开.svg,notifications/开.seal.svg,seal
notifications/看.svg,notifications/看.seal.svg,seal
notifications/考.svg,notifications/考.oracle.svg,oracle
notifications/科.svg,notifications/科.seal.svg,seal
notifications/刻.svg,notifications/刻.seal.svg,seal
notifications/口.svg,notifications/口.oracle.svg,oracle
notifications/库.svg,notifications/库.bronze.svg,bronze
notifications/快.svg,notifications/快.seal.svg,seal
notifications/况.svg,notifications/况.oracle.svg,oracle
notifications/困.svg,notifications/困.oracle.svg,oracle
notifications/扩.svg,notifications/扩.seal.svg,seal
notifications/拉.svg,notifications/拉.seal.svg,seal
notifications/来.svg,notifications/来.oracle.svg,oracle
notifications/兰.svg,notifications/兰.seal.svg,seal
notifications/乐.svg,notifications/乐.oracle.svg,oracle
notifications/离.svg,notifications/离.bronze.svg,bronze
notifications/理.svg,notifications/理.bronze.svg,bronze
notifications/力.svg,notifications/力.oracle.svg,oracle
notifications/立.svg,notifications/立.oracle.svg,oracle
notifications/利.svg,notifications/利.oracle.svg,oracle
notifications/连.svg,notifications/连.bronze.svg,bronze
notifications/联.svg,notifications/联.oracle.svg,oracle
notifications/量.svg,notifications/量.oracle.svg,oracle
notifications/林.svg,notifications/林.oracle.svg,oracle
notifications/临.svg,notifications/临.oracle.svg,oracle
notifications/领.svg,notifications/领.seal.svg,seal
notifications/流.svg,notifications/流.bronze.svg,bronze
notifications/隆.svg,notifications/隆.seal.svg,seal
notifications/陆.svg,notifications/陆.oracle.svg,oracle
notifications/录.svg,notifications/录.oracle.svg,oracle
notifications/赂.svg,notifications/赂.seal.svg,seal
notifications/路.svg,notifications/路.bronze.svg,bronze
notifications/虑.svg,notifications/虑.bronze.svg,bronze
notifications/乱.svg,notifications/乱.bronze.svg,bronze
notifications/掠.svg,notifications/掠.seal.svg,seal
notifications/轮.svg,notifications/轮.bronze.svg,bronze
notifications/罗.svg,notifications/罗.oracle.svg,oracle
notifications/落.svg,notifications/落.seal.svg,seal
notifications/玛.svg,notifications/玛.oracle.svg,oracle
notifications/买.svg,notifications/买.oracle.svg,oracle
notifications/蛮.svg,notifications/蛮.bronze.svg,bronze
notifications/贸.svg,notifications/贸.bronze.svg,bronze
notifications/没.svg,notifications/没.seal.svg,seal
notifications/美.svg,notifications/美.oracle.svg,oracle
notifications/盟.svg,notifications/盟.oracle.svg,oracle
notifications/秘.svg,notifications/秘.seal.svg,seal
notifications/密.svg,notifications/密.bronze.svg,bronze
notifications/免.svg,notifications/免.oracle.svg,oracle
notifications/面.svg,notifications/面.oracle.svg,oracle
notifications/民.svg,notifications/民.oracle.svg,oracle
notifications/命.svg,notifications/命.oracle.svg,oracle
notifications/模.svg,notifications/模.seal.svg,seal
notifications/目.svg,notifications/目.oracle.svg,oracle
notifications/募.svg,notifications/募.seal.svg,seal
notifications/你.svg,notifications/你.bronze.svg,bronze
notifications/念.svg,notifications/念.oracle.svg,oracle
notifications/捏.svg,notifications/捏.seal.svg,seal
notifications/挪.svg,notifications/挪.seal.svg,seal
notifications/诺.svg,notifications/诺.bronze.svg,bronze
notifications/叛.svg,notifications/叛.seal.svg,seal
notifications/跑.svg,notifications/跑.bronze.svg,bronze
notifications/喷.svg,notifications/喷.seal.svg,seal
notifications/品.svg,notifications/品.oracle.svg,oracle
notifications/平.svg,notifications/平.bronze.svg,bronze
notifications/凭.svg,notifications/凭.seal.svg,seal
notifications/迫.svg,notifications/迫.seal.svg,seal
notifications/破.svg,notifications/破.seal.svg,seal
notifications/期.svg,notifications/期.bronze.svg,bronze
notifications/其.svg,notifications/其.oracle.svg,oracle
notifications/奇.svg,notifications/奇.seal.svg,seal
notifications/企.svg,notifications/企.oracle.svg,oracle
notifications/器.svg,notifications/器.bronze.svg,bronze
notifications/迁.svg,notifications/迁.seal.svg,seal
notifications/谴.svg,notifications/谴.bronze.svg,bronze
notifications/强.svg,notifications/强.seal.svg,seal
notifications/墙.svg,notifications/墙.oracle.svg,oracle
notifications/抢.svg,notifications/抢.bronze.svg,bronze
notifications/窃.svg,notifications/窃.seal.svg,seal
notifications/轻.svg,notifications/轻.seal.svg,seal
notifications/情.svg,notifications/情.seal.svg,seal
notifications/请.svg,notifications/请.bronze.svg,bronze
notifications/求.svg,notifications/求.oracle.svg,oracle
notifications/屈.svg,notifications/屈.bronze.svg,bronze
notifications/取.svg,notifications/取.oracle.svg,oracle
notifications/去.svg,notifications/去.oracle.svg,oracle
notifications/然.svg,notifications/然.bronze.svg,bronze
notifications/扰.svg,notifications/扰.bronze.svg,bronze
notifications/人.svg,notifications/人.oracle.svg,oracle
notifications/认.svg,notifications/认.seal.svg,seal
notifications/任.svg,notifications/任.oracle.svg,oracle
notifications/容.svg,notifications/容.bronze.svg,bronze
notifications/入.svg,notifications/入.oracle.svg,oracle
notifications/塞.svg,notifications/塞.oracle.svg,oracle
notifications/赛.svg,notifications/赛.seal.svg,seal
notifications/散.svg,notifications/散.oracle.svg,oracle
notifications/骚.svg,notifications/骚.seal.svg,seal
notifications/色.svg,notifications/色.bronze.svg,bronze
notifications/森.svg,notifications/森.oracle.svg,oracle
notifications/杀.svg,notifications/杀.bronze.svg,bronze
notifications/山.svg,notifications/山.oracle.svg,oracle
notifications/煽.svg,notifications/煽.seal.svg,seal
notifications/设.svg,notifications/设.seal.svg,seal
notifications/社.svg,notifications/社.bronze.svg,bronze
notifications/身.svg,notifications/身.oracle.svg,oracle
notifications/神.svg,notifications/神.bronze.svg,bronze
notifications/升.svg,notifications/升.oracle.svg,oracle
notifications/生.svg,notifications/生.oracle.svg,oracle
notifications/声.svg,notifications/声.oracle.svg,oracle
notifications/胜.svg,notifications/胜.seal.svg,seal
notifications/尸.svg,notifications/尸.oracle.svg,oracle
notifications/失.svg,notifications/失.bronze.svg,bronze
notifications/施.svg,notifications/施.seal.svg,seal
notifications/时.svg,notifications/时.bronze.svg,bronze
notifications/食.svg,notifications/食.oracle.svg,oracle
notifications/始.svg,notifications/始.bronze.svg,bronze
notifications/氏.svg,notifications/氏.oracle.svg,oracle
notifications/世.svg,notifications/世.bronze.svg,bronze
notifications/市.svg,notifications/市.oracle.svg,oracle
notifications/式.svg,notifications/式.seal.svg,seal
notifications/事.svg,notifications/事.oracle.svg,oracle
notifications/收.svg,notifications/收.seal.svg,seal
notifications/守.svg,notifications/守.oracle.svg,oracle
notifications/首.svg,notifications/首.oracle.svg,oracle
notifications/寿.svg,notifications/寿.bronze.svg,bronze
notifications/受.svg,notifications/受.oracle.svg,oracle
notifications/赎.svg,notifications/赎.bronze.svg,bronze
notifications/术.svg,notifications/术.oracle.svg,oracle
notifications/束.svg,notifications/束.oracle.svg,oracle
notifications/数.svg,notifications/数.bronze.svg,bronze
notifications/水.svg,notifications/水.oracle.svg,oracle
notifications/顺.svg,notifications/顺.oracle.svg,oracle
notifications/司.svg,notifications/司.oracle.svg,oracle
notifications/死.svg,notifications/死.oracle.svg,oracle
notifications/速.svg,notifications/速.oracle.svg,oracle
notifications/碎.svg,notifications/碎.seal.svg,seal
notifications/损.svg,notifications/损.seal.svg,seal
notifications/他.svg,notifications/他.seal.svg,seal
notifications/态.svg,notifications/态.seal.svg,seal
notifications/逃.svg,notifications/逃.bronze.svg,bronze
notifications/特.svg,notifications/特.seal.svg,seal
notifications/踢.svg,notifications/踢.seal.svg,seal
notifications/提.svg,notifications/提.seal.svg,seal
notifications/天.svg,notifications/天.oracle.svg,oracle
notifications/填.svg,notifications/填.seal.svg,seal
notifications/听.svg,notifications/听.oracle.svg,oracle
notifications/通.svg,notifications/通.oracle.svg,oracle
notifications/同.svg,notifications/同.oracle.svg,oracle
notifications/偷.svg,notifications/偷.seal.svg,seal
notifications/突.svg,notifications/突.oracle.svg,oracle
notifications/土.svg,notifications/土.oracle.svg,oracle
notifications/推.svg,notifications/推.seal.svg,seal
notifications/脱.svg,notifications/脱.seal.svg,seal
notifications/弯.svg,notifications/弯.seal.svg,seal
notifications/完.svg,notifications/完.seal.svg,seal
notifications/玩.svg,notifications/玩.seal.svg,seal
notifications/万.svg,notifications/万.oracle.svg,oracle
notifications/亡.svg,notifications/亡.oracle.svg,oracle
notifications/网.svg,notifications/网.oracle.svg,oracle
notifications/围.svg,notifications/围.bronze.svg,bronze
notifications/伟.svg,notifications/伟.seal.svg,seal
notifications/委.svg,notifications/委.oracle.svg,oracle
notifications/未.svg,notifications/未.oracle.svg,oracle
notifications/位.svg,notifications/位.bronze.svg,bronze
notifications/文.svg,notifications/文.oracle.svg,oracle
notifications/闻.svg,notifications/闻.oracle.svg,oracle
notifications/我.svg,notifications/我.oracle.svg,oracle
notifications/屋.svg,notifications/屋.seal.svg,seal
notifications/务.svg,notifications/务.bronze.svg,bronze
notifications/物.svg,notifications/物.oracle.svg,oracle
notifications/西.svg,notifications/西.oracle.svg,oracle
notifications/戏.svg,notifications/戏.bronze.svg,bronze
notifications/系.svg,notifications/系.oracle.svg,oracle
notifications/先.svg,notifications/先.oracle.svg,oracle
notifications/闲.svg,notifications/闲.bronze.svg,bronze
notifications/现.svg,notifications/现.oracle.svg,oracle
notifications/线.svg,notifications/线.seal.svg,seal
notifications/相.svg,notifications/相.oracle.svg,oracle
notifications/响.svg,notifications/响.seal.svg,seal
notifications/消.svg,notifications/消.seal.svg,seal
notifications/销.svg,notifications/销.seal.svg,seal
notifications/小.svg,notifications/小.oracle.svg,oracle
notifications/协.svg,notifications/协.bronze.svg,bronze
notifications/心.svg,notifications/心.oracle.svg,oracle
notifications/新.svg,notifications/新.oracle.svg,oracle
notifications/信.svg,notifications/信.bronze.svg,bronze
notifications/星.svg,notifications/星.oracle.svg,oracle
notifications/行.svg,notifications/行.oracle.svg,oracle
notifications/雄.svg,notifications/雄.seal.svg,seal
notifications/袖.svg,notifications/袖.seal.svg,seal
notifications/需.svg,notifications/需.bronze.svg,bronze
notifications/序.svg,notifications/序.bronze.svg,bronze
notifications/宣.svg,notifications/宣.oracle.svg,oracle
notifications/选.svg,notifications/选.oracle.svg,oracle
notifications/学.svg,notifications/学.oracle.svg,oracle
notifications/压.svg,notifications/压.seal.svg,seal
notifications/雅.svg,notifications/雅.seal.svg,seal
notifications/亚.svg,notifications/亚.oracle.svg,oracle
notifications/淹.svg,notifications/淹.seal.svg,seal
notifications/严.svg,notifications/严.bronze.svg,bronze
notifications/仰.svg,notifications/仰.seal.svg,seal
notifications/摇.svg,notifications/摇.seal.svg,seal
notifications/要.svg,notifications/要.seal.svg,seal
notifications/耀.svg,notifications/耀.seal.svg,seal
notifications/野.svg,notifications/野.oracle.svg,oracle
notifications/业.svg,notifications/业.bronze.svg,bronze
notifications/一.svg,notifications/一.oracle.svg,oracle
notifications/移.svg,notifications/移.seal.svg,seal
notifications/遗.svg,notifications/遗.bronze.svg,bronze
notifications/已.svg,notifications/已.bronze.svg,bronze
notifications/以.svg,notifications/以.oracle.svg,oracle
notifications/义.svg,notifications/义.oracle.svg,oracle
notifications/忆.svg,notifications/忆.bronze.svg,bronze
notifications/议.svg,notifications/议.bronze.svg,bronze
notifications/易.svg,notifications/易.oracle.svg,oracle
notifications/谊.svg,notifications/谊.seal.svg,seal
notifications/意.svg,notifications/意.seal.svg,seal
notifications/英.svg,notifications/英.bronze.svg,bronze
notifications/营.svg,notifications/营.bronze.svg,bronze
notifications/影.svg,notifications/影.seal.svg,seal
notifications/用.svg,notifications/用.oracle.svg,oracle
notifications/优.svg,notifications/优.seal.svg,seal
notifications/由.svg,notifications/由.oracle.svg,oracle
notifications/游.svg,notifications/游.oracle.svg,oracle
notifications/友.svg,notifications/友.oracle.svg,oracle
notifications/予.svg,notifications/予.bronze.svg,bronze
notifications/雨.svg,notifications/雨.oracle.svg,oracle
notifications/遇.svg,notifications/遇.bronze.svg,bronze
notifications/员.svg,notifications/员.oracle.svg,oracle
notifications/援.svg,notifications/援.seal.svg,seal
notifications/源.svg,notifications/源.seal.svg,seal
notifications/跃.svg,notifications/跃.seal.svg,seal
notifications/灾.svg,notifications/灾.oracle.svg,oracle
notifications/造.svg,notifications/造.bronze.svg,bronze
notifications/择.svg,notifications/择.bronze.svg,bronze
notifications/责.svg,notifications/责.oracle.svg,oracle
notifications/增.svg,notifications/增.bronze.svg,bronze
notifications/炸.svg,notifications/炸.bronze.svg,bronze
notifications/展.svg,notifications/展.seal.svg,seal
notifications/战.svg,notifications/战.bronze.svg,bronze
notifications/站.svg,notifications/站.seal.svg,seal
notifications/长.svg,notifications/长.oracle.svg,oracle
notifications/招.svg,notifications/招.seal.svg,seal
notifications/召.svg,notifications/召.oracle.svg,oracle
notifications/整.svg,notifications/整.bronze.svg,bronze
notifications/政.svg,notifications/政.oracle.svg,oracle
notifications/之.svg,notifications/之.oracle.svg,oracle
notifications/支.svg,notifications/支.seal.svg,seal
notifications/知.svg,notifications/知.bronze.svg,bronze
notifications/织.svg,notifications/织.bronze.svg,bronze
notifications/执.svg,notifications/执.oracle.svg,oracle
notifications/职.svg,notifications/职.bronze.svg,bronze
notifications/止.svg,notifications/止.oracle.svg,oracle
notifications/址.svg,notifications/址.seal.svg,seal
notifications/指.svg,notifications/指.seal.svg,seal
notifications/制.svg,notifications/制.bronze.svg,bronze
notifications/置.svg,notifications/置.oracle.svg,oracle
notifications/忠.svg,notifications/忠.bronze.svg,bronze
notifications/重.svg,notifications/重.oracle.svg,oracle
notifications/州.svg,notifications/州.oracle.svg,oracle
notifications/主.svg,notifications/主.oracle.svg,oracle
notifications/住.svg,notifications/住.seal.svg,seal
notifications/助.svg,notifications/助.seal.svg,seal
notifications/注.svg,notifications/注.oracle.svg,oracle
notifications/抓.svg,notifications/抓.seal.svg,seal
notifications/砖.svg,notifications/砖.bronze.svg,bronze
notifications/转.svg,notifications/转.seal.svg,seal
notifications/状.svg,notifications/状.seal.svg,seal
notifications/撞.svg,notifications/撞.seal.svg,seal
notifications/兹.svg,notifications/兹.oracle.svg,oracle
notifications/资.svg,notifications/资.seal.svg,seal
notifications/自.svg,notifications/自.oracle.svg,oracle
notifications/宗.svg,notifications/宗.oracle.svg,oracle
notifications/走.svg,notifications/走.oracle.svg,oracle
notifications/族.svg,notifications/族.oracle.svg,oracle
notifications/阻.svg,notifications/阻.seal.svg,seal
notifications/组.svg,notifications/组.bronze.svg,bronze
notifications/遵.svg,notifications/遵.seal.svg,seal
notifications/作.svg,notifications/作.oracle.svg,oracle
policies/阿.svg,policies/阿.bronze.svg,bronze
policies/暗.svg,policies/暗.seal.svg,seal
policies/澳.svg,policies/澳.seal.svg,seal
policies/坝.svg,policies/坝.seal.svg,seal
policies/办.svg,policies/办.seal.svg,seal
policies/保.svg,policies/保.oracle.svg,oracle
policies/堡.svg,policies/堡.oracle.svg,oracle
policies/报.svg,policies/报.bronze.svg,bronze
policies/贝.svg,policies/贝.oracle.svg,oracle
policies/本.svg,policies/本.bronze.svg,bronze
policies/币.svg,policies/币.seal.svg,seal
policies/壁.svg,policies/壁.seal.svg,seal
policies/边.svg,policies/边.oracle.svg,oracle
policies/标.svg,policies/标.seal.svg,seal
policies/镖.svg,policies/镖.seal.svg,seal
policies/兵.svg,policies/兵.oracle.svg,oracle
policies/波.svg,policies/波.seal.svg,seal
policies/播.svg,policies/播.bronze.svg,bronze
policies/博.svg,policies/博.bronze.svg,bronze
policies/布.svg,policies/布.bronze.svg,bronze
policies/部.svg,policies/部.seal.svg,seal
policies/裁.svg,policies/裁.seal.svg,seal
policies/册.svg,policies/册.oracle.svg,oracle
policies/测.svg,policies/测.bronze.svg,bronze
policies/策.svg,policies/策.bronze.svg,bronze
policies/层.svg,policies/层.seal.svg,seal
policies/查.svg,policies/查.seal.svg,seal
policies/察.svg,policies/察.bronze.svg,bronze
policies/产.svg,policies/产.bronze.svg,bronze
policies/场.svg,policies/场.seal.svg,seal
policies/成.svg,policies/成.oracle.svg,oracle
policies/诚.svg,policies/诚.seal.svg,seal
policies/城.svg,policies/城.bronze.svg,bronze
policies/乘.svg,policies/乘.oracle.svg,oracle
policies/程.svg,policies/程.bronze.svg,bronze
policies/橙.svg,policies/橙.seal.svg,seal
policies/出.svg,policies/出.oracle.svg,oracle
policies/础.svg,policies/础.seal.svg,seal
policies/处.svg,policies/处.oracle.svg,oracle
policies/畜.svg,policies/畜.oracle.svg,oracle
policies/传.svg,policies/传.oracle.svg,oracle
policies/次.svg,policies/次.oracle.svg,oracle
policies/存.svg,policies/存.seal.svg,seal
policies/打.svg,policies/打.seal.svg,seal
policies/大.svg,policies/大.oracle.svg,oracle
policies/代.svg,policies/代.seal.svg,seal
policies/单.svg,policies/单.oracle.svg,oracle
policies/导.svg,policies/导.seal.svg,seal
policies/岛.svg,policies/岛.seal.svg,seal
policies/盗.svg,policies/盗.oracle.svg,oracle
policies/道.svg,policies/道.bronze.svg,bronze
policies/地.svg,policies/地.bronze.svg,bronze
policies/堤.svg,policies/堤.seal.svg,seal
policies/迪.svg,policies/迪.seal.svg,seal
policies/帝.svg,policies/帝.oracle.svg,oracle
policies/第.svg,policies/第.oracle.svg,oracle
policies/典.svg,policies/典.oracle.svg,oracle
policies/电.svg,policies/电.bronze.svg,bronze
policies/调.svg,policies/调.seal.svg,seal
policies/谍.svg,policies/谍.seal.svg,seal
policies/定.svg,policies/定.oracle.svg,oracle
policies/动.svg,policies/动.bronze.svg,bronze
policies/独.svg,policies/独.seal.svg,seal
policies/度.svg,policies/度.oracle.svg,oracle
policies/队.svg,policies/队.oracle.svg,oracle
policies/遏.svg,policies/遏.seal.svg,seal
policies/尔.svg,policies/尔.bronze.svg,bronze
policies/二.svg,policies/二.oracle.svg,oracle
policies/发.svg,policies/发.oracle.svg,oracle
policies/法.svg,policies/法.bronze.svg,bronze
policies/反.svg,policies/反.oracle.svg,oracle
policies/放.svg,policies/放.bronze.svg,bronze
policies/飞.svg,policies/飞.seal.svg,seal
policies/费.svg,policies/费.bronze.svg,bronze
policies/风.svg,policies/风.oracle.svg,oracle
policies/封.svg,policies/封.oracle.svg,oracle
policies/奉.svg,policies/奉.bronze.svg,bronze
policies/服.svg,policies/服.oracle.svg,oracle
policies/符.svg,policies/符.bronze.svg,bronze
policies/福.svg,policies/福.bronze.svg,bronze
policies/府.svg,policies/府.bronze.svg,bronze
policies/改.svg,policies/改.oracle.svg,oracle
policies/感.svg,policies/感.bronze.svg,bronze
policies/高.svg,policies/高.oracle.svg,oracle
policies/告.svg,policies/告.oracle.svg,oracle
policies/哥.svg,policies/哥.seal.svg,seal
policies/歌.svg,policies/歌.bronze.svg,bronze
policies/革.svg,policies/革.oracle.svg,oracle
policies/格.svg,policies/格.bronze.svg,bronze
policies/工.svg,policies/工.oracle.svg,oracle
policies/公.svg,policies/公.oracle.svg,oracle
policies/攻.svg,policies/攻.bronze.svg,bronze
policies/供.svg,policies/供.seal.svg,seal
policies/共.svg,policies/共.bronze.svg,bronze
policies/孤.svg,policies/孤.bronze.svg,bronze
policies/古.svg,policies/古.oracle.svg,oracle
policies/谷.svg,policies/谷.oracle.svg,oracle
policies/雇.svg,policies/雇.oracle.svg,oracle
policies/寡.svg,policies/寡.bronze.svg,bronze
policies/馆.svg,policies/馆.seal.svg,seal
policies/管.svg,policies/管.seal.svg,seal
policies/贯.svg,policies/贯.seal.svg,seal
policies/光.svg,policies/光.oracle.svg,oracle
policies/广.svg,policies/广.oracle.svg,oracle
policies/规.svg,policies/规.bronze.svg,bronze
policies/贵.svg,policies/贵.bronze.svg,bronze
policies/国.svg,policies/国.bronze.svg,bronze
policies/海.svg,policies/海.bronze.svg,bronze
policies/航.svg,policies/航.seal.svg,seal
policies/好.svg,policies/好.oracle.svg,oracle
policies/合.svg,policies/合.oracle.svg,oracle
policies/核.svg,policies/核.seal.svg,seal
policies/黑.svg,policies/黑.oracle.svg,oracle
policies/横.svg,policies/横.seal.svg,seal
policies/洪.svg,policies/洪.seal.svg,seal
policies/护.svg,policies/护.seal.svg,seal
policies/花.svg,policies/花.seal.svg,seal
policies/化.svg,policies/化.oracle.svg,oracle
policies/划.svg,policies/划.seal.svg,seal
policies/画.svg,policies/画.bronze.svg,bronze
policies/皇.svg,policies/皇.oracle.svg,oracle
policies/黄.svg,policies/黄.oracle.svg,oracle
policies/会.svg,policies/会.oracle.svg,oracle
policies/活.svg,policies/活.seal.svg,seal
policies/伙.svg,policies/伙.seal.svg,seal
policies/击.svg,policies/击.seal.svg,seal
policies/圾.svg,policies/圾.seal.svg,seal
policies/机.svg,policies/机.seal.svg,seal
policies/基.svg,policies/基.oracle.svg,oracle
policies/级.svg,policies/级.seal.svg,seal
policies/集.svg,policies/集.oracle.svg,oracle
policies/计.svg,policies/计.seal.svg,seal
policies/记.svg,policies/记.bronze.svg,bronze
policies/纪.svg,policies/纪.bronze.svg,bronze
policies/技.svg,policies/技.seal.svg,seal
policies/际.svg,policies/际.seal.svg,seal
policies/济.svg,policies/济.bronze.svg,bronze
policies/加.svg,policies/加.bronze.svg,bronze
policies/家.svg,policies/家.oracle.svg,oracle
policies/假.svg,policies/假.seal.svg,seal
policies/间.svg,policies/间.bronze.svg,bronze
policies/检.svg,policies/检.seal.svg,seal
policies/建.svg,policies/建.oracle.svg,oracle
policies/舰.svg,policies/舰.seal.svg,seal
policies/奖.svg,policies/奖.seal.svg,seal
policies/匠.svg,policies/匠.seal.svg,seal
policies/交.svg,policies/交.seal.svg,seal
policies/角.svg,policies/角.oracle.svg,oracle
policies/教.svg,policies/教.oracle.svg,oracle
policies/阶.svg,policies/阶.oracle.svg,oracle
policies/杰.svg,policies/杰.seal.svg,seal
policies/结.svg,policies/结.seal.svg,seal
policies/截.svg,policies/截.seal.svg,seal
policies/解.svg,policies/解.oracle.svg,oracle
policies/戒.svg,policies/戒.oracle.svg,oracle
policies/金.svg,policies/金.bronze.svg,bronze
policies/禁.svg,policies/禁.seal.svg,seal
policies/经.svg,policies/经.bronze.svg,bronze
policies/精.svg,policies/精.seal.svg,seal
policies/警.svg,policies/警.seal.svg,seal
policies/究.svg,policies/究.bronze.svg,bronze
policies/局.svg,policies/局.seal.svg,seal
policies/剧.svg,policies/剧.seal.svg,seal
policies/军.svg,policies/军.bronze.svg,bronze
policies/君.svg,policies/君.oracle.svg,oracle
policies/科.svg,policies/科.seal.svg,seal
policies/克.svg,policies/克.oracle.svg,oracle
policies/刻.svg,policies/刻.seal.svg,seal
policies/空.svg,policies/空.bronze.svg,bronze
policies/库.svg,policies/库.bronze.svg,bronze
policies/扩.svg,policies/扩.seal.svg,seal
policies/垃.svg,policies/垃.seal.svg,seal
policies/拉.svg,policies/拉.seal.svg,seal
policies/来.svg,policies/来.oracle.svg,oracle
policies/劳.svg,policies/劳.oracle.svg,oracle
policies/老.svg,policies/老.oracle.svg,oracle
policies/乐.svg,policies/乐.oracle.svg,oracle
policies/勒.svg,policies/勒.bronze.svg,bronze
policies/垒.svg,policies/垒.seal.svg,seal
policies/里.svg,policies/里.bronze.svg,bronze
policies/理.svg,policies/理.bronze.svg,bronze
policies/力.svg,policies/力.oracle.svg,oracle
policies/历.svg,policies/历.seal.svg,seal
policies/立.svg,policies/立.oracle.svg,oracle
policies/利.svg,policies/利.oracle.svg,oracle
policies/励.svg,policies/励.bronze.svg,bronze
policies/联.svg,policies/联.oracle.svg,oracle
policies/练.svg,policies/练.seal.svg,seal
policies/量.svg,policies/量.oracle.svg,oracle
policies/林.svg,policies/林.oracle.svg,oracle
policies/灵.svg,policies/灵.bronze.svg,bronze
policies/领.svg,policies/领.seal.svg,seal
policies/令.svg,policies/令.oracle.svg,oracle
policies/流.svg,policies/流.bronze.svg,bronze
policies/留.svg,policies/留.bronze.svg,bronze
policies/楼.svg,policies/楼.seal.svg,seal
policies/录.svg,policies/录.oracle.svg,oracle
policies/路.svg,policies/路.bronze.svg,bronze
policies/旅.svg,policies/旅.oracle.svg,oracle
policies/律.svg,policies/律.oracle.svg,oracle
policies/掠.svg,policies/掠.seal.svg,seal
policies/略.svg,policies/略.seal.svg,seal
policies/罗.svg,policies/罗.oracle.svg,oracle
policies/络.svg,policies/络.seal.svg,seal
policies/马.svg,policies/马.oracle.svg,oracle
policies/码.svg,policies/码.seal.svg,seal
policies/麦.svg,policies/麦.oracle.svg,oracle
policies/曼.svg,policies/曼.oracle.svg,oracle
policies/氓.svg,policies/氓.seal.svg,seal
policies/贸.svg,policies/贸.bronze.svg,bronze
policies/媒.svg,policies/媒.seal.svg,seal
policies/美.svg,policies/美.oracle.svg,oracle
policies/魅.svg,policies/魅.oracle.svg,oracle
policies/门.svg,policies/门.oracle.svg,oracle
policies/们.svg,policies/们.seal.svg,seal
policies/盟.svg,policies/盟.oracle.svg,oracle
policies/密.svg,policies/密.bronze.svg,bronze
policies/免.svg,policies/免.oracle.svg,oracle
policies/面.svg,policies/面.oracle.svg,oracle
policies/民.svg,policies/民.oracle.svg,oracle
policies/明.svg,policies/明.oracle.svg,oracle
policies/命.svg,policies/命.oracle.svg,oracle
policies/摩.svg,policies/摩.seal.svg,seal
policies/莫.svg,policies/莫.oracle.svg,oracle
policies/姆.svg,policies/姆.bronze.svg,bronze
policies/目.svg,policies/目.oracle.svg,oracle
policies/牧.svg,policies/牧.oracle.svg,oracle
policies/暮.svg,policies/暮.oracle.svg,oracle
policies/那.svg,policies/那.seal.svg,seal
policies/纳.svg,policies/纳.bronze.svg,bronze
policies/能.svg,policies/能.bronze.svg,bronze
policies/你.svg,policies/你.bronze.svg,bronze
policies/年.svg,policies/年.oracle.svg,oracle
policies/念.svg,policies/念.oracle.svg,oracle
policies/农.svg,policies/农.oracle.svg,oracle
policies/奴.svg,policies/奴.oracle.svg,oracle
policies/诺.svg,policies/诺.bronze.svg,bronze
policies/帕.svg,policies/帕.seal.svg,seal
policies/判.svg,policies/判.seal.svg,seal
policies/炮.svg,policies/炮.seal.svg,seal
policies/配.svg,policies/配.oracle.svg,oracle
policies/骑.svg,policies/骑.bronze.svg,bronze
policies/启.svg,policies/启.oracle.svg,oracle
policies/汽.svg,policies/汽.seal.svg,seal
policies/契.svg,policies/契.bronze.svg,bronze
policies/器.svg,policies/器.bronze.svg,bronze
policies/强.svg,policies/强.seal.svg,seal
policies/侵.svg,policies/侵.oracle.svg,oracle
policies/勤.svg,policies/勤.bronze.svg,bronze
policies/请.svg,policies/请.bronze.svg,bronze
policies/区.svg,policies/区.oracle.svg,oracle
policies/全.svg,policies/全.seal.svg,seal
policies/权.svg,policies/权.oracle.svg,oracle
policies/却.svg,policies/却.seal.svg,seal
policies/然.svg,policies/然.bronze.svg,bronze
policies/人.svg,policies/人.oracle.svg,oracle
policies/认.svg,policies/认.seal.svg,seal
policies/任.svg,policies/任.oracle.svg,oracle
policies/日.svg,policies/日.oracle.svg,oracle
policies/入.svg,policies/入.oracle.svg,oracle
policies/软.svg,policies/软.seal.svg,seal
policies/锐.svg,policies/锐.seal.svg,seal
policies/萨.svg,policies/萨.seal.svg,seal
policies/塞.svg,policies/塞.oracle.svg,oracle
policies/三.svg,policies/三.oracle.svg,oracle
policies/僧.svg,policies/僧.seal.svg,seal
policies/杀.svg,policies/杀.bronze.svg,bronze
policies/闪.svg,policies/闪.seal.svg,seal
policies/商.svg,policies/商.oracle.svg,oracle
policies/设.svg,policies/设.seal.svg,seal
policies/社.svg,policies/社.bronze.svg,bronze
policies/神.svg,policies/神.bronze.svg,bronze
policies/审.svg,policies/审.bronze.svg,bronze
policies/生.svg,policies/生.oracle.svg,oracle
policies/圣.svg,policies/圣.oracle.svg,oracle
policies/胜.svg,policies/胜.seal.svg,seal
policies/师.svg,policies/师.oracle.svg,oracle
policies/施.svg,policies/施.seal.svg,seal
policies/时.svg,policies/时.bronze.svg,bronze
policies/士.svg,policies/士.bronze.svg,bronze
policies/市.svg,policies/市.oracle.svg,oracle
policies/示.svg,policies/示.oracle.svg,oracle
policies/式.svg,policies/式.seal.svg,seal
policies/事.svg,policies/事.oracle.svg,oracle
policies/室.svg,policies/室.oracle.svg,oracle
policies/手.svg,policies/手.bronze.svg,bronze
policies/术.svg,policies/术.oracle.svg,oracle
policies/水.svg,policies/水.oracle.svg,oracle
policies/税.svg,policies/税.seal.svg,seal
policies/私.svg,policies/私.bronze.svg,bronze
policies/斯.svg,policies/斯.bronze.svg,bronze
policies/酸.svg,policies/酸.bronze.svg,bronze
policies/随.svg,policies/随.seal.svg,seal
policies/所.svg,policies/所.bronze.svg,bronze
policies/他.svg,policies/他.seal.svg,seal
policies/塔.svg,policies/塔.seal.svg,seal
policies/态.svg,policies/态.seal.svg,seal
policies/特.svg,policies/特.seal.svg,seal
policies/提.svg,policies/提.seal.svg,seal
policies/体.svg,policies/体.bronze.svg,bronze
policies/天.svg,policies/天.oracle.svg,oracle
policies/跳.svg,policies/跳.seal.svg,seal
policies/铁.svg,policies/铁.seal.svg,seal
policies/庭.svg,policies/庭.bronze.svg,bronze
policies/通.svg,policies/通.oracle.svg,oracle
policies/同.svg,policies/同.oracle.svg,oracle
policies/统.svg,policies/统.seal.svg,seal
policies/头.svg,policies/头.bronze.svg,bronze
policies/屠.svg,policies/屠.seal.svg,seal
policies/土.svg,policies/土.oracle.svg,oracle
policies/团.svg,policies/团.bronze.svg,bronze
policies/陀.svg,policies/陀.bronze.svg,bronze
policies/王.svg,policies/王.oracle.svg,oracle
policies/网.svg,policies/网.oracle.svg,oracle
policies/望.svg,policies/望.oracle.svg,oracle
policies/威.svg,policies/威.bronze.svg,bronze
policies/维.svg,policies/维.bronze.svg,bronze
policies/伟.svg,policies/伟.seal.svg,seal
policies/卫.svg,policies/卫.oracle.svg,oracle
policies/未.svg,policies/未.oracle.svg,oracle
policies/文.svg,policies/文.oracle.svg,oracle
policies/闻.svg,policies/闻.oracle.svg,oracle
policies/问.svg,policies/问.oracle.svg,oracle
policies/五.svg,policies/五.oracle.svg,oracle
policies/武.svg,policies/武.oracle.svg,oracle
policies/务.svg,policies/务.bronze.svg,bronze
policies/物.svg,policies/物.oracle.svg,oracle
policies/西.svg,policies/西.oracle.svg,oracle
policies/希.svg,policies/希.seal.svg,seal
policies/息.svg,policies/息.bronze.svg,bronze
policies/习.svg,policies/习.oracle.svg,oracle
policies/袭.svg,policies/袭.bronze.svg,bronze
policies/戏.svg,policies/戏.bronze.svg,bronze
policies/鲜.svg,policies/鲜.bronze.svg,bronze
policies/现.svg,policies/现.oracle.svg,oracle
policies/线.svg,policies/线.seal.svg,seal
policies/限.svg,policies/限.bronze.svg,bronze
policies/宪.svg,policies/宪.oracle.svg,oracle
policies/献.svg,policies/献.oracle.svg,oracle
policies/响.svg,policies/响.seal.svg,seal
policies/校.svg,policies/校.bronze.svg,bronze
policies/蝎.svg,policies/蝎.seal.svg,seal
policies/协.svg,policies/协.bronze.svg,bronze
policies/胁.svg,policies/胁.seal.svg,seal
policies/心.svg,policies/心.oracle.svg,oracle
policies/辛.svg,policies/辛.oracle.svg,oracle
policies/新.svg,policies/新.oracle.svg,oracle
policies/信.svg,policies/信.bronze.svg,bronze
policies/星.svg,policies/星.oracle.svg,oracle
policies/行.svg,policies/行.oracle.svg,oracle
policies/性.svg,policies/性.bronze.svg,bronze
policies/修.svg,policies/修.seal.svg,seal
policies/虚.svg,policies/虚.seal.svg,seal
policies/许.svg,policies/许.bronze.svg,bronze
policies/宣.svg,policies/宣.oracle.svg,oracle
policies/选.svg,policies/选.oracle.svg,oracle
policies/学.svg,policies/学.oracle.svg,oracle
policies/询.svg,policies/询.seal.svg,seal
policies/讯.svg,policies/讯.oracle.svg,oracle
policies/衙.svg,policies/衙.seal.svg,seal
policies/雅.svg,policies/雅.seal.svg,seal
policies/亚.svg,policies/亚.oracle.svg,oracle
policies/严.svg,policies/严.bronze.svg,bronze
policies/研.svg,policies/研.seal.svg,seal
policies/演.svg,policies/演.seal.svg,seal
policies/养.svg,policies/养.oracle.svg,oracle
policies/徭.svg,policies/徭.bronze.svg,bronze
policies/耶.svg,policies/耶.bronze.svg,bronze
policies/业.svg,policies/业.bronze.svg,bronze
policies/叶.svg,policies/叶.bronze.svg,bronze
policies/一.svg,policies/一.oracle.svg,oracle
policies/伊.svg,policies/伊.oracle.svg,oracle
policies/医.svg,policies/医.seal.svg,seal
policies/遗.svg,policies/遗.bronze.svg,bronze
policies/义.svg,policies/义.oracle.svg,oracle
policies/役.svg,policies/役.oracle.svg,oracle
policies/易.svg,policies/易.oracle.svg,oracle
policies/疫.svg,policies/疫.seal.svg,seal
policies/意.svg,policies/意.seal.svg,seal
policies/音.svg,policies/音.bronze.svg,bronze
policies/银.svg,policies/银.seal.svg,seal
policies/英.svg,policies/英.bronze.svg,bronze
policies/佣.svg,policies/佣.seal.svg,seal
policies/勇.svg,policies/勇.bronze.svg,bronze
policies/用.svg,policies/用.oracle.svg,oracle
policies/由.svg,policies/由.oracle.svg,oracle
policies/游.svg,policies/游.oracle.svg,oracle
policies/育.svg,policies/育.oracle.svg,oracle
policies/域.svg,policies/域.bronze.svg,bronze
policies/元.svg,policies/元.oracle.svg,oracle
policies/员.svg,policies/员.oracle.svg,oracle
policies/园.svg,policies/园.seal.svg,seal
policies/源.svg,policies/源.seal.svg,seal
policies/约.svg,policies/约.seal.svg,seal
policies/运.svg,policies/运.seal.svg,seal
policies/宰.svg,policies/宰.oracle.svg,oracle
policies/赞.svg,policies/赞.seal.svg,seal
policies/择.svg,policies/择.bronze.svg,bronze
policies/赠.svg,policies/赠.seal.svg,seal
policies/扎.svg,policies/扎.seal.svg,seal
policies/战.svg,policies/战.bronze.svg,bronze
policies/张.svg,policies/张.bronze.svg,bronze
policies/章.svg,policies/章.bronze.svg,bronze
policies/长.svg,policies/长.oracle.svg,oracle
policies/哲.svg,policies/哲.bronze.svg,bronze
policies/这.svg,policies/这.seal.svg,seal
policies/阵.svg,policies/阵.oracle.svg,oracle
policies/镇.svg,policies/镇.seal.svg,seal
policies/争.svg,policies/争.oracle.svg,oracle
policies/征.svg,policies/征.oracle.svg,oracle
policies/蒸.svg,policies/蒸.seal.svg,seal
policies/证.svg,policies/证.seal.svg,seal
policies/政.svg,policies/政.oracle.svg,oracle
policies/之.svg,policies/之.oracle.svg,oracle
policies/织.svg,policies/织.bronze.svg,bronze
policies/职.svg,policies/职.bronze.svg,bronze
policies/殖.svg,policies/殖.seal.svg,seal
policies/制.svg,policies/制.bronze.svg,bronze
policies/治.svg,policies/治.seal.svg,seal
policies/忠.svg,policies/忠.bronze.svg,bronze
policies/主.svg,policies/主.oracle.svg,oracle
policies/助.svg,policies/助.seal.svg,seal
policies/筑.svg,policies/筑.seal.svg,seal
policies/铸.svg,policies/铸.oracle.svg,oracle
policies/专.svg,policies/专.oracle.svg,oracle
policies/状.svg,policies/状.seal.svg,seal
policies/资.svg,policies/资.seal.svg,seal
policies/子.svg,policies/子.oracle.svg,oracle
policies/自.svg,policies/自.oracle.svg,oracle
policies/宗.svg,policies/宗.oracle.svg,oracle
policies/综.svg,policies/综.seal.svg,seal
policies/走.svg,policies/走.oracle.svg,oracle
policies/族.svg,policies/族.oracle.svg,oracle
policies/组.svg,policies/组.bronze.svg,bronze
policies/祖.svg,policies/祖.oracle.svg,oracle
policies/钻.svg,policies/钻.seal.svg,seal
policies/最.svg,policies/最.seal.svg,seal
policies/作.svg,policies/作.oracle.svg,oracle
projects/阿.svg,projects/阿.bronze.svg,bronze
projects/埃.svg,projects/埃.seal.svg,seal
projects/爱.svg,projects/爱.seal.svg,seal
projects/暗.svg,projects/暗.seal.svg,seal
projects/奥.svg,projects/奥.seal.svg,seal
projects/澳.svg,projects/澳.seal.svg,seal
projects/巴.svg,projects/巴.oracle.svg,oracle
projects/包.svg,projects/包.seal.svg,seal
projects/卑.svg,projects/卑.bronze.svg,bronze
projects/贝.svg,projects/贝.oracle.svg,oracle
projects/本.svg,projects/本.bronze.svg,bronze
projects/比.svg,projects/比.oracle.svg,oracle
projects/变.svg,projects/变.bronze.svg,bronze
projects/波.svg,projects/波.seal.svg,seal
projects/部.svg,projects/部.seal.svg,seal
projects/草.svg,projects/草.seal.svg,seal
projects/茶.svg,projects/茶.seal.svg,seal
projects/产.svg,projects/产.bronze.svg,bronze
projects/常.svg,projects/常.bronze.svg,bronze
projects/厂.svg,projects/厂.bronze.svg,bronze
projects/成.svg,projects/成.oracle.svg,oracle
projects/绸.svg,projects/绸.seal.svg,seal
projects/传.svg,projects/传.oracle.svg,oracle
projects/创.svg,projects/创.bronze.svg,bronze
projects/春.svg,projects/春.oracle.svg,oracle
projects/达.svg,projects/达.oracle.svg,oracle
projects/打.svg,projects/打.seal.svg,seal
projects/大.svg,projects/大.oracle.svg,oracle
projects/代.svg,projects/代.seal.svg,seal
projects/岛.svg,projects/岛.seal.svg,seal
projects/道.svg,projects/道.bronze.svg,bronze
projects/地.svg,projects/地.bronze.svg,bronze
projects/登.svg,projects/登.oracle.svg,oracle
projects/电.svg,projects/电.bronze.svg,bronze
projects/调.svg,projects/调.seal.svg,seal
projects/动.svg,projects/动.bronze.svg,bronze
projects/堆.svg,projects/堆.seal.svg,seal
projects/顿.svg,projects/顿.seal.svg,seal
projects/俄.svg,projects/俄.seal.svg,seal
projects/发.svg,projects/发.oracle.svg,oracle
projects/反.svg,projects/反.oracle.svg,oracle
projects/防.svg,projects/防.seal.svg,seal
projects/啡.svg,projects/啡.seal.svg,seal
projects/蜂.svg,projects/蜂.seal.svg,seal
projects/夫.svg,projects/夫.oracle.svg,oracle
projects/复.svg,projects/复.oracle.svg,oracle
projects/柑.svg,projects/柑.oracle.svg,oracle
projects/橄.svg,projects/橄.seal.svg,seal
projects/港.svg,projects/港.seal.svg,seal
projects/膏.svg,projects/膏.oracle.svg,oracle
projects/工.svg,projects/工.oracle.svg,oracle
projects/公.svg,projects/公.oracle.svg,oracle
projects/宫.svg,projects/宫.oracle.svg,oracle
projects/汞.svg,projects/汞.seal.svg,seal
projects/光.svg,projects/光.oracle.svg,oracle
projects/龟.svg,projects/龟.oracle.svg,oracle
projects/皈.svg,projects/皈.oracle.svg,oracle
projects/轨.svg,projects/轨.bronze.svg,bronze
projects/哈.svg,projects/哈.seal.svg,seal
projects/海.svg,projects/海.bronze.svg,bronze
projects/航.svg,projects/航.seal.svg,seal
projects/核.svg,projects/核.seal.svg,seal
projects/黑.svg,projects/黑.oracle.svg,oracle
projects/呼.svg,projects/呼.bronze.svg,bronze
projects/胡.svg,projects/胡.bronze.svg,bronze
projects/琥.svg,projects/琥.seal.svg,seal
projects/花.svg,projects/花.seal.svg,seal
projects/华.svg,projects/华.seal.svg,seal
projects/化.svg,projects/化.oracle.svg,oracle
projects/划.svg,projects/划.seal.svg,seal
projects/欢.svg,projects/欢.seal.svg,seal
projects/唤.svg,projects/唤.seal.svg,seal
projects/黄.svg,projects/黄.oracle.svg,oracle
projects/回.svg,projects/回.oracle.svg,oracle
projects/火.svg,projects/火.oracle.svg,oracle
projects/基.svg,projects/基.oracle.svg,oracle
projects/激.svg,projects/激.seal.svg,seal
projects/计.svg,projects/计.seal.svg,seal
projects/纪.svg,projects/纪.bronze.svg,bronze
projects/加.svg,projects/加.bronze.svg,bronze
projects/嘉.svg,projects/嘉.bronze.svg,bronze
projects/建.svg,projects/建.oracle.svg,oracle
projects/僵.svg,projects/僵.seal.svg,seal
projects/教.svg,projects/教.oracle.svg,oracle
projects/节.svg,projects/节.bronze.svg,bronze
projects/金.svg,projects/金.bronze.svg,bronze
projects/鲸.svg,projects/鲸.seal.svg,seal
projects/景.svg,projects/景.seal.svg,seal
projects/究.svg,projects/究.bronze.svg,bronze
projects/酒.svg,projects/酒.oracle.svg,oracle
projects/居.svg,projects/居.bronze.svg,bronze
projects/橘.svg,projects/橘.seal.svg,seal
projects/剧.svg,projects/剧.seal.svg,seal
projects/咖.svg,projects/咖.seal.svg,seal
projects/科.svg,projects/科.seal.svg,seal
projects/空.svg,projects/空.bronze.svg,bronze
projects/口.svg,projects/口.oracle.svg,oracle
projects/狂.svg,projects/狂.oracle.svg,oracle
projects/兰.svg,projects/兰.seal.svg,seal
projects/榄.svg,projects/榄.seal.svg,seal
projects/礼.svg,projects/礼.oracle.svg,oracle
projects/理.svg,projects/理.bronze.svg,bronze
projects/力.svg,projects/力.oracle.svg,oracle
projects/利.svg,projects/利.oracle.svg,oracle
projects/练.svg,projects/练.seal.svg,seal
projects/料.svg,projects/料.bronze.svg,bronze
projects/路.svg,projects/路.bronze.svg,bronze
projects/露.svg,projects/露.seal.svg,seal
projects/吕.svg,projects/吕.oracle.svg,oracle
projects/伦.svg,projects/伦.seal.svg,seal
projects/马.svg,projects/马.oracle.svg,oracle
projects/曼.svg,projects/曼.oracle.svg,oracle
projects/毛.svg,projects/毛.bronze.svg,bronze
projects/煤.svg,projects/煤.seal.svg,seal
projects/弥.svg,projects/弥.bronze.svg,bronze
projects/秘.svg,projects/秘.seal.svg,seal
projects/蜜.svg,projects/蜜.seal.svg,seal
projects/棉.svg,projects/棉.seal.svg,seal
projects/面.svg,projects/面.oracle.svg,oracle
projects/木.svg,projects/木.oracle.svg,oracle
projects/目.svg,projects/目.oracle.svg,oracle
projects/纳.svg,projects/纳.bronze.svg,bronze
projects/年.svg,projects/年.oracle.svg,oracle
projects/纽.svg,projects/纽.seal.svg,seal
projects/牌.svg,projects/牌.seal.svg,seal
projects/培.svg,projects/培.seal.svg,seal
projects/皮.svg,projects/皮.bronze.svg,bronze
projects/品.svg,projects/品.oracle.svg,oracle
projects/珀.svg,projects/珀.seal.svg,seal
projects/普.svg,projects/普.seal.svg,seal
projects/企.svg,projects/企.oracle.svg,oracle
projects/强.svg,projects/强.seal.svg,seal
projects/情.svg,projects/情.seal.svg,seal
projects/球.svg,projects/球.seal.svg,seal
projects/区.svg,projects/区.oracle.svg,oracle
projects/燃.svg,projects/燃.bronze.svg,bronze
projects/染.svg,projects/染.seal.svg,seal
projects/让.svg,projects/让.seal.svg,seal
projects/热.svg,projects/热.seal.svg,seal
projects/塞.svg,projects/塞.oracle.svg,oracle
projects/瑟.svg,projects/瑟.seal.svg,seal
projects/商.svg,projects/商.oracle.svg,oracle
projects/射.svg,projects/射.oracle.svg,oracle
projects/神.svg,projects/神.bronze.svg,bronze
projects/升.svg,projects/升.oracle.svg,oracle
projects/圣.svg,projects/圣.oracle.svg,oracle
projects/尸.svg,projects/尸.oracle.svg,oracle
projects/石.svg,projects/石.oracle.svg,oracle
projects/食.svg,projects/食.oracle.svg,oracle
projects/使.svg,projects/使.oracle.svg,oracle
projects/士.svg,projects/士.bronze.svg,bronze
projects/世.svg,projects/世.bronze.svg,bronze
projects/试.svg,projects/试.seal.svg,seal
projects/收.svg,projects/收.seal.svg,seal
projects/枢.svg,projects/枢.seal.svg,seal
projects/水.svg,projects/水.oracle.svg,oracle
projects/丝.svg,projects/丝.oracle.svg,oracle
projects/司.svg,projects/司.oracle.svg,oracle
projects/松.svg,projects/松.bronze.svg,bronze
projects/送.svg,projects/送.bronze.svg,bronze
projects/炭.svg,projects/炭.seal.svg,seal
projects/探.svg,projects/探.seal.svg,seal
projects/碳.svg,projects/碳.seal.svg,seal
projects/糖.svg,projects/糖.seal.svg,seal
projects/忒.svg,projects/忒.seal.svg,seal
projects/藤.svg,projects/藤.bronze.svg,bronze
projects/提.svg,projects/提.seal.svg,seal
projects/廷.svg,projects/廷.bronze.svg,bronze
projects/团.svg,projects/团.bronze.svg,bronze
projects/退.svg,projects/退.oracle.svg,oracle
projects/卫.svg,projects/卫.oracle.svg,oracle
projects/未.svg,projects/未.oracle.svg,oracle
projects/武.svg,projects/武.oracle.svg,oracle
projects/悟.svg,projects/悟.seal.svg,seal
projects/西.svg,projects/西.oracle.svg,oracle
projects/希.svg,projects/希.seal.svg,seal
projects/戏.svg,projects/戏.bronze.svg,bronze
projects/系.svg,projects/系.oracle.svg,oracle
projects/险.svg,projects/险.seal.svg,seal
projects/现.svg,projects/现.oracle.svg,oracle
projects/线.svg,projects/线.seal.svg,seal
projects/香.svg,projects/香.oracle.svg,oracle
projects/项.svg,projects/项.seal.svg,seal
projects/象.svg,projects/象.oracle.svg,oracle
projects/校.svg,projects/校.bronze.svg,bronze
projects/辛.svg,projects/辛.oracle.svg,oracle
projects/新.svg,projects/新.oracle.svg,oracle
projects/信.svg,projects/信.bronze.svg,bronze
projects/星.svg,projects/星.oracle.svg,oracle
projects/行.svg,projects/行.oracle.svg,oracle
projects/雄.svg,projects/雄.seal.svg,seal
projects/修.svg,projects/修.seal.svg,seal
projects/宣.svg,projects/宣.oracle.svg,oracle
projects/学.svg,projects/学.oracle.svg,oracle
projects/训.svg,projects/训.bronze.svg,bronze
projects/牙.svg,projects/牙.bronze.svg,bronze
projects/亚.svg,projects/亚.oracle.svg,oracle
projects/烟.svg,projects/烟.bronze.svg,bronze
projects/研.svg,projects/研.seal.svg,seal
projects/盐.svg,projects/盐.bronze.svg,bronze
projects/仰.svg,projects/仰.seal.svg,seal
projects/业.svg,projects/业.bronze.svg,bronze
projects/一.svg,projects/一.oracle.svg,oracle
projects/伊.svg,projects/伊.oracle.svg,oracle
projects/依.svg,projects/依.oracle.svg,oracle
projects/移.svg,projects/移.seal.svg,seal
projects/役.svg,projects/役.oracle.svg,oracle
projects/银.svg,projects/银.seal.svg,seal
projects/应.svg,projects/应.bronze.svg,bronze
projects/英.svg,projects/英.bronze.svg,bronze
projects/营.svg,projects/营.bronze.svg,bronze
projects/用.svg,projects/用.oracle.svg,oracle
projects/油.svg,projects/油.bronze.svg,bronze
projects/铀.svg,projects/铀.seal.svg,seal
projects/鱼.svg,projects/鱼.oracle.svg,oracle
projects/宇.svg,projects/宇.bronze.svg,bronze
projects/玉.svg,projects/玉.oracle.svg,oracle
projects/域.svg,projects/域.bronze.svg,bronze
projects/御.svg,projects/御.oracle.svg,oracle
projects/员.svg,projects/员.oracle.svg,oracle
projects/园.svg,projects/园.seal.svg,seal
projects/援.svg,projects/援.seal.svg,seal
projects/院.svg,projects/院.seal.svg,seal
projects/月.svg,projects/月.oracle.svg,oracle
projects/运.svg,projects/运.seal.svg,seal
projects/造.svg,projects/造.bronze.svg,bronze
projects/站.svg,projects/站.seal.svg,seal
projects/召.svg,projects/召.oracle.svg,oracle
projects/珍.svg,projects/珍.seal.svg,seal
projects/置.svg,projects/置.oracle.svg,oracle
projects/重.svg,projects/重.oracle.svg,oracle
projects/珠.svg,projects/珠.seal.svg,seal
projects/住.svg,projects/住.seal.svg,seal
projects/助.svg,projects/助.seal.svg,seal
projects/转.svg,projects/转.seal.svg,seal
projects/装.svg,projects/装.seal.svg,seal
projects/资.svg,projects/资.seal.svg,seal
projects/宗.svg,projects/宗.oracle.svg,oracle
projects/钻.svg,projects/钻.seal.svg,seal
projects/作.svg,projects/作.oracle.svg,oracle
promotions/安.svg,promotions/安.oracle.svg,oracle
promotions/白.svg,promotions/白.oracle.svg,oracle
promotions/败.svg,promotions/败.oracle.svg,oracle
promotions/板.svg,promotions/板.seal.svg,seal
promotions/包.svg,promotions/包.seal.svg,seal
promotions/堡.svg,promotions/堡.oracle.svg,oracle
promotions/暴.svg,promotions/暴.oracle.svg,oracle
promotions/爆.svg,promotions/爆.seal.svg,seal
promotions/贝.svg,promotions/贝.oracle.svg,oracle
promotions/备.svg,promotions/备.oracle.svg,oracle
promotions/避.svg,promotions/避.seal.svg,seal
promotions/辩.svg,promotions/辩.seal.svg,seal
promotions/兵.svg,promotions/兵.oracle.svg,oracle
promotions/铂.svg,promotions/铂.seal.svg,seal
promotions/补.svg,promotions/补.seal.svg,seal
promotions/部.svg,promotions/部.seal.svg,seal
promotions/舱.svg,promotions/舱.oracle.svg,oracle
promotions/藏.svg,promotions/藏.bronze.svg,bronze
promotions/侧.svg,promotions/侧.bronze.svg,bronze
promotions/测.svg,promotions/测.bronze.svg,bronze
promotions/察.svg,promotions/察.bronze.svg,bronze
promotions/超.svg,promotions/超.seal.svg,seal
promotions/朝.svg,promotions/朝.oracle.svg,oracle
promotions/撤.svg,promotions/撤.seal.svg,seal
promotions/成.svg,promotions/成.oracle.svg,oracle
promotions/城.svg,promotions/城.bronze.svg,bronze
promotions/惩.svg,promotions/惩.seal.svg,seal
promotions/程.svg,promotions/程.bronze.svg,bronze
promotions/穿.svg,promotions/穿.seal.svg,seal
promotions/传.svg,promotions/传.oracle.svg,oracle
promotions/船.svg,promotions/船.bronze.svg,bronze
promotions/茨.svg,promotions/茨.seal.svg,seal
promotions/促.svg,promotions/促.seal.svg,seal
promotions/摧.svg,promotions/摧.seal.svg,seal
promotions/弹.svg,promotions/弹.oracle.svg,oracle
promotions/导.svg,promotions/导.seal.svg,seal
promotions/德.svg,promotions/德.oracle.svg,oracle
promotions/地.svg,promotions/地.bronze.svg,bronze
promotions/登.svg,promotions/登.oracle.svg,oracle
promotions/点.svg,promotions/点.seal.svg,seal
promotions/谍.svg,promotions/谍.seal.svg,seal
promotions/叠.svg,promotions/叠.bronze.svg,bronze
promotions/钉.svg,promotions/钉.seal.svg,seal
promotions/动.svg,promotions/动.bronze.svg,bronze
promotions/斗.svg,promotions/斗.oracle.svg,oracle
promotions/断.svg,promotions/断.bronze.svg,bronze
promotions/队.svg,promotions/队.oracle.svg,oracle
promotions/夺.svg,promotions/夺.bronze.svg,bronze
promotions/舵.svg,promotions/舵.oracle.svg,oracle
promotions/尔.svg,promotions/尔.bronze.svg,bronze
promotions/发.svg,promotions/发.oracle.svg,oracle
promotions/罚.svg,promotions/罚.bronze.svg,bronze
promotions/翻.svg,promotions/翻.seal.svg,seal
promotions/反.svg,promotions/反.oracle.svg,oracle
promotions/贩.svg,promotions/贩.seal.svg,seal
promotions/方.svg,promotions/方.oracle.svg,oracle
promotions/防.svg,promotions/防.seal.svg,seal
promotions/放.svg,promotions/放.bronze.svg,bronze
promotions/飞.svg,promotions/飞.seal.svg,seal
promotions/费.svg,promotions/费.bronze.svg,bronze
promotions/风.svg,promotions/风.oracle.svg,oracle
promotions/伏.svg,promotions/伏.bronze.svg,bronze
promotions/辅.svg,promotions/辅.bronze.svg,bronze
promotions/副.svg,promotions/副.seal.svg,seal
promotions/高.svg,promotions/高.oracle.svg,oracle
promotions/给.svg,promotions/给.seal.svg,seal
promotions/攻.svg,promotions/攻.bronze.svg,bronze
promotions/狗.svg,promotions/狗.bronze.svg,bronze
promotions/骨.svg,promotions/骨.oracle.svg,oracle
promotions/固.svg,promotions/固.bronze.svg,bronze
promotions/观.svg,promotions/观.oracle.svg,oracle
promotions/官.svg,promotions/官.oracle.svg,oracle
promotions/龟.svg,promotions/龟.oracle.svg,oracle
promotions/规.svg,promotions/规.bronze.svg,bronze
promotions/皈.svg,promotions/皈.oracle.svg,oracle
promotions/滚.svg,promotions/滚.seal.svg,seal
promotions/汉.svg,promotions/汉.bronze.svg,bronze
promotions/航.svg,promotions/航.seal.svg,seal
promotions/合.svg,promotions/合.oracle.svg,oracle
promotions/盒.svg,promotions/盒.oracle.svg,oracle
promotions/轰.svg,promotions/轰.seal.svg,seal
promotions/吼.svg,promotions/吼.seal.svg,seal
promotions/护.svg,promotions/护.seal.svg,seal
promotions/华.svg,promotions/华.seal.svg,seal
promotions/坏.svg,promotions/坏.bronze.svg,bronze
promotions/黄.svg,promotions/黄.oracle.svg,oracle
promotions/毁.svg,promotions/毁.bronze.svg,bronze
promotions/活.svg,promotions/活.seal.svg,seal
promotions/火.svg,promotions/火.oracle.svg,oracle
promotions/惑.svg,promotions/惑.bronze.svg,bronze
promotions/击.svg,promotions/击.seal.svg,seal
promotions/机.svg,promotions/机.seal.svg,seal
promotions/级.svg,promotions/级.seal.svg,seal
promotions/技.svg,promotions/技.seal.svg,seal
promotions/加.svg,promotions/加.bronze.svg,bronze
promotions/家.svg,promotions/家.oracle.svg,oracle
promotions/甲.svg,promotions/甲.oracle.svg,oracle
promotions/驾.svg,promotions/驾.seal.svg,seal
promotions/坚.svg,promotions/坚.seal.svg,seal
promotions/间.svg,promotions/间.bronze.svg,bronze
promotions/舰.svg,promotions/舰.seal.svg,seal
promotions/箭.svg,promotions/箭.bronze.svg,bronze
promotions/奖.svg,promotions/奖.seal.svg,seal
promotions/教.svg,promotions/教.oracle.svg,oracle
promotions/接.svg,promotions/接.seal.svg,seal
promotions/劫.svg,promotions/劫.seal.svg,seal
promotions/截.svg,promotions/截.seal.svg,seal
promotions/金.svg,promotions/金.bronze.svg,bronze
promotions/近.svg,promotions/近.seal.svg,seal
promotions/进.svg,promotions/进.oracle.svg,oracle
promotions/精.svg,promotions/精.seal.svg,seal
promotions/静.svg,promotions/静.bronze.svg,bronze
promotions/镜.svg,promotions/镜.seal.svg,seal
promotions/距.svg,promotions/距.bronze.svg,bronze
promotions/军.svg,promotions/军.bronze.svg,bronze
promotions/科.svg,promotions/科.seal.svg,seal
promotions/壳.svg,promotions/壳.oracle.svg,oracle
promotions/克.svg,promotions/克.oracle.svg,oracle
promotions/空.svg,promotions/空.bronze.svg,bronze
promotions/控.svg,promotions/控.seal.svg,seal
promotions/库.svg,promotions/库.bronze.svg,bronze
promotions/快.svg,promotions/快.seal.svg,seal
promotions/溃.svg,promotions/溃.seal.svg,seal
promotions/拉.svg,promotions/拉.seal.svg,seal
promotions/拦.svg,promotions/拦.seal.svg,seal
promotions/狼.svg,promotions/狼.seal.svg,seal
promotions/雷.svg,promotions/雷.oracle.svg,oracle
promotions/垒.svg,promotions/垒.seal.svg,seal
promotions/离.svg,promotions/离.bronze.svg,bronze
promotions/力.svg,promotions/力.oracle.svg,oracle
promotions/丽.svg,promotions/丽.oracle.svg,oracle
promotions/励.svg,promotions/励.bronze.svg,bronze
promotions/两.svg,promotions/两.bronze.svg,bronze
promotions/烈.svg,promotions/烈.seal.svg,seal
promotions/林.svg,promotions/林.oracle.svg,oracle
promotions/领.svg,promotions/领.seal.svg,seal
promotions/龙.svg,promotions/龙.oracle.svg,oracle
promotions/陆.svg,promotions/陆.oracle.svg,oracle
promotions/掠.svg,promotions/掠.seal.svg,seal
promotions/马.svg,promotions/马.oracle.svg,oracle
promotions/猫.svg,promotions/猫.seal.svg,seal
promotions/母.svg,promotions/母.oracle.svg,oracle
promotions/牧.svg,promotions/牧.oracle.svg,oracle
promotions/幕.svg,promotions/幕.seal.svg,seal
promotions/牌.svg,promotions/牌.seal.svg,seal
promotions/跑.svg,promotions/跑.bronze.svg,bronze
promotions/片.svg,promotions/片.seal.svg,seal
promotions/骗.svg,promotions/骗.seal.svg,seal
promotions/破.svg,promotions/破.seal.svg,seal
promotions/葡.svg,promotions/葡.oracle.svg,oracle
promotions/骑.svg,promotions/骑.bronze.svg,bronze
promotions/器.svg,promotions/器.bronze.svg,bronze
promotions/枪.svg,promotions/枪.seal.svg,seal
promotions/抢.svg,promotions/抢.bronze.svg,bronze
promotions/窃.svg,promotions/窃.seal.svg,seal
promotions/勤.svg,promotions/勤.bronze.svg,bronze
promotions/青.svg,promotions/青.bronze.svg,bronze
promotions/求.svg,promotions/求.oracle.svg,oracle
promotions/区.svg,promotions/区.oracle.svg,oracle
promotions/群.svg,promotions/群.bronze.svg,bronze
promotions/燃.svg,promotions/燃.bronze.svg,bronze
promotions/人.svg,promotions/人.oracle.svg,oracle
promotions/熔.svg,promotions/熔.seal.svg,seal
promotions/蠕.svg,promotions/蠕.seal.svg,seal
promotions/塞.svg,promotions/塞.oracle.svg,oracle
promotions/赛.svg,promotions/赛.seal.svg,seal
promotions/扫.svg,promotions/扫.bronze.svg,bronze
promotions/色.svg,promotions/色.bronze.svg,bronze
promotions/山.svg,promotions/山.oracle.svg,oracle
promotions/烧.svg,promotions/烧.seal.svg,seal
promotions/哨.svg,promotions/哨.seal.svg,seal
promotions/射.svg,promotions/射.oracle.svg,oracle
promotions/升.svg,promotions/升.oracle.svg,oracle
promotions/圣.svg,promotions/圣.oracle.svg,oracle
promotions/师.svg,promotions/师.oracle.svg,oracle
promotions/驶.svg,promotions/驶.oracle.svg,oracle
promotions/士.svg,promotions/士.bronze.svg,bronze
promotions/市.svg,promotions/市.oracle.svg,oracle
promotions/视.svg,promotions/视.oracle.svg,oracle
promotions/收.svg,promotions/收.seal.svg,seal
promotions/手.svg,promotions/手.bronze.svg,bronze
promotions/守.svg,promotions/守.oracle.svg,oracle
promotions/署.svg,promotions/署.seal.svg,seal
promotions/术.svg,promotions/术.oracle.svg,oracle
promotions/栓.svg,promotions/栓.seal.svg,seal
promotions/双.svg,promotions/双.oracle.svg,oracle
promotions/水.svg,promotions/水.oracle.svg,oracle
promotions/说.svg,promotions/说.seal.svg,seal
promotions/司.svg,promotions/司.oracle.svg,oracle
promotions/速.svg,promotions/速.oracle.svg,oracle
promotions/坦.svg,promotions/坦.seal.svg,seal
promotions/萄.svg,promotions/萄.seal.svg,seal
promotions/特.svg,promotions/特.seal.svg,seal
promotions/梯.svg,promotions/梯.seal.svg,seal
promotions/体.svg,promotions/体.bronze.svg,bronze
promotions/铜.svg,promotions/铜.bronze.svg,bronze
promotions/突.svg,promotions/突.oracle.svg,oracle
promotions/徒.svg,promotions/徒.oracle.svg,oracle
promotions/团.svg,promotions/团.bronze.svg,bronze
promotions/推.svg,promotions/推.seal.svg,seal
promotions/退.svg,promotions/退.oracle.svg,oracle
promotions/王.svg,promotions/王.oracle.svg,oracle
promotions/望.svg,promotions/望.oracle.svg,oracle
promotions/韦.svg,promotions/韦.oracle.svg,oracle
promotions/围.svg,promotions/围.bronze.svg,bronze
promotions/维.svg,promotions/维.bronze.svg,bronze
promotions/伪.svg,promotions/伪.seal.svg,seal
promotions/卫.svg,promotions/卫.oracle.svg,oracle
promotions/武.svg,promotions/武.oracle.svg,oracle
promotions/席.svg,promotions/席.bronze.svg,bronze
promotions/先.svg,promotions/先.oracle.svg,oracle
promotions/线.svg,promotions/线.seal.svg,seal
promotions/销.svg,promotions/销.seal.svg,seal
promotions/小.svg,promotions/小.oracle.svg,oracle
promotions/芯.svg,promotions/芯.oracle.svg,oracle
promotions/新.svg,promotions/新.oracle.svg,oracle
promotions/行.svg,promotions/行.oracle.svg,oracle
promotions/形.svg,promotions/形.seal.svg,seal
promotions/性.svg,promotions/性.bronze.svg,bronze
promotions/袖.svg,promotions/袖.seal.svg,seal
promotions/需.svg,promotions/需.bronze.svg,bronze
promotions/学.svg,promotions/学.oracle.svg,oracle
promotions/言.svg,promotions/言.oracle.svg,oracle
promotions/演.svg,promotions/演.seal.svg,seal
promotions/一.svg,promotions/一.oracle.svg,oracle
promotions/依.svg,promotions/依.oracle.svg,oracle
promotions/异.svg,promotions/异.seal.svg,seal
promotions/抑.svg,promotions/抑.oracle.svg,oracle
promotions/译.svg,promotions/译.seal.svg,seal
promotions/翼.svg,promotions/翼.oracle.svg,oracle
promotions/音.svg,promotions/音.bronze.svg,bronze
promotions/银.svg,promotions/银.seal.svg,seal
promotions/隐.svg,promotions/隐.seal.svg,seal
promotions/应.svg,promotions/应.bronze.svg,bronze
promotions/英.svg,promotions/英.bronze.svg,bronze
promotions/用.svg,promotions/用.oracle.svg,oracle
promotions/游.svg,promotions/游.oracle.svg,oracle
promotions/诱.svg,promotions/诱.seal.svg,seal
promotions/鱼.svg,promotions/鱼.oracle.svg,oracle
promotions/雨.svg,promotions/雨.oracle.svg,oracle
promotions/语.svg,promotions/语.bronze.svg,bronze
promotions/预.svg,promotions/预.seal.svg,seal
promotions/御.svg,promotions/御.oracle.svg,oracle
promotions/愈.svg,promotions/愈.bronze.svg,bronze
promotions/员.svg,promotions/员.oracle.svg,oracle
promotions/援.svg,promotions/援.seal.svg,seal
promotions/远.svg,promotions/远.oracle.svg,oracle
promotions/运.svg,promotions/运.seal.svg,seal
promotions/贼.svg,promotions/贼.bronze.svg,bronze
promotions/炸.svg,promotions/炸.bronze.svg,bronze
promotions/战.svg,promotions/战.bronze.svg,bronze
promotions/折.svg,promotions/折.oracle.svg,oracle
promotions/侦.svg,promotions/侦.seal.svg,seal
promotions/阵.svg,promotions/阵.oracle.svg,oracle
promotions/正.svg,promotions/正.oracle.svg,oracle
promotions/支.svg,promotions/支.seal.svg,seal
promotions/制.svg,promotions/制.bronze.svg,bronze
promotions/治.svg,promotions/治.seal.svg,seal
promotions/置.svg,promotions/置.oracle.svg,oracle
promotions/重.svg,promotions/重.oracle.svg,oracle
promotions/助.svg,promotions/助.seal.svg,seal
promotions/驻.svg,promotions/驻.seal.svg,seal
promotions/专.svg,promotions/专.oracle.svg,oracle
promotions/装.svg,promotions/装.seal.svg,seal
promotions/追.svg,promotions/追.oracle.svg,oracle
promotions/子.svg,promotions/子.oracle.svg,oracle
promotions/自.svg,promotions/自.oracle.svg,oracle
promotions/纵.svg,promotions/纵.seal.svg,seal
promotions/阻.svg,promotions/阻.seal.svg,seal
promotions/作.svg,promotions/作.oracle.svg,oracle
proposals/议.svg,proposals/议.bronze.svg,bronze
resources/埃.svg,resources/埃.seal.svg,seal
resources/澳.svg,resources/澳.seal.svg,seal
resources/白.svg,resources/白.oracle.svg,oracle
resources/比.svg,resources/比.oracle.svg,oracle
resources/布.svg,resources/布.bronze.svg,bronze
resources/草.svg,resources/草.seal.svg,seal
resources/茶.svg,resources/茶.seal.svg,seal
resources/场.svg,resources/场.seal.svg,seal
resources/绸.svg,resources/绸.seal.svg,seal
resources/大.svg,resources/大.oracle.svg,oracle
resources/代.svg,resources/代.seal.svg,seal
resources/地.svg,resources/地.bronze.svg,bronze
resources/丁.svg,resources/丁.oracle.svg,oracle
resources/断.svg,resources/断.bronze.svg,bronze
resources/俄.svg,resources/俄.seal.svg,seal
resources/啡.svg,resources/啡.seal.svg,seal
resources/蜂.svg,resources/蜂.seal.svg,seal
resources/柑.svg,resources/柑.oracle.svg,oracle
resources/橄.svg,resources/橄.seal.svg,seal
resources/膏.svg,resources/膏.oracle.svg,oracle
resources/哥.svg,resources/哥.seal.svg,seal
resources/汞.svg,resources/汞.seal.svg,seal
resources/古.svg,resources/古.oracle.svg,oracle
resources/龟.svg,resources/龟.oracle.svg,oracle
resources/桂.svg,resources/桂.seal.svg,seal
resources/海.svg,resources/海.bronze.svg,bronze
resources/琥.svg,resources/琥.seal.svg,seal
resources/花.svg,resources/花.seal.svg,seal
resources/化.svg,resources/化.oracle.svg,oracle
resources/蕉.svg,resources/蕉.seal.svg,seal
resources/金.svg,resources/金.bronze.svg,bronze
resources/鲸.svg,resources/鲸.seal.svg,seal
resources/景.svg,resources/景.seal.svg,seal
resources/酒.svg,resources/酒.oracle.svg,oracle
resources/橘.svg,resources/橘.seal.svg,seal
resources/具.svg,resources/具.oracle.svg,oracle
resources/军.svg,resources/军.bronze.svg,bronze
resources/咖.svg,resources/咖.seal.svg,seal
resources/裤.svg,resources/裤.seal.svg,seal
resources/扩.svg,resources/扩.seal.svg,seal
resources/榄.svg,resources/榄.seal.svg,seal
resources/雷.svg,resources/雷.oracle.svg,oracle
resources/理.svg,resources/理.bronze.svg,bronze
resources/利.svg,resources/利.oracle.svg,oracle
resources/料.svg,resources/料.bronze.svg,bronze
resources/垄.svg,resources/垄.bronze.svg,bronze
resources/鹿.svg,resources/鹿.oracle.svg,oracle
resources/露.svg,resources/露.seal.svg,seal
resources/铝.svg,resources/铝.bronze.svg,bronze
resources/伦.svg,resources/伦.seal.svg,seal
resources/马.svg,resources/马.oracle.svg,oracle
resources/玛.svg,resources/玛.oracle.svg,oracle
resources/麦.svg,resources/麦.oracle.svg,oracle
resources/毛.svg,resources/毛.bronze.svg,bronze
resources/煤.svg,resources/煤.seal.svg,seal
resources/米.svg,resources/米.oracle.svg,oracle
resources/蜜.svg,resources/蜜.seal.svg,seal
resources/棉.svg,resources/棉.seal.svg,seal
resources/木.svg,resources/木.oracle.svg,oracle
resources/难.svg,resources/难.bronze.svg,bronze
resources/牛.svg,resources/牛.oracle.svg,oracle
resources/螃.svg,resources/螃.seal.svg,seal
resources/皮.svg,resources/皮.bronze.svg,bronze
resources/匹.svg,resources/匹.bronze.svg,bronze
resources/品.svg,resources/品.oracle.svg,oracle
resources/珀.svg,resources/珀.seal.svg,seal
resources/葡.svg,resources/葡.oracle.svg,oracle
resources/漆.svg,resources/漆.bronze.svg,bronze
resources/企.svg,resources/企.oracle.svg,oracle
resources/情.svg,resources/情.seal.svg,seal
resources/染.svg,resources/染.seal.svg,seal
resources/肉.svg,resources/肉.oracle.svg,oracle
resources/塞.svg,resources/塞.oracle.svg,oracle
resources/色.svg,resources/色.bronze.svg,bronze
resources/石.svg,resources/石.oracle.svg,oracle
resources/水.svg,resources/水.oracle.svg,oracle
resources/丝.svg,resources/丝.oracle.svg,oracle
resources/松.svg,resources/松.bronze.svg,bronze
resources/炭.svg,resources/炭.seal.svg,seal
resources/糖.svg,resources/糖.seal.svg,seal
resources/萄.svg,resources/萄.seal.svg,seal
resources/铁.svg,resources/铁.seal.svg,seal
resources/铜.svg,resources/铜.bronze.svg,bronze
resources/头.svg,resources/头.bronze.svg,bronze
resources/团.svg,resources/团.bronze.svg,bronze
resources/瓦.svg,resources/瓦.seal.svg,seal
resources/玩.svg,resources/玩.seal.svg,seal
resources/线.svg,resources/线.seal.svg,seal
resources/香.svg,resources/香.oracle.svg,oracle
resources/象.svg,resources/象.oracle.svg,oracle
resources/硝.svg,resources/硝.seal.svg,seal
resources/小.svg,resources/小.oracle.svg,oracle
resources/蟹.svg,resources/蟹.seal.svg,seal
resources/牙.svg,resources/牙.bronze.svg,bronze
resources/雅.svg,resources/雅.seal.svg,seal
resources/亚.svg,resources/亚.oracle.svg,oracle
resources/烟.svg,resources/烟.bronze.svg,bronze
resources/盐.svg,resources/盐.bronze.svg,bronze
resources/羊.svg,resources/羊.oracle.svg,oracle
resources/业.svg,resources/业.bronze.svg,bronze
resources/遗.svg,resources/遗.bronze.svg,bronze
resources/银.svg,resources/银.seal.svg,seal
resources/油.svg,resources/油.bronze.svg,bronze
resources/铀.svg,resources/铀.seal.svg,seal
resources/鱼.svg,resources/鱼.oracle.svg,oracle
resources/玉.svg,resources/玉.oracle.svg,oracle
resources/源.svg,resources/源.seal.svg,seal
resources/展.svg,resources/展.seal.svg,seal
resources/珍.svg,resources/珍.seal.svg,seal
resources/址.svg,resources/址.seal.svg,seal
resources/珠.svg,resources/珠.seal.svg,seal
resources/妆.svg,resources/妆.oracle.svg,oracle
resources/资.svg,resources/资.seal.svg,seal
resources/子.svg,resources/子.oracle.svg,oracle
resources/仔.svg,resources/仔.seal.svg,seal
resources/钻.svg,resources/钻.seal.svg,seal
routes/商.svg,routes/商.oracle.svg,oracle
stats/案.svg,stats/案.seal.svg,seal
stats/巴.svg,stats/巴.oracle.svg,oracle
stats/比.svg,stats/比.oracle.svg,oracle
stats/便.svg,stats/便.bronze.svg,bronze
stats/别.svg,stats/别.oracle.svg,oracle
stats/厕.svg,stats/厕.seal.svg,seal
stats/策.svg,stats/策.bronze.svg,bronze
stats/差.svg,stats/差.bronze.svg,bronze
stats/成.svg,stats/成.oracle.svg,oracle
stats/城.svg,stats/城.bronze.svg,bronze
stats/程.svg,stats/程.bronze.svg,bronze
stats/大.svg,stats/大.oracle.svg,oracle
stats/单.svg,stats/单.oracle.svg,oracle
stats/地.svg,stats/地.bronze.svg,bronze
stats/点.svg,stats/点.seal.svg,seal
stats/动.svg,stats/动.bronze.svg,bronze
stats/独.svg,stats/独.seal.svg,seal
stats/度.svg,stats/度.oracle.svg,oracle
stats/队.svg,stats/队.oracle.svg,oracle
stats/范.svg,stats/范.bronze.svg,bronze
stats/防.svg,stats/防.seal.svg,seal
stats/房.svg,stats/房.seal.svg,seal
stats/访.svg,stats/访.seal.svg,seal
stats/费.svg,stats/费.bronze.svg,bronze
stats/否.svg,stats/否.bronze.svg,bronze
stats/府.svg,stats/府.bronze.svg,bronze
stats/改.svg,stats/改.oracle.svg,oracle
stats/概.svg,stats/概.seal.svg,seal
stats/工.svg,stats/工.oracle.svg,oracle
stats/公.svg,stats/公.oracle.svg,oracle
stats/关.svg,stats/关.oracle.svg,oracle
stats/滚.svg,stats/滚.seal.svg,seal
stats/过.svg,stats/过.bronze.svg,bronze
stats/海.svg,stats/海.bronze.svg,bronze
stats/害.svg,stats/害.bronze.svg,bronze
stats/轰.svg,stats/轰.seal.svg,seal
stats/化.svg,stats/化.oracle.svg,oracle
stats/话.svg,stats/话.bronze.svg,bronze
stats/击.svg,stats/击.seal.svg,seal
stats/级.svg,stats/级.seal.svg,seal
stats/急.svg,stats/急.seal.svg,seal
stats/计.svg,stats/计.seal.svg,seal
stats/记.svg,stats/记.bronze.svg,bronze
stats/迹.svg,stats/迹.bronze.svg,bronze
stats/建.svg,stats/建.oracle.svg,oracle
stats/交.svg,stats/交.seal.svg,seal
stats/教.svg,stats/教.oracle.svg,oracle
stats/截.svg,stats/截.seal.svg,seal
stats/界.svg,stats/界.seal.svg,seal
stats/紧.svg,stats/紧.seal.svg,seal
stats/晋.svg,stats/晋.oracle.svg,oracle
stats/竞.svg,stats/竞.oracle.svg,oracle
stats/据.svg,stats/据.seal.svg,seal
stats/决.svg,stats/决.seal.svg,seal
stats/空.svg,stats/空.bronze.svg,bronze
stats/况.svg,stats/况.oracle.svg,oracle
stats/扩.svg,stats/扩.seal.svg,seal
stats/拦.svg,stats/拦.seal.svg,seal
stats/乐.svg,stats/乐.oracle.svg,oracle
stats/理.svg,stats/理.bronze.svg,bronze
stats/力.svg,stats/力.oracle.svg,oracle
stats/立.svg,stats/立.oracle.svg,oracle
stats/利.svg,stats/利.oracle.svg,oracle
stats/联.svg,stats/联.oracle.svg,oracle
stats/量.svg,stats/量.oracle.svg,oracle
stats/列.svg,stats/列.bronze.svg,bronze
stats/录.svg,stats/录.oracle.svg,oracle
stats/伦.svg,stats/伦.seal.svg,seal
stats/贸.svg,stats/贸.bronze.svg,bronze
stats/们.svg,stats/们.seal.svg,seal
stats/盟.svg,stats/盟.oracle.svg,oracle
stats/眠.svg,stats/眠.seal.svg,seal
stats/民.svg,stats/民.oracle.svg,oracle
stats/命.svg,stats/命.oracle.svg,oracle
stats/目.svg,stats/目.oracle.svg,oracle
stats/票.svg,stats/票.seal.svg,seal
stats/品.svg,stats/品.oracle.svg,oracle
stats/平.svg,stats/平.bronze.svg,bronze
stats/其.svg,stats/其.oracle.svg,oracle
stats/奇.svg,stats/奇.seal.svg,seal
stats/器.svg,stats/器.bronze.svg,bronze
stats/强.svg,stats/强.seal.svg,seal
stats/情.svg,stats/情.seal.svg,seal
stats/请.svg,stats/请.bronze.svg,bronze
stats/求.svg,stats/求.oracle.svg,oracle
stats/区.svg,stats/区.oracle.svg,oracle
stats/屈.svg,stats/屈.bronze.svg,bronze
stats/人.svg,stats/人.oracle.svg,oracle
stats/赛.svg,stats/赛.seal.svg,seal
stats/设.svg,stats/设.seal.svg,seal
stats/升.svg,stats/升.oracle.svg,oracle
stats/胜.svg,stats/胜.seal.svg,seal
stats/施.svg,stats/施.seal.svg,seal
stats/世.svg,stats/世.bronze.svg,bronze
stats/市.svg,stats/市.oracle.svg,oracle
stats/寿.svg,stats/寿.bronze.svg,bronze
stats/售.svg,stats/售.seal.svg,seal
stats/述.svg,stats/述.bronze.svg,bronze
stats/数.svg,stats/数.bronze.svg,bronze
stats/水.svg,stats/水.oracle.svg,oracle
stats/睡.svg,stats/睡.seal.svg,seal
stats/损.svg,stats/损.seal.svg,seal
stats/所.svg,stats/所.bronze.svg,bronze
stats/他.svg,stats/他.seal.svg,seal
stats/藤.svg,stats/藤.bronze.svg,bronze
stats/提.svg,stats/提.seal.svg,seal
stats/跳.svg,stats/跳.seal.svg,seal
stats/统.svg,stats/统.seal.svg,seal
stats/投.svg,stats/投.seal.svg,seal
stats/土.svg,stats/土.oracle.svg,oracle
stats/围.svg,stats/围.bronze.svg,bronze
stats/伟.svg,stats/伟.seal.svg,seal
stats/委.svg,stats/委.oracle.svg,oracle
stats/位.svg,stats/位.bronze.svg,bronze
stats/文.svg,stats/文.oracle.svg,oracle
stats/问.svg,stats/问.oracle.svg,oracle
stats/我.svg,stats/我.oracle.svg,oracle
stats/物.svg,stats/物.oracle.svg,oracle
stats/系.svg,stats/系.oracle.svg,oracle
stats/闲.svg,stats/闲.bronze.svg,bronze
stats/项.svg,stats/项.seal.svg,seal
stats/销.svg,stats/销.seal.svg,seal
stats/协.svg,stats/协.bronze.svg,bronze
stats/形.svg,stats/形.seal.svg,seal
stats/修.svg,stats/修.seal.svg,seal
stats/宣.svg,stats/宣.oracle.svg,oracle
stats/压.svg,stats/压.seal.svg,seal
stats/摇.svg,stats/摇.seal.svg,seal
stats/议.svg,stats/议.bronze.svg,bronze
stats/易.svg,stats/易.oracle.svg,oracle
stats/用.svg,stats/用.oracle.svg,oracle
stats/由.svg,stats/由.oracle.svg,oracle
stats/御.svg,stats/御.oracle.svg,oracle
stats/援.svg,stats/援.seal.svg,seal
stats/源.svg,stats/源.seal.svg,seal
stats/赞.svg,stats/赞.seal.svg,seal
stats/造.svg,stats/造.bronze.svg,bronze
stats/展.svg,stats/展.seal.svg,seal
stats/战.svg,stats/战.bronze.svg,bronze
stats/长.svg,stats/长.oracle.svg,oracle
stats/政.svg,stats/政.oracle.svg,oracle
stats/置.svg,stats/置.oracle.svg,oracle
stats/州.svg,stats/州.oracle.svg,oracle
stats/住.svg,stats/住.seal.svg,seal
stats/助.svg,stats/助.seal.svg,seal
stats/筑.svg,stats/筑.seal.svg,seal
stats/资.svg,stats/资.seal.svg,seal
stats/宗.svg,stats/宗.oracle.svg,oracle
stats/作.svg,stats/作.oracle.svg,oracle
status/败.svg,status/败.oracle.svg,oracle
status/成.svg,status/成.oracle.svg,oracle
status/谍.svg,status/谍.seal.svg,seal
status/盾.svg,status/盾.oracle.svg,oracle
status/功.svg,status/功.bronze.svg,bronze
status/果.svg,status/果.bronze.svg,bronze
status/和.svg,status/和.bronze.svg,bronze
status/毁.svg,status/毁.bronze.svg,bronze
status/获.svg,status/获.oracle.svg,oracle
status/击.svg,status/击.seal.svg,seal
status/级.svg,status/级.seal.svg,seal
status/间.svg,status/间.bronze.svg,bronze
status/降.svg,status/降.oracle.svg,oracle
status/结.svg,status/结.seal.svg,seal
status/戎.svg,status/戎.oracle.svg,oracle
status/升.svg,status/升.oracle.svg,oracle
status/失.svg,status/失.bronze.svg,bronze
status/提.svg,status/提.seal.svg,seal
status/医.svg,status/医.seal.svg,seal
status/造.svg,status/造.bronze.svg,bronze
status/止.svg,status/止.oracle.svg,oracle
status/抓.svg,status/抓.seal.svg,seal
status/踪.svg,status/踪.bronze.svg,bronze
status/足.svg,status/足.oracle.svg,oracle
teams/标.svg,teams/标.seal.svg,seal
teams/带.svg,teams/带.oracle.svg,oracle
teams/队.svg,teams/队.oracle.svg,oracle
teams/丝.svg,teams/丝.oracle.svg,oracle
teams/图.svg,teams/图.bronze.svg,bronze
teams/团.svg,teams/团.bronze.svg,bronze
technologies/班.svg,technologies/班.bronze.svg,bronze
technologies/搬.svg,technologies/搬.seal.svg,seal
technologies/堡.svg,technologies/堡.oracle.svg,oracle
technologies/币.svg,technologies/币.seal.svg,seal
technologies/变.svg,technologies/变.bronze.svg,bronze
technologies/兵.svg,technologies/兵.oracle.svg,oracle
technologies/材.svg,technologies/材.seal.svg,seal
technologies/测.svg,technologies/测.bronze.svg,bronze
technologies/产.svg,technologies/产.bronze.svg,bronze
technologies/场.svg,technologies/场.seal.svg,seal
technologies/成.svg,technologies/成.oracle.svg,oracle
technologies/城.svg,technologies/城.bronze.svg,bronze
technologies/程.svg,technologies/程.bronze.svg,bronze
technologies/池.svg,technologies/池.bronze.svg,bronze
technologies/持.svg,technologies/持.bronze.svg,bronze
technologies/畜.svg,technologies/畜.oracle.svg,oracle
technologies/船.svg,technologies/船.bronze.svg,bronze
technologies/大.svg,technologies/大.oracle.svg,oracle
technologies/弹.svg,technologies/弹.oracle.svg,oracle
technologies/导.svg,technologies/导.seal.svg,seal
technologies/道.svg,technologies/道.bronze.svg,bronze
technologies/德.svg,technologies/德.oracle.svg,oracle
technologies/镫.svg,technologies/镫.seal.svg,seal
technologies/电.svg,technologies/电.bronze.svg,bronze
technologies/钓.svg,technologies/钓.bronze.svg,bronze
technologies/动.svg,technologies/动.bronze.svg,bronze
technologies/队.svg,technologies/队.oracle.svg,oracle
technologies/盾.svg,technologies/盾.oracle.svg,oracle
technologies/尔.svg,technologies/尔.bronze.svg,bronze
technologies/发.svg,technologies/发.oracle.svg,oracle
technologies/方.svg,technologies/方.oracle.svg,oracle
technologies/防.svg,technologies/防.seal.svg,seal
technologies/飞.svg,technologies/飞.seal.svg,seal
technologies/复.svg,technologies/复.oracle.svg,oracle
technologies/溉.svg,technologies/溉.bronze.svg,bronze
technologies/钢.svg,technologies/钢.oracle.svg,oracle
technologies/高.svg,technologies/高.oracle.svg,oracle
technologies/更.svg,technologies/更.oracle.svg,oracle
technologies/工.svg,technologies/工.oracle.svg,oracle
technologies/攻.svg,technologies/攻.bronze.svg,bronze
technologies/灌.svg,technologies/灌.seal.svg,seal
technologies/光.svg,technologies/光.oracle.svg,oracle
technologies/海.svg,technologies/海.bronze.svg,bronze
technologies/航.svg,technologies/航.seal.svg,seal
technologies/合.svg,technologies/合.oracle.svg,oracle
technologies/核.svg,technologies/核.seal.svg,seal
technologies/黑.svg,technologies/黑.oracle.svg,oracle
technologies/化.svg,technologies/化.oracle.svg,oracle
technologies/换.svg,technologies/换.seal.svg,seal
technologies/火.svg,technologies/火.oracle.svg,oracle
technologies/货.svg,technologies/货.seal.svg,seal
technologies/霍.svg,technologies/霍.oracle.svg,oracle
technologies/机.svg,technologies/机.seal.svg,seal
technologies/激.svg,technologies/激.seal.svg,seal
technologies/级.svg,technologies/级.seal.svg,seal
technologies/集.svg,technologies/集.oracle.svg,oracle
technologies/纪.svg,technologies/纪.bronze.svg,bronze
technologies/技.svg,technologies/技.seal.svg,seal
technologies/济.svg,technologies/济.bronze.svg,bronze
technologies/加.svg,technologies/加.bronze.svg,bronze
technologies/件.svg,technologies/件.seal.svg,seal
technologies/建.svg,technologies/建.oracle.svg,oracle
technologies/箭.svg,technologies/箭.bronze.svg,bronze
technologies/教.svg,technologies/教.oracle.svg,oracle
technologies/解.svg,technologies/解.oracle.svg,oracle
technologies/金.svg,technologies/金.bronze.svg,bronze
technologies/进.svg,technologies/进.oracle.svg,oracle
technologies/京.svg,technologies/京.oracle.svg,oracle
technologies/经.svg,technologies/经.bronze.svg,bronze
technologies/精.svg,technologies/精.seal.svg,seal
technologies/景.svg,technologies/景.seal.svg,seal
technologies/具.svg,technologies/具.oracle.svg,oracle
technologies/聚.svg,technologies/聚.seal.svg,seal
technologies/军.svg,technologies/军.bronze.svg,bronze
technologies/科.svg,technologies/科.seal.svg,seal
technologies/客.svg,technologies/客.bronze.svg,bronze
technologies/控.svg,technologies/控.seal.svg,seal
technologies/矿.svg,technologies/矿.seal.svg,seal
technologies/扩.svg,technologies/扩.seal.svg,seal
technologies/来.svg,technologies/来.oracle.svg,oracle
technologies/黎.svg,technologies/黎.seal.svg,seal
technologies/理.svg,technologies/理.bronze.svg,bronze
technologies/力.svg,technologies/力.oracle.svg,oracle
technologies/联.svg,technologies/联.oracle.svg,oracle
technologies/量.svg,technologies/量.oracle.svg,oracle
technologies/料.svg,technologies/料.bronze.svg,bronze
technologies/裂.svg,technologies/裂.seal.svg,seal
technologies/零.svg,technologies/零.seal.svg,seal
technologies/令.svg,technologies/令.oracle.svg,oracle
technologies/露.svg,technologies/露.seal.svg,seal
technologies/轮.svg,technologies/轮.bronze.svg,bronze
technologies/论.svg,technologies/论.bronze.svg,bronze
technologies/马.svg,technologies/马.oracle.svg,oracle
technologies/矛.svg,technologies/矛.bronze.svg,bronze
technologies/米.svg,technologies/米.oracle.svg,oracle
technologies/明.svg,technologies/明.oracle.svg,oracle
technologies/命.svg,technologies/命.oracle.svg,oracle
technologies/木.svg,technologies/木.oracle.svg,oracle
technologies/牧.svg,technologies/牧.oracle.svg,oracle
technologies/墓.svg,technologies/墓.seal.svg,seal
technologies/纳.svg,technologies/纳.bronze.svg,bronze
technologies/脑.svg,technologies/脑.seal.svg,seal
technologies/能.svg,technologies/能.bronze.svg,bronze
technologies/炮.svg,technologies/炮.seal.svg,seal
technologies/批.svg,technologies/批.bronze.svg,bronze
technologies/品.svg,technologies/品.oracle.svg,oracle
technologies/骑.svg,technologies/骑.bronze.svg,bronze
technologies/汽.svg,technologies/汽.seal.svg,seal
technologies/器.svg,technologies/器.bronze.svg,bronze
technologies/墙.svg,technologies/墙.oracle.svg,oracle
technologies/勤.svg,technologies/勤.bronze.svg,bronze
technologies/青.svg,technologies/青.bronze.svg,bronze
technologies/燃.svg,technologies/燃.bronze.svg,bronze
technologies/人.svg,technologies/人.oracle.svg,oracle
technologies/任.svg,technologies/任.oracle.svg,oracle
technologies/烧.svg,technologies/烧.seal.svg,seal
technologies/射.svg,technologies/射.oracle.svg,oracle
technologies/生.svg,technologies/生.oracle.svg,oracle
technologies/石.svg,technologies/石.oracle.svg,oracle
technologies/世.svg,technologies/世.bronze.svg,bronze
technologies/市.svg,technologies/市.oracle.svg,oracle
technologies/事.svg,technologies/事.oracle.svg,oracle
technologies/收.svg,technologies/收.seal.svg,seal
technologies/属.svg,technologies/属.bronze.svg,bronze
technologies/术.svg,technologies/术.oracle.svg,oracle
technologies/数.svg,technologies/数.bronze.svg,bronze
technologies/刷.svg,technologies/刷.seal.svg,seal
technologies/斯.svg,technologies/斯.bronze.svg,bronze
technologies/塑.svg,technologies/塑.oracle.svg,oracle
technologies/索.svg,technologies/索.oracle.svg,oracle
technologies/锁.svg,technologies/锁.seal.svg,seal
technologies/膛.svg,technologies/膛.bronze.svg,bronze
technologies/陶.svg,technologies/陶.bronze.svg,bronze
technologies/特.svg,technologies/特.seal.svg,seal
technologies/天.svg,technologies/天.oracle.svg,oracle
technologies/铁.svg,technologies/铁.seal.svg,seal
technologies/铜.svg,technologies/铜.bronze.svg,bronze
technologies/统.svg,technologies/统.seal.svg,seal
technologies/透.svg,technologies/透.seal.svg,seal
technologies/图.svg,technologies/图.bronze.svg,bronze
technologies/徒.svg,technologies/徒.oracle.svg,oracle
technologies/土.svg,technologies/土.oracle.svg,oracle
technologies/维.svg,technologies/维.bronze.svg,bronze
technologies/伟.svg,technologies/伟.seal.svg,seal
technologies/卫.svg,technologies/卫.oracle.svg,oracle
technologies/未.svg,technologies/未.oracle.svg,oracle
technologies/文.svg,technologies/文.oracle.svg,oracle
technologies/务.svg,technologies/务.bronze.svg,bronze
technologies/系.svg,technologies/系.oracle.svg,oracle
technologies/先.svg,technologies/先.oracle.svg,oracle
technologies/线.svg,technologies/线.seal.svg,seal
technologies/写.svg,technologies/写.seal.svg,seal
technologies/械.svg,technologies/械.seal.svg,seal
technologies/信.svg,technologies/信.bronze.svg,bronze
technologies/星.svg,technologies/星.oracle.svg,oracle
technologies/行.svg,technologies/行.oracle.svg,oracle
technologies/形.svg,technologies/形.seal.svg,seal
technologies/学.svg,technologies/学.oracle.svg,oracle
technologies/药.svg,technologies/药.bronze.svg,bronze
technologies/业.svg,technologies/业.bronze.svg,bronze
technologies/异.svg,technologies/异.seal.svg,seal
technologies/音.svg,technologies/音.bronze.svg,bronze
technologies/银.svg,technologies/银.seal.svg,seal
technologies/隐.svg,technologies/隐.seal.svg,seal
technologies/印.svg,technologies/印.oracle.svg,oracle
technologies/鱼.svg,technologies/鱼.oracle.svg,oracle
technologies/育.svg,technologies/育.oracle.svg,oracle
technologies/预.svg,technologies/预.seal.svg,seal
technologies/御.svg,technologies/御.oracle.svg,oracle
technologies/运.svg,technologies/运.seal.svg,seal
technologies/葬.svg,technologies/葬.oracle.svg,oracle
technologies/造.svg,technologies/造.bronze.svg,bronze
technologies/展.svg,technologies/展.seal.svg,seal
technologies/占.svg,technologies/占.oracle.svg,oracle
technologies/战.svg,technologies/战.bronze.svg,bronze
technologies/长.svg,technologies/长.oracle.svg,oracle
technologies/蒸.svg,technologies/蒸.seal.svg,seal
technologies/支.svg,technologies/支.seal.svg,seal
technologies/制.svg,technologies/制.bronze.svg,bronze
technologies/智.svg,technologies/智.oracle.svg,oracle
technologies/重.svg,technologies/重.oracle.svg,oracle
technologies/筑.svg,technologies/筑.seal.svg,seal
technologies/铸.svg,technologies/铸.oracle.svg,oracle
technologies/子.svg,technologies/子.oracle.svg,oracle
technologies/作.svg,technologies/作.oracle.svg,oracle
terrain/埃.svg,terrain/埃.seal.svg,seal
terrain/岸.svg,terrain/岸.seal.svg,seal
terrain/奥.svg,terrain/奥.seal.svg,seal
terrain/澳.svg,terrain/澳.seal.svg,seal
terrain/巴.svg,terrain/巴.oracle.svg,oracle
terrain/白.svg,terrain/白.oracle.svg,oracle
terrain/百.svg,terrain/百.oracle.svg,oracle
terrain/堡.svg,terrain/堡.oracle.svg,oracle
terrain/比.svg,terrain/比.oracle.svg,oracle
terrain/标.svg,terrain/标.seal.svg,seal
terrain/冰.svg,terrain/冰.bronze.svg,bronze
terrain/布.svg,terrain/布.bronze.svg,bronze
terrain/草.svg,terrain/草.seal.svg,seal
terrain/场.svg,terrain/场.seal.svg,seal
terrain/出.svg,terrain/出.oracle.svg,oracle
terrain/川.svg,terrain/川.oracle.svg,oracle
terrain/春.svg,terrain/春.oracle.svg,oracle
terrain/丛.svg,terrain/丛.bronze.svg,bronze
terrain/大.svg,terrain/大.oracle.svg,oracle
terrain/丹.svg,terrain/丹.oracle.svg,oracle
terrain/岛.svg,terrain/岛.seal.svg,seal
terrain/道.svg,terrain/道.bronze.svg,bronze
terrain/德.svg,terrain/德.oracle.svg,oracle
terrain/地.svg,terrain/地.bronze.svg,bronze
terrain/堤.svg,terrain/堤.seal.svg,seal
terrain/蒂.svg,terrain/蒂.seal.svg,seal
terrain/点.svg,terrain/点.seal.svg,seal
terrain/度.svg,terrain/度.oracle.svg,oracle
terrain/多.svg,terrain/多.oracle.svg,oracle
terrain/恩.svg,terrain/恩.seal.svg,seal
terrain/尔.svg,terrain/尔.bronze.svg,bronze
terrain/泛.svg,terrain/泛.seal.svg,seal
terrain/菲.svg,terrain/菲.seal.svg,seal
terrain/峰.svg,terrain/峰.seal.svg,seal
terrain/佛.svg,terrain/佛.seal.svg,seal
terrain/阜.svg,terrain/阜.oracle.svg,oracle
terrain/盖.svg,terrain/盖.oracle.svg,oracle
terrain/戈.svg,terrain/戈.oracle.svg,oracle
terrain/哥.svg,terrain/哥.seal.svg,seal
terrain/功.svg,terrain/功.bronze.svg,bronze
terrain/拱.svg,terrain/拱.seal.svg,seal
terrain/鬼.svg,terrain/鬼.oracle.svg,oracle
terrain/哈.svg,terrain/哈.seal.svg,seal
terrain/海.svg,terrain/海.bronze.svg,bronze
terrain/河.svg,terrain/河.oracle.svg,oracle
terrain/宏.svg,terrain/宏.seal.svg,seal
terrain/洪.svg,terrain/洪.seal.svg,seal
terrain/湖.svg,terrain/湖.bronze.svg,bronze
terrain/花.svg,terrain/花.seal.svg,seal
terrain/毁.svg,terrain/毁.bronze.svg,bronze
terrain/彗.svg,terrain/彗.oracle.svg,oracle
terrain/火.svg,terrain/火.oracle.svg,oracle
terrain/基.svg,terrain/基.oracle.svg,oracle
terrain/吉.svg,terrain/吉.oracle.svg,oracle
terrain/加.svg,terrain/加.bronze.svg,bronze
terrain/礁.svg,terrain/礁.bronze.svg,bronze
terrain/角.svg,terrain/角.oracle.svg,oracle
terrain/京.svg,terrain/京.oracle.svg,oracle
terrain/精.svg,terrain/精.seal.svg,seal
terrain/景.svg,terrain/景.seal.svg,seal
terrain/局.svg,terrain/局.seal.svg,seal
terrain/巨.svg,terrain/巨.bronze.svg,bronze
terrain/具.svg,terrain/具.oracle.svg,oracle
terrain/克.svg,terrain/克.oracle.svg,oracle
terrain/空.svg,terrain/空.bronze.svg,bronze
terrain/口.svg,terrain/口.oracle.svg,oracle
terrain/扩.svg,terrain/扩.seal.svg,seal
terrain/拉.svg,terrain/拉.seal.svg,seal
terrain/赖.svg,terrain/赖.seal.svg,seal
terrain/朗.svg,terrain/朗.seal.svg,seal
terrain/雷.svg,terrain/雷.oracle.svg,oracle
terrain/力.svg,terrain/力.oracle.svg,oracle
terrain/利.svg,terrain/利.oracle.svg,oracle
terrain/裂.svg,terrain/裂.seal.svg,seal
terrain/林.svg,terrain/林.oracle.svg,oracle
terrain/陵.svg,terrain/陵.bronze.svg,bronze
terrain/龙.svg,terrain/龙.oracle.svg,oracle
terrain/鲁.svg,terrain/鲁.oracle.svg,oracle
terrain/吕.svg,terrain/吕.oracle.svg,oracle
terrain/绿.svg,terrain/绿.oracle.svg,oracle
terrain/伦.svg,terrain/伦.seal.svg,seal
terrain/罗.svg,terrain/罗.oracle.svg,oracle
terrain/马.svg,terrain/马.oracle.svg,oracle
terrain/玛.svg,terrain/玛.oracle.svg,oracle
terrain/美.svg,terrain/美.oracle.svg,oracle
terrain/门.svg,terrain/门.oracle.svg,oracle
terrain/棉.svg,terrain/棉.seal.svg,seal
terrain/魔.svg,terrain/魔.seal.svg,seal
terrain/漠.svg,terrain/漠.seal.svg,seal
terrain/慕.svg,terrain/慕.bronze.svg,bronze
terrain/穆.svg,terrain/穆.oracle.svg,oracle
terrain/纳.svg,terrain/纳.bronze.svg,bronze
terrain/能.svg,terrain/能.bronze.svg,bronze
terrain/尼.svg,terrain/尼.seal.svg,seal
terrain/泥.svg,terrain/泥.seal.svg,seal
terrain/努.svg,terrain/努.seal.svg,seal
terrain/帕.svg,terrain/帕.seal.svg,seal
terrain/派.svg,terrain/派.seal.svg,seal
terrain/潘.svg,terrain/潘.bronze.svg,bronze
terrain/皮.svg,terrain/皮.bronze.svg,bronze
terrain/平.svg,terrain/平.bronze.svg,bronze
terrain/乞.svg,terrain/乞.oracle.svg,oracle
terrain/巧.svg,terrain/巧.seal.svg,seal
terrain/青.svg,terrain/青.bronze.svg,bronze
terrain/丘.svg,terrain/丘.oracle.svg,oracle
terrain/区.svg,terrain/区.oracle.svg,oracle
terrain/泉.svg,terrain/泉.oracle.svg,oracle
terrain/群.svg,terrain/群.bronze.svg,bronze
terrain/燃.svg,terrain/燃.bronze.svg,bronze
terrain/热.svg,terrain/热.seal.svg,seal
terrain/人.svg,terrain/人.oracle.svg,oracle
terrain/撒.svg,terrain/撒.seal.svg,seal
terrain/三.svg,terrain/三.oracle.svg,oracle
terrain/色.svg,terrain/色.bronze.svg,bronze
terrain/瑟.svg,terrain/瑟.seal.svg,seal
terrain/森.svg,terrain/森.oracle.svg,oracle
terrain/沙.svg,terrain/沙.bronze.svg,bronze
terrain/山.svg,terrain/山.oracle.svg,oracle
terrain/烧.svg,terrain/烧.seal.svg,seal
terrain/胜.svg,terrain/胜.seal.svg,seal
terrain/湿.svg,terrain/湿.seal.svg,seal
terrain/石.svg,terrain/石.oracle.svg,oracle
terrain/是.svg,terrain/是.bronze.svg,bronze
terrain/水.svg,terrain/水.oracle.svg,oracle
terrain/斯.svg,terrain/斯.bronze.svg,bronze
terrain/死.svg,terrain/死.oracle.svg,oracle
terrain/苏.svg,terrain/苏.bronze.svg,bronze
terrain/塔.svg,terrain/塔.seal.svg,seal
terrain/苔.svg,terrain/苔.seal.svg,seal
terrain/坦.svg,terrain/坦.seal.svg,seal
terrain/特.svg,terrain/特.seal.svg,seal
terrain/田.svg,terrain/田.oracle.svg,oracle
terrain/土.svg,terrain/土.oracle.svg,oracle
terrain/托.svg,terrain/托.oracle.svg,oracle
terrain/湾.svg,terrain/湾.seal.svg,seal
terrain/威.svg,terrain/威.bronze.svg,bronze
terrain/维.svg,terrain/维.bronze.svg,bronze
terrain/乌.svg,terrain/乌.bronze.svg,bronze
terrain/西.svg,terrain/西.oracle.svg,oracle
terrain/希.svg,terrain/希.seal.svg,seal
terrain/隙.svg,terrain/隙.seal.svg,seal
terrain/峡.svg,terrain/峡.seal.svg,seal
terrain/霞.svg,terrain/霞.seal.svg,seal
terrain/心.svg,terrain/心.oracle.svg,oracle
terrain/辛.svg,terrain/辛.oracle.svg,oracle
terrain/星.svg,terrain/星.oracle.svg,oracle
terrain/形.svg,terrain/形.seal.svg,seal
terrain/性.svg,terrain/性.bronze.svg,bronze
terrain/悬.svg,terrain/悬.bronze.svg,bronze
terrain/雪.svg,terrain/雪.oracle.svg,oracle
terrain/崖.svg,terrain/崖.seal.svg,seal
terrain/雅.svg,terrain/雅.seal.svg,seal
terrain/亚.svg,terrain/亚.oracle.svg,oracle
terrain/眼.svg,terrain/眼.seal.svg,seal
terrain/洋.svg,terrain/洋.seal.svg,seal
terrain/掖.svg,terrain/掖.seal.svg,seal
terrain/伊.svg,terrain/伊.oracle.svg,oracle
terrain/以.svg,terrain/以.oracle.svg,oracle
terrain/印.svg,terrain/印.oracle.svg,oracle
terrain/优.svg,terrain/优.seal.svg,seal
terrain/原.svg,terrain/原.bronze.svg,bronze
terrain/泽.svg,terrain/泽.seal.svg,seal
terrain/扎.svg,terrain/扎.seal.svg,seal
terrain/展.svg,terrain/展.seal.svg,seal
terrain/张.svg,terrain/张.bronze.svg,bronze
terrain/障.svg,terrain/障.seal.svg,seal
terrain/沼.svg,terrain/沼.seal.svg,seal
terrain/征.svg,terrain/征.oracle.svg,oracle
terrain/之.svg,terrain/之.oracle.svg,oracle
terrain/致.svg,terrain/致.bronze.svg,bronze
terrain/州.svg,terrain/州.oracle.svg,oracle
terrain/洲.svg,terrain/洲.oracle.svg,oracle
terrain/珠.svg,terrain/珠.seal.svg,seal
ui/齿.svg,ui/齿.oracle.svg,oracle
ui/旦.svg,ui/旦.oracle.svg,oracle
ui/否.svg,ui/否.bronze.svg,bronze
ui/戒.svg,ui/戒.oracle.svg,oracle
ui/可.svg,ui/可.oracle.svg,oracle
ui/日.svg,ui/日.oracle.svg,oracle
ui/讯.svg,ui/讯.oracle.svg,oracle
ui/乂.svg,ui/乂.oracle.svg,oracle
unitabilities/能.svg,unitabilities/能.bronze.svg,bronze
units/阿.svg,units/阿.bronze.svg,bronze
units/埃.svg,units/埃.seal.svg,seal
units/艾.svg,units/艾.seal.svg,seal
units/安.svg,units/安.oracle.svg,oracle
units/暗.svg,units/暗.seal.svg,seal
units/奥.svg,units/奥.seal.svg,seal
units/澳.svg,units/澳.seal.svg,seal
units/巴.svg,units/巴.oracle.svg,oracle
units/白.svg,units/白.oracle.svg,oracle
units/拜.svg,units/拜.bronze.svg,bronze
units/班.svg,units/班.bronze.svg,bronze
units/板.svg,units/板.seal.svg,seal
units/榜.svg,units/榜.seal.svg,seal
units/雹.svg,units/雹.oracle.svg,oracle
units/宝.svg,units/宝.oracle.svg,oracle
units/堡.svg,units/堡.oracle.svg,oracle
units/报.svg,units/报.bronze.svg,bronze
units/卑.svg,units/卑.bronze.svg,bronze
units/悲.svg,units/悲.seal.svg,seal
units/贝.svg,units/贝.oracle.svg,oracle
units/备.svg,units/备.oracle.svg,oracle
units/本.svg,units/本.bronze.svg,bronze
units/比.svg,units/比.oracle.svg,oracle
units/必.svg,units/必.oracle.svg,oracle
units/蔽.svg,units/蔽.seal.svg,seal
units/壁.svg,units/壁.seal.svg,seal
units/边.svg,units/边.oracle.svg,oracle
units/编.svg,units/编.seal.svg,seal
units/鞭.svg,units/鞭.bronze.svg,bronze
units/变.svg,units/变.bronze.svg,bronze
units/标.svg,units/标.seal.svg,seal
units/骠.svg,units/骠.seal.svg,seal
units/滨.svg,units/滨.bronze.svg,bronze
units/冰.svg,units/冰.bronze.svg,bronze
units/兵.svg,units/兵.oracle.svg,oracle
units/病.svg,units/病.seal.svg,seal
units/波.svg,units/波.seal.svg,seal
units/播.svg,units/播.bronze.svg,bronze
units/伯.svg,units/伯.oracle.svg,oracle
units/博.svg,units/博.bronze.svg,bronze
units/卜.svg,units/卜.oracle.svg,oracle
units/补.svg,units/补.seal.svg,seal
units/捕.svg,units/捕.seal.svg,seal
units/布.svg,units/布.bronze.svg,bronze
units/步.svg,units/步.oracle.svg,oracle
units/部.svg,units/部.seal.svg,seal
units/材.svg,units/材.seal.svg,seal
units/采.svg,units/采.oracle.svg,oracle
units/彩.svg,units/彩.seal.svg,seal
units/参.svg,units/参.bronze.svg,bronze
units/藏.svg,units/藏.bronze.svg,bronze
units/操.svg,units/操.seal.svg,seal
units/测.svg,units/测.bronze.svg,bronze
units/查.svg,units/查.seal.svg,seal
units/茶.svg,units/茶.seal.svg,seal
units/察.svg,units/察.bronze.svg,bronze
units/差.svg,units/差.bronze.svg,bronze
units/产.svg,units/产.bronze.svg,bronze
units/厂.svg,units/厂.bronze.svg,bronze
units/场.svg,units/场.seal.svg,seal
units/朝.svg,units/朝.oracle.svg,oracle
units/车.svg,units/车.oracle.svg,oracle
units/称.svg,units/称.seal.svg,seal
units/成.svg,units/成.oracle.svg,oracle
units/城.svg,units/城.bronze.svg,bronze
units/程.svg,units/程.bronze.svg,bronze
units/持.svg,units/持.bronze.svg,bronze
units/崇.svg,units/崇.seal.svg,seal
units/宠.svg,units/宠.bronze.svg,bronze
units/出.svg,units/出.oracle.svg,oracle
units/除.svg,units/除.seal.svg,seal
units/厨.svg,units/厨.bronze.svg,bronze
units/处.svg,units/处.oracle.svg,oracle
units/传.svg,units/传.oracle.svg,oracle
units/船.svg,units/船.bronze.svg,bronze
units/创.svg,units/创.bronze.svg,bronze
units/槌.svg,units/槌.seal.svg,seal
units/锤.svg,units/锤.seal.svg,seal
units/粗.svg,units/粗.seal.svg,seal
units/村.svg,units/村.bronze.svg,bronze
units/达.svg,units/达.oracle.svg,oracle
units/打.svg,units/打.seal.svg,seal
units/大.svg,units/大.oracle.svg,oracle
units/代.svg,units/代.seal.svg,seal
units/待.svg,units/待.bronze.svg,bronze
units/单.svg,units/单.oracle.svg,oracle
units/弹.svg,units/弹.oracle.svg,oracle
units/导.svg,units/导.seal.svg,seal
units/岛.svg,units/岛.seal.svg,seal
units/盗.svg,units/盗.oracle.svg,oracle
units/道.svg,units/道.bronze.svg,bronze
units/德.svg,units/德.oracle.svg,oracle
units/地.svg,units/地.bronze.svg,bronze
units/等.svg,units/等.seal.svg,seal
units/帝.svg,units/帝.oracle.svg,oracle
units/第.svg,units/第.oracle.svg,oracle
units/蒂.svg,units/蒂.seal.svg,seal
units/典.svg,units/典.oracle.svg,oracle
units/电.svg,units/电.bronze.svg,bronze
units/调.svg,units/调.seal.svg,seal
units/谍.svg,units/谍.seal.svg,seal
units/顶.svg,units/顶.bronze.svg,bronze
units/定.svg,units/定.oracle.svg,oracle
units/动.svg,units/动.bronze.svg,bronze
units/斗.svg,units/斗.oracle.svg,oracle
units/度.svg,units/度.oracle.svg,oracle
units/端.svg,units/端.seal.svg,seal
units/队.svg,units/队.oracle.svg,oracle
units/囤.svg,units/囤.seal.svg,seal
units/盾.svg,units/盾.oracle.svg,oracle
units/顿.svg,units/顿.seal.svg,seal
units/多.svg,units/多.oracle.svg,oracle
units/夺.svg,units/夺.bronze.svg,bronze
units/俄.svg,units/俄.seal.svg,seal
units/饿.svg,units/饿.seal.svg,seal
units/尔.svg,units/尔.bronze.svg,bronze
units/发.svg,units/发.oracle.svg,oracle
units/法.svg,units/法.bronze.svg,bronze
units/帆.svg,units/帆.seal.svg,seal
units/反.svg,units/反.oracle.svg,oracle
units/范.svg,units/范.bronze.svg,bronze
units/防.svg,units/防.seal.svg,seal
units/房.svg,units/房.seal.svg,seal
units/放.svg,units/放.bronze.svg,bronze
units/飞.svg,units/飞.seal.svg,seal
units/非.svg,units/非.oracle.svg,oracle
units/菲.svg,units/菲.seal.svg,seal
units/腓.svg,units/腓.seal.svg,seal
units/费.svg,units/费.bronze.svg,bronze
units/焚.svg,units/焚.oracle.svg,oracle
units/风.svg,units/风.oracle.svg,oracle
units/夫.svg,units/夫.oracle.svg,oracle
units/服.svg,units/服.oracle.svg,oracle
units/符.svg,units/符.bronze.svg,bronze
units/甫.svg,units/甫.oracle.svg,oracle
units/复.svg,units/复.oracle.svg,oracle
units/改.svg,units/改.oracle.svg,oracle
units/盖.svg,units/盖.oracle.svg,oracle
units/甘.svg,units/甘.oracle.svg,oracle
units/干.svg,units/干.oracle.svg,oracle
units/刚.svg,units/刚.oracle.svg,oracle
units/高.svg,units/高.oracle.svg,oracle
units/戈.svg,units/戈.oracle.svg,oracle
units/哥.svg,units/哥.seal.svg,seal
units/格.svg,units/格.bronze.svg,bronze
units/给.svg,units/给.seal.svg,seal
units/工.svg,units/工.oracle.svg,oracle
units/弓.svg,units/弓.oracle.svg,oracle
units/公.svg,units/公.oracle.svg,oracle
units/功.svg,units/功.bronze.svg,bronze
units/攻.svg,units/攻.bronze.svg,bronze
units/供.svg,units/供.seal.svg,seal
units/狗.svg,units/狗.bronze.svg,bronze
units/构.svg,units/构.seal.svg,seal
units/古.svg,units/古.oracle.svg,oracle
units/股.svg,units/股.bronze.svg,bronze
units/观.svg,units/观.oracle.svg,oracle
units/官.svg,units/官.oracle.svg,oracle
units/馆.svg,units/馆.seal.svg,seal
units/规.svg,units/规.bronze.svg,bronze
units/轨.svg,units/轨.bronze.svg,bronze
units/鬼.svg,units/鬼.oracle.svg,oracle
units/滚.svg,units/滚.seal.svg,seal
units/国.svg,units/国.bronze.svg,bronze
units/果.svg,units/果.bronze.svg,bronze
units/过.svg,units/过.bronze.svg,bronze
units/海.svg,units/海.bronze.svg,bronze
units/害.svg,units/害.bronze.svg,bronze
units/韩.svg,units/韩.bronze.svg,bronze
units/杭.svg,units/杭.seal.svg,seal
units/航.svg,units/航.seal.svg,seal
units/好.svg,units/好.oracle.svg,oracle
units/号.svg,units/号.bronze.svg,bronze
units/合.svg,units/合.oracle.svg,oracle
units/核.svg,units/核.seal.svg,seal
units/赫.svg,units/赫.seal.svg,seal
units/黑.svg,units/黑.oracle.svg,oracle
units/轰.svg,units/轰.seal.svg,seal
units/红.svg,units/红.seal.svg,seal
units/虹.svg,units/虹.oracle.svg,oracle
units/忽.svg,units/忽.bronze.svg,bronze
units/胡.svg,units/胡.bronze.svg,bronze
units/虎.svg,units/虎.oracle.svg,oracle
units/户.svg,units/户.oracle.svg,oracle
units/护.svg,units/护.seal.svg,seal
units/花.svg,units/花.seal.svg,seal
units/华.svg,units/华.seal.svg,seal
units/滑.svg,units/滑.bronze.svg,bronze
units/化.svg,units/化.oracle.svg,oracle
units/怀.svg,units/怀.bronze.svg,bronze
units/坏.svg,units/坏.bronze.svg,bronze
units/唤.svg,units/唤.seal.svg,seal
units/换.svg,units/换.seal.svg,seal
units/痪.svg,units/痪.seal.svg,seal
units/皇.svg,units/皇.oracle.svg,oracle
units/黄.svg,units/黄.oracle.svg,oracle
units/恢.svg,units/恢.seal.svg,seal
units/挥.svg,units/挥.bronze.svg,bronze
units/毁.svg,units/毁.bronze.svg,bronze
units/活.svg,units/活.seal.svg,seal
units/火.svg,units/火.oracle.svg,oracle
units/获.svg,units/获.oracle.svg,oracle
units/击.svg,units/击.seal.svg,seal
units/饥.svg,units/饥.seal.svg,seal
units/机.svg,units/机.seal.svg,seal
units/积.svg,units/积.bronze.svg,bronze
units/基.svg,units/基.oracle.svg,oracle
units/激.svg,units/激.seal.svg,seal
units/吉.svg,units/吉.oracle.svg,oracle
units/级.svg,units/级.seal.svg,seal
units/计.svg,units/计.seal.svg,seal
units/纪.svg,units/纪.bronze.svg,bronze
units/技.svg,units/技.seal.svg,seal
units/季.svg,units/季.oracle.svg,oracle
units/迹.svg,units/迹.bronze.svg,bronze
units/祭.svg,units/祭.oracle.svg,oracle
units/加.svg,units/加.bronze.svg,bronze
units/家.svg,units/家.oracle.svg,oracle
units/甲.svg,units/甲.oracle.svg,oracle
units/假.svg,units/假.seal.svg,seal
units/间.svg,units/间.bronze.svg,bronze
units/监.svg,units/监.oracle.svg,oracle
units/简.svg,units/简.bronze.svg,bronze
units/建.svg,units/建.oracle.svg,oracle
units/剑.svg,units/剑.bronze.svg,bronze
units/舰.svg,units/舰.seal.svg,seal
units/箭.svg,units/箭.bronze.svg,bronze
units/僵.svg,units/僵.seal.svg,seal
units/疆.svg,units/疆.oracle.svg,oracle
units/交.svg,units/交.seal.svg,seal
units/较.svg,units/较.bronze.svg,bronze
units/教.svg,units/教.oracle.svg,oracle
units/阶.svg,units/阶.oracle.svg,oracle
units/劫.svg,units/劫.seal.svg,seal
units/杰.svg,units/杰.seal.svg,seal
units/金.svg,units/金.bronze.svg,bronze
units/进.svg,units/进.oracle.svg,oracle
units/禁.svg,units/禁.seal.svg,seal
units/京.svg,units/京.oracle.svg,oracle
units/经.svg,units/经.bronze.svg,bronze
units/井.svg,units/井.oracle.svg,oracle
units/阱.svg,units/阱.seal.svg,seal
units/景.svg,units/景.seal.svg,seal
units/警.svg,units/警.seal.svg,seal
units/究.svg,units/究.bronze.svg,bronze
units/酒.svg,units/酒.oracle.svg,oracle
units/居.svg,units/居.bronze.svg,bronze
units/巨.svg,units/巨.bronze.svg,bronze
units/惧.svg,units/惧.bronze.svg,bronze
units/捐.svg,units/捐.seal.svg,seal
units/掘.svg,units/掘.seal.svg,seal
units/军.svg,units/军.bronze.svg,bronze
units/卡.svg,units/卡.seal.svg,seal
units/开.svg,units/开.seal.svg,seal
units/考.svg,units/考.oracle.svg,oracle
units/科.svg,units/科.seal.svg,seal
units/克.svg,units/克.oracle.svg,oracle
units/客.svg,units/客.bronze.svg,bronze
units/课.svg,units/课.seal.svg,seal
units/空.svg,units/空.bronze.svg,bronze
units/恐.svg,units/恐.bronze.svg,bronze
units/库.svg,units/库.bronze.svg,bronze
units/狂.svg,units/狂.oracle.svg,oracle
units/矿.svg,units/矿.seal.svg,seal
units/盔.svg,units/盔.oracle.svg,oracle
units/扩.svg,units/扩.seal.svg,seal
units/阔.svg,units/阔.bronze.svg,bronze
units/拉.svg,units/拉.seal.svg,seal
units/腊.svg,units/腊.oracle.svg,oracle
units/来.svg,units/来.oracle.svg,oracle
units/莱.svg,units/莱.seal.svg,seal
units/兰.svg,units/兰.seal.svg,seal
units/浪.svg,units/浪.seal.svg,seal
units/乐.svg,units/乐.oracle.svg,oracle
units/雷.svg,units/雷.oracle.svg,oracle
units/垒.svg,units/垒.seal.svg,seal
units/礼.svg,units/礼.oracle.svg,oracle
units/里.svg,units/里.bronze.svg,bronze
units/力.svg,units/力.oracle.svg,oracle
units/历.svg,units/历.seal.svg,seal
units/丽.svg,units/丽.oracle.svg,oracle
units/利.svg,units/利.oracle.svg,oracle
units/联.svg,units/联.oracle.svg,oracle
units/良.svg,units/良.oracle.svg,oracle
units/疗.svg,units/疗.seal.svg,seal
units/料.svg,units/料.bronze.svg,bronze
units/列.svg,units/列.bronze.svg,bronze
units/烈.svg,units/烈.seal.svg,seal
units/林.svg,units/林.oracle.svg,oracle
units/琳.svg,units/琳.seal.svg,seal
units/领.svg,units/领.seal.svg,seal
units/令.svg,units/令.oracle.svg,oracle
units/流.svg,units/流.bronze.svg,bronze
units/龙.svg,units/龙.oracle.svg,oracle
units/卢.svg,units/卢.oracle.svg,oracle
units/鲁.svg,units/鲁.oracle.svg,oracle
units/陆.svg,units/陆.oracle.svg,oracle
units/路.svg,units/路.bronze.svg,bronze
units/露.svg,units/露.seal.svg,seal
units/吕.svg,units/吕.oracle.svg,oracle
units/旅.svg,units/旅.oracle.svg,oracle
units/乱.svg,units/乱.bronze.svg,bronze
units/掠.svg,units/掠.seal.svg,seal
units/略.svg,units/略.seal.svg,seal
units/伦.svg,units/伦.seal.svg,seal
units/罗.svg,units/罗.oracle.svg,oracle
units/洛.svg,units/洛.bronze.svg,bronze
units/马.svg,units/马.oracle.svg,oracle
units/玛.svg,units/玛.oracle.svg,oracle
units/蛮.svg,units/蛮.bronze.svg,bronze
units/曼.svg,units/曼.oracle.svg,oracle
units/毛.svg,units/毛.bronze.svg,bronze
units/矛.svg,units/矛.bronze.svg,bronze
units/贸.svg,units/贸.bronze.svg,bronze
units/没.svg,units/没.seal.svg,seal
units/梅.svg,units/梅.bronze.svg,bronze
units/美.svg,units/美.oracle.svg,oracle
units/蒙.svg,units/蒙.bronze.svg,bronze
units/弥.svg,units/弥.bronze.svg,bronze
units/迷.svg,units/迷.seal.svg,seal
units/米.svg,units/米.oracle.svg,oracle
units/眠.svg,units/眠.seal.svg,seal
units/棉.svg,units/棉.seal.svg,seal
units/面.svg,units/面.oracle.svg,oracle
units/灭.svg,units/灭.bronze.svg,bronze
units/民.svg,units/民.oracle.svg,oracle
units/名.svg,units/名.oracle.svg,oracle
units/明.svg,units/明.oracle.svg,oracle
units/冥.svg,units/冥.seal.svg,seal
units/命.svg,units/命.oracle.svg,oracle
units/模.svg,units/模.seal.svg,seal
units/摩.svg,units/摩.seal.svg,seal
units/莫.svg,units/莫.oracle.svg,oracle
units/母.svg,units/母.oracle.svg,oracle
units/姆.svg,units/姆.bronze.svg,bronze
units/木.svg,units/木.oracle.svg,oracle
units/目.svg,units/目.oracle.svg,oracle
units/牧.svg,units/牧.oracle.svg,oracle
units/募.svg,units/募.seal.svg,seal
units/穆.svg,units/穆.oracle.svg,oracle
units/拿.svg,units/拿.bronze.svg,bronze
units/纳.svg,units/纳.bronze.svg,bronze
units/男.svg,units/男.oracle.svg,oracle
units/南.svg,units/南.oracle.svg,oracle
units/难.svg,units/难.bronze.svg,bronze
units/瑙.svg,units/瑙.seal.svg,seal
units/能.svg,units/能.bronze.svg,bronze
units/尼.svg,units/尼.seal.svg,seal
units/农.svg,units/农.oracle.svg,oracle
units/努.svg,units/努.seal.svg,seal
units/弩.svg,units/弩.bronze.svg,bronze
units/女.svg,units/女.oracle.svg,oracle
units/挪.svg,units/挪.seal.svg,seal
units/牌.svg,units/牌.seal.svg,seal
units/判.svg,units/判.seal.svg,seal
units/炮.svg,units/炮.seal.svg,seal
units/培.svg,units/培.seal.svg,seal
units/配.svg,units/配.oracle.svg,oracle
units/喷.svg,units/喷.seal.svg,seal
units/皮.svg,units/皮.bronze.svg,bronze
units/辟.svg,units/辟.oracle.svg,oracle
units/平.svg,units/平.bronze.svg,bronze
units/屏.svg,units/屏.seal.svg,seal
units/破.svg,units/破.seal.svg,seal
units/葡.svg,units/葡.oracle.svg,oracle
units/普.svg,units/普.seal.svg,seal
units/期.svg,units/期.bronze.svg,bronze
units/其.svg,units/其.oracle.svg,oracle
units/奇.svg,units/奇.seal.svg,seal
units/骑.svg,units/骑.bronze.svg,bronze
units/启.svg,units/启.oracle.svg,oracle
units/起.svg,units/起.seal.svg,seal
units/气.svg,units/气.oracle.svg,oracle
units/器.svg,units/器.bronze.svg,bronze
units/潜.svg,units/潜.seal.svg,seal
units/谴.svg,units/谴.bronze.svg,bronze
units/枪.svg,units/枪.seal.svg,seal
units/强.svg,units/强.seal.svg,seal
units/墙.svg,units/墙.oracle.svg,oracle
units/抢.svg,units/抢.bronze.svg,bronze
units/切.svg,units/切.seal.svg,seal
units/窃.svg,units/窃.seal.svg,seal
units/亲.svg,units/亲.bronze.svg,bronze
units/轻.svg,units/轻.seal.svg,seal
units/清.svg,units/清.bronze.svg,bronze
units/情.svg,units/情.seal.svg,seal
units/丘.svg,units/丘.oracle.svg,oracle
units/球.svg,units/球.seal.svg,seal
units/区.svg,units/区.oracle.svg,oracle
units/驱.svg,units/驱.bronze.svg,bronze
units/取.svg,units/取.oracle.svg,oracle
units/然.svg,units/然.bronze.svg,bronze
units/染.svg,units/染.seal.svg,seal
units/扰.svg,units/扰.bronze.svg,bronze
units/绕.svg,units/绕.seal.svg,seal
units/热.svg,units/热.seal.svg,seal
units/人.svg,units/人.oracle.svg,oracle
units/任.svg,units/任.oracle.svg,oracle
units/日.svg,units/日.oracle.svg,oracle
units/入.svg,units/入.oracle.svg,oracle
units/瑞.svg,units/瑞.seal.svg,seal
units/弱.svg,units/弱.seal.svg,seal
units/萨.svg,units/萨.seal.svg,seal
units/塞.svg,units/塞.oracle.svg,oracle
units/赛.svg,units/赛.seal.svg,seal
units/散.svg,units/散.oracle.svg,oracle
units/色.svg,units/色.bronze.svg,bronze
units/瑟.svg,units/瑟.seal.svg,seal
units/僧.svg,units/僧.seal.svg,seal
units/杀.svg,units/杀.bronze.svg,bronze
units/山.svg,units/山.oracle.svg,oracle
units/删.svg,units/删.seal.svg,seal
units/善.svg,units/善.bronze.svg,bronze
units/伤.svg,units/伤.seal.svg,seal
units/商.svg,units/商.oracle.svg,oracle
units/尚.svg,units/尚.bronze.svg,bronze
units/烧.svg,units/烧.seal.svg,seal
units/舍.svg,units/舍.bronze.svg,bronze
units/设.svg,units/设.seal.svg,seal
units/射.svg,units/射.oracle.svg,oracle
units/身.svg,units/身.oracle.svg,oracle
units/什.svg,units/什.seal.svg,seal
units/神.svg,units/神.bronze.svg,bronze
units/审.svg,units/审.bronze.svg,bronze
units/升.svg,units/升.oracle.svg,oracle
units/生.svg,units/生.oracle.svg,oracle
units/声.svg,units/声.oracle.svg,oracle
units/牲.svg,units/牲.oracle.svg,oracle
units/省.svg,units/省.oracle.svg,oracle
units/圣.svg,units/圣.oracle.svg,oracle
units/尸.svg,units/尸.oracle.svg,oracle
units/师.svg,units/师.oracle.svg,oracle
units/狮.svg,units/狮.oracle.svg,oracle
units/石.svg,units/石.oracle.svg,oracle
units/时.svg,units/时.bronze.svg,bronze
units/使.svg,units/使.oracle.svg,oracle
units/士.svg,units/士.bronze.svg,bronze
units/世.svg,units/世.bronze.svg,bronze
units/市.svg,units/市.oracle.svg,oracle
units/式.svg,units/式.seal.svg,seal
units/事.svg,units/事.oracle.svg,oracle
units/势.svg,units/势.seal.svg,seal
units/视.svg,units/视.oracle.svg,oracle
units/释.svg,units/释.oracle.svg,oracle
units/收.svg,units/收.seal.svg,seal
units/手.svg,units/手.bronze.svg,bronze
units/首.svg,units/首.oracle.svg,oracle
units/授.svg,units/授.seal.svg,seal
units/殊.svg,units/殊.oracle.svg,oracle
units/署.svg,units/署.seal.svg,seal
units/术.svg,units/术.oracle.svg,oracle
units/双.svg,units/双.oracle.svg,oracle
units/睡.svg,units/睡.seal.svg,seal
units/司.svg,units/司.oracle.svg,oracle
units/私.svg,units/私.bronze.svg,bronze
units/斯.svg,units/斯.bronze.svg,bronze
units/死.svg,units/死.oracle.svg,oracle
units/四.svg,units/四.oracle.svg,oracle
units/送.svg,units/送.bronze.svg,bronze
units/苏.svg,units/苏.bronze.svg,bronze
units/随.svg,units/随.seal.svg,seal
units/隧.svg,units/隧.oracle.svg,oracle
units/索.svg,units/索.oracle.svg,oracle
units/塔.svg,units/塔.seal.svg,seal
units/台.svg,units/台.bronze.svg,bronze
units/太.svg,units/太.seal.svg,seal
units/泰.svg,units/泰.seal.svg,seal
units/滩.svg,units/滩.bronze.svg,bronze
units/瘫.svg,units/瘫.seal.svg,seal
units/坦.svg,units/坦.seal.svg,seal
units/探.svg,units/探.seal.svg,seal
units/堂.svg,units/堂.bronze.svg,bronze
units/糖.svg,units/糖.seal.svg,seal
units/萄.svg,units/萄.seal.svg,seal
units/忒.svg,units/忒.seal.svg,seal
units/特.svg,units/特.seal.svg,seal
units/梯.svg,units/梯.seal.svg,seal
units/提.svg,units/提.seal.svg,seal
units/体.svg,units/体.bronze.svg,bronze
units/天.svg,units/天.oracle.svg,oracle
units/田.svg,units/田.oracle.svg,oracle
units/条.svg,units/条.seal.svg,seal
units/跳.svg,units/跳.seal.svg,seal
units/铁.svg,units/铁.seal.svg,seal
units/听.svg,units/听.oracle.svg,oracle
units/庭.svg,units/庭.bronze.svg,bronze
units/停.svg,units/停.seal.svg,seal
units/艇.svg,units/艇.seal.svg,seal
units/统.svg,units/统.seal.svg,seal
units/头.svg,units/头.bronze.svg,bronze
units/投.svg,units/投.seal.svg,seal
units/突.svg,units/突.oracle.svg,oracle
units/图.svg,units/图.bronze.svg,bronze
units/徒.svg,units/徒.oracle.svg,oracle
units/土.svg,units/土.oracle.svg,oracle
units/团.svg,units/团.bronze.svg,bronze
units/退.svg,units/退.oracle.svg,oracle
units/托.svg,units/托.oracle.svg,oracle
units/挖.svg,units/挖.seal.svg,seal
units/瓦.svg,units/瓦.seal.svg,seal
units/完.svg,units/完.seal.svg,seal
units/亡.svg,units/亡.oracle.svg,oracle
units/网.svg,units/网.oracle.svg,oracle
units/威.svg,units/威.bronze.svg,bronze
units/韦.svg,units/韦.oracle.svg,oracle
units/围.svg,units/围.bronze.svg,bronze
units/桅.svg,units/桅.seal.svg,seal
units/维.svg,units/维.bronze.svg,bronze
units/伟.svg,units/伟.seal.svg,seal
units/卫.svg,units/卫.oracle.svg,oracle
units/未.svg,units/未.oracle.svg,oracle
units/位.svg,units/位.bronze.svg,bronze
units/瘟.svg,units/瘟.seal.svg,seal
units/文.svg,units/文.oracle.svg,oracle
units/卧.svg,units/卧.seal.svg,seal
units/污.svg,units/污.bronze.svg,bronze
units/巫.svg,units/巫.oracle.svg,oracle
units/屋.svg,units/屋.seal.svg,seal
units/武.svg,units/武.oracle.svg,oracle
units/务.svg,units/务.bronze.svg,bronze
units/物.svg,units/物.oracle.svg,oracle
units/悟.svg,units/悟.seal.svg,seal
units/吸.svg,units/吸.seal.svg,seal
units/西.svg,units/西.oracle.svg,oracle
units/希.svg,units/希.seal.svg,seal
units/息.svg,units/息.bronze.svg,bronze
units/牺.svg,units/牺.seal.svg,seal
units/席.svg,units/席.bronze.svg,bronze
units/袭.svg,units/袭.bronze.svg,bronze
units/洗.svg,units/洗.seal.svg,seal
units/侠.svg,units/侠.seal.svg,seal
units/先.svg,units/先.oracle.svg,oracle
units/鲜.svg,units/鲜.bronze.svg,bronze
units/险.svg,units/险.seal.svg,seal
units/现.svg,units/现.oracle.svg,oracle
units/线.svg,units/线.seal.svg,seal
units/陷.svg,units/陷.oracle.svg,oracle
units/想.svg,units/想.bronze.svg,bronze
units/项.svg,units/项.seal.svg,seal
units/像.svg,units/像.seal.svg,seal
units/消.svg,units/消.seal.svg,seal
units/小.svg,units/小.oracle.svg,oracle
units/邪.svg,units/邪.bronze.svg,bronze
units/写.svg,units/写.seal.svg,seal
units/械.svg,units/械.seal.svg,seal
units/辛.svg,units/辛.oracle.svg,oracle
units/新.svg,units/新.oracle.svg,oracle
units/信.svg,units/信.bronze.svg,bronze
units/星.svg,units/星.oracle.svg,oracle
units/行.svg,units/行.oracle.svg,oracle
units/形.svg,units/形.seal.svg,seal
units/型.svg,units/型.bronze.svg,bronze
units/醒.svg,units/醒.seal.svg,seal
units/兴.svg,units/兴.oracle.svg,oracle
units/性.svg,units/性.bronze.svg,bronze
units/匈.svg,units/匈.seal.svg,seal
units/胸.svg,units/胸.seal.svg,seal
units/雄.svg,units/雄.seal.svg,seal
units/修.svg,units/修.seal.svg,seal
units/朽.svg,units/朽.bronze.svg,bronze
units/虚.svg,units/虚.seal.svg,seal
units/选.svg,units/选.oracle.svg,oracle
units/学.svg,units/学.oracle.svg,oracle
units/雪.svg,units/雪.oracle.svg,oracle
units/血.svg,units/血.oracle.svg,oracle
units/巡.svg,units/巡.bronze.svg,bronze
units/训.svg,units/训.bronze.svg,bronze
units/讯.svg,units/讯.oracle.svg,oracle
units/牙.svg,units/牙.bronze.svg,bronze
units/雅.svg,units/雅.seal.svg,seal
units/亚.svg,units/亚.oracle.svg,oracle
units/岩.svg,units/岩.seal.svg,seal
units/沿.svg,units/沿.seal.svg,seal
units/研.svg,units/研.seal.svg,seal
units/阳.svg,units/阳.oracle.svg,oracle
units/洋.svg,units/洋.seal.svg,seal
units/仰.svg,units/仰.seal.svg,seal
units/摇.svg,units/摇.seal.svg,seal
units/野.svg,units/野.oracle.svg,oracle
units/业.svg,units/业.bronze.svg,bronze
units/伊.svg,units/伊.oracle.svg,oracle
units/衣.svg,units/衣.oracle.svg,oracle
units/医.svg,units/医.seal.svg,seal
units/夷.svg,units/夷.oracle.svg,oracle
units/移.svg,units/移.seal.svg,seal
units/义.svg,units/义.oracle.svg,oracle
units/艺.svg,units/艺.oracle.svg,oracle
units/议.svg,units/议.bronze.svg,bronze
units/异.svg,units/异.seal.svg,seal
units/易.svg,units/易.oracle.svg,oracle
units/疫.svg,units/疫.seal.svg,seal
units/益.svg,units/益.oracle.svg,oracle
units/意.svg,units/意.seal.svg,seal
units/裔.svg,units/裔.bronze.svg,bronze
units/翼.svg,units/翼.oracle.svg,oracle
units/因.svg,units/因.oracle.svg,oracle
units/音.svg,units/音.bronze.svg,bronze
units/印.svg,units/印.oracle.svg,oracle
units/应.svg,units/应.bronze.svg,bronze
units/英.svg,units/英.bronze.svg,bronze
units/鹰.svg,units/鹰.bronze.svg,bronze
units/营.svg,units/营.bronze.svg,bronze
units/用.svg,units/用.oracle.svg,oracle
units/油.svg,units/油.bronze.svg,bronze
units/游.svg,units/游.oracle.svg,oracle
units/友.svg,units/友.oracle.svg,oracle
units/渔.svg,units/渔.oracle.svg,oracle
units/予.svg,units/予.bronze.svg,bronze
units/语.svg,units/语.bronze.svg,bronze
units/域.svg,units/域.bronze.svg,bronze
units/御.svg,units/御.oracle.svg,oracle
units/愈.svg,units/愈.bronze.svg,bronze
units/元.svg,units/元.oracle.svg,oracle
units/员.svg,units/员.oracle.svg,oracle
units/园.svg,units/园.seal.svg,seal
units/原.svg,units/原.bronze.svg,bronze
units/圆.svg,units/圆.seal.svg,seal
units/源.svg,units/源.seal.svg,seal
units/院.svg,units/院.seal.svg,seal
units/愿.svg,units/愿.seal.svg,seal
units/跃.svg,units/跃.seal.svg,seal
units/越.svg,units/越.bronze.svg,bronze
units/运.svg,units/运.seal.svg,seal
units/灾.svg,units/灾.oracle.svg,oracle
units/再.svg,units/再.oracle.svg,oracle
units/凿.svg,units/凿.oracle.svg,oracle
units/造.svg,units/造.bronze.svg,bronze
units/则.svg,units/则.bronze.svg,bronze
units/择.svg,units/择.bronze.svg,bronze
units/泽.svg,units/泽.seal.svg,seal
units/责.svg,units/责.oracle.svg,oracle
units/贼.svg,units/贼.bronze.svg,bronze
units/增.svg,units/增.bronze.svg,bronze
units/赠.svg,units/赠.seal.svg,seal
units/炸.svg,units/炸.bronze.svg,bronze
units/展.svg,units/展.seal.svg,seal
units/占.svg,units/占.oracle.svg,oracle
units/战.svg,units/战.bronze.svg,bronze
units/站.svg,units/站.seal.svg,seal
units/张.svg,units/张.bronze.svg,bronze
units/长.svg,units/长.oracle.svg,oracle
units/招.svg,units/招.seal.svg,seal
units/着.svg,units/着.seal.svg,seal
units/侦.svg,units/侦.seal.svg,seal
units/争.svg,units/争.oracle.svg,oracle
units/征.svg,units/征.oracle.svg,oracle
units/整.svg,units/整.bronze.svg,bronze
units/之.svg,units/之.oracle.svg,oracle
units/知.svg,units/知.bronze.svg,bronze
units/直.svg,units/直.oracle.svg,oracle
units/植.svg,units/植.bronze.svg,bronze
units/止.svg,units/止.oracle.svg,oracle
units/指.svg,units/指.seal.svg,seal
units/至.svg,units/至.oracle.svg,oracle
units/制.svg,units/制.bronze.svg,bronze
units/治.svg,units/治.seal.svg,seal
units/致.svg,units/致.bronze.svg,bronze
units/重.svg,units/重.oracle.svg,oracle
units/州.svg,units/州.oracle.svg,oracle
units/洲.svg,units/洲.oracle.svg,oracle
units/逐.svg,units/逐.oracle.svg,oracle
units/主.svg,units/主.oracle.svg,oracle
units/助.svg,units/助.seal.svg,seal
units/注.svg,units/注.oracle.svg,oracle
units/转.svg,units/转.seal.svg,seal
units/庄.svg,units/庄.bronze.svg,bronze
units/装.svg,units/装.seal.svg,seal
units/准.svg,units/准.seal.svg,seal
units/兹.svg,units/兹.oracle.svg,oracle
units/资.svg,units/资.seal.svg,seal
units/子.svg,units/子.oracle.svg,oracle
units/字.svg,units/字.bronze.svg,bronze
units/自.svg,units/自.oracle.svg,oracle
units/宗.svg,units/宗.oracle.svg,oracle
units/总.svg,units/总.seal.svg,seal
units/族.svg,units/族.oracle.svg,oracle
units/组.svg,units/组.bronze.svg,bronze
units/祖.svg,units/祖.oracle.svg,oracle
units/钻.svg,units/钻.seal.svg,seal
units/佐.svg,units/佐.oracle.svg,oracle
units/作.svg,units/作.oracle.svg,oracle
victories/胜.svg,victories/胜.seal.svg,seal
wonders/拜.svg,wonders/拜.bronze.svg,bronze
wonders/比.svg,wonders/比.oracle.svg,oracle
wonders/波.svg,wonders/波.seal.svg,seal
wonders/度.svg,wonders/度.oracle.svg,oracle
wonders/顿.svg,wonders/顿.seal.svg,seal
wonders/高.svg,wonders/高.oracle.svg,oracle
wonders/观.svg,wonders/观.oracle.svg,oracle
wonders/迹.svg,wonders/迹.bronze.svg,bronze
wonders/扩.svg,wonders/扩.seal.svg,seal
wonders/卢.svg,wonders/卢.oracle.svg,oracle
wonders/马.svg,wonders/马.oracle.svg,oracle
wonders/尼.svg,wonders/尼.seal.svg,seal
wonders/努.svg,wonders/努.seal.svg,seal
wonders/葡.svg,wonders/葡.oracle.svg,oracle
wonders/其.svg,wonders/其.oracle.svg,oracle
wonders/奇.svg,wonders/奇.seal.svg,seal
wonders/斯.svg,wonders/斯.bronze.svg,bronze
wonders/萄.svg,wonders/萄.seal.svg,seal
wonders/庭.svg,wonders/庭.bronze.svg,bronze
wonders/西.svg,wonders/西.oracle.svg,oracle
wonders/牙.svg,wonders/牙.bronze.svg,bronze
wonders/亚.svg,wonders/亚.oracle.svg,oracle
wonders/印.svg,wonders/印.oracle.svg,oracle
wonders/占.svg,wonders/占.oracle.svg,oracle
wonders/张.svg,wonders/张.bronze.svg,bronze
worldbuilder/造.svg,worldbuilder/造.bronze.svg,bronze
yields/册.svg,yields/册.oracle.svg,oracle
yields/工.svg,yields/工.oracle.svg,oracle
yields/禾.svg,yields/禾.oracle.svg,oracle
yields/金.svg,yields/金.bronze.svg,bronze
yields/令.svg,yields/令.oracle.svg,oracle
yields/祀.svg,yields/祀.oracle.svg,oracle
yields/文.svg,yields/文.oracle.svg,oracle
yields/言.svg,yields/言.oracle.svg,oracle
